############ BUILD START 2026-07-17T05:42:44Z ############
===== git state =====
573bb39
feat/xiaompen/mega_moe_flydsl_mxfp8

===== submodule init (CK + hipify_torch) =====
Synchronizing submodule url for '3rdparty/composable_kernel'
Synchronizing submodule url for '3rdparty/hipify_torch'
Cloning into '/perf_apps/xiaoming/MegaMoE/3rdparty/composable_kernel'...
Cloning into '/perf_apps/xiaoming/MegaMoE/3rdparty/hipify_torch'...
Submodule path '3rdparty/composable_kernel': checked out '78ae3835a66d725dcf19b4e3877203e4e1aaf4a4'
Submodule path '3rdparty/hipify_torch': checked out '1ea3231415a41c07f9e1f1d41906df08a9af390d'
composable_kernel entries: 44
hipify_torch entries: 10

===== uninstall old primus-turbo =====
Found existing installation: primus_turbo 0.2.0+3cd482d
Uninstalling primus_turbo-0.2.0+3cd482d:
  Successfully uninstalled primus_turbo-0.2.0+3cd482d

===== from-source editable build (compiles ext; NO skip flag) =====
start compile: 05:43:03Z
Using pip 26.0.1 from /opt/venv/lib/python3.12/site-packages/pip (python 3.12)
Obtaining file:///perf_apps/xiaoming/MegaMoE
  Checking if build backend supports build_editable: started
  Running command Checking if build backend supports build_editable
  Checking if build backend supports build_editable: finished with status 'done'
  Preparing editable metadata (pyproject.toml): started
  Running command Preparing editable metadata (pyproject.toml)
  /perf_apps/xiaoming/MegaMoE/3rdparty/hipify_torch/hipify_torch/hipify_python.py:44: FutureWarning: you are using hipify version 1.
  hipify's version 2 behavior will become the default in a later version of torch
    warnings.warn("""you are using hipify version 1.
  [Primus-Turbo] Submodules already initialized.
  [Primus-Turbo Setup] No CXX provided. Defaulting to: /opt/rocm-7.2.1/bin/hipcc
  [Primus-Turbo Setup] CMAKE_CXX_COMPILER set to: /opt/rocm-7.2.1/bin/hipcc
  [Primus-Turbo Setup] CMAKE_HIP_COMPILER set to: /opt/rocm-7.2.1/bin/hipcc
  /perf_apps/xiaoming/MegaMoE/csrc/include/primus_turbo/macros.h -> /perf_apps/xiaoming/MegaMoE/csrc/include/primus_turbo/macros.h [skipped, no changes]
  /perf_apps/xiaoming/MegaMoE/csrc/include/primus_turbo/arch.h -> /perf_apps/xiaoming/MegaMoE/csrc/include/primus_turbo/arch.h [skipped, no changes]
  /perf_apps/xiaoming/MegaMoE/csrc/include/primus_turbo/platform.h -> /perf_apps/xiaoming/MegaMoE/csrc/include/primus_turbo/platform.h [skipped, no changes]
  /perf_apps/xiaoming/MegaMoE/csrc/include/primus_turbo/floating_point_utils.h -> /perf_apps/xiaoming/MegaMoE/csrc/include/primus_turbo/floating_point_utils.h [skipped, no changes]
  /perf_apps/xiaoming/MegaMoE/csrc/include/primus_turbo/float4.h -> /perf_apps/xiaoming/MegaMoE/csrc/include/primus_turbo/float4.h [skipped, no changes]
  /perf_apps/xiaoming/MegaMoE/csrc/include/primus_turbo/float8.h -> /perf_apps/xiaoming/MegaMoE/csrc/include/primus_turbo/float8.h [skipped, no changes]
  /perf_apps/xiaoming/MegaMoE/csrc/include/primus_turbo/dtype.h -> /perf_apps/xiaoming/MegaMoE/csrc/include/primus_turbo/dtype.h [skipped, no changes]
  /perf_apps/xiaoming/MegaMoE/csrc/include/primus_turbo/common.h -> /perf_apps/xiaoming/MegaMoE/csrc/include/primus_turbo/common.h [skipped, no changes]
  /perf_apps/xiaoming/MegaMoE/csrc/include/primus_turbo/deep_ep/configs.h -> /perf_apps/xiaoming/MegaMoE/csrc/include/primus_turbo/deep_ep/configs.h [skipped, no changes]
  /perf_apps/xiaoming/MegaMoE/csrc/kernels/deep_ep/buffer.cuh -> /perf_apps/xiaoming/MegaMoE/csrc/kernels/deep_ep/buffer.cuh [skipped, no changes]
  /perf_apps/xiaoming/MegaMoE/csrc/kernels/deep_ep/launch.cuh -> /perf_apps/xiaoming/MegaMoE/csrc/kernels/deep_ep/launch_hip.cuh [ok]
  /perf_apps/xiaoming/MegaMoE/csrc/kernels/deep_ep/utils.cuh -> /perf_apps/xiaoming/MegaMoE/csrc/kernels/deep_ep/utils_hip.cuh [ok]
  /perf_apps/xiaoming/MegaMoE/csrc/kernels/deep_ep/internode.cu -> /perf_apps/xiaoming/MegaMoE/csrc/kernels/deep_ep/internode.hip [ok]
  /perf_apps/xiaoming/MegaMoE/csrc/kernels/deep_ep/intranode.cu -> /perf_apps/xiaoming/MegaMoE/csrc/kernels/deep_ep/intranode.hip [ok]
  /perf_apps/xiaoming/MegaMoE/csrc/kernels/deep_ep/layout.cu -> /perf_apps/xiaoming/MegaMoE/csrc/kernels/deep_ep/layout.hip [ok]
  /perf_apps/xiaoming/MegaMoE/csrc/include/primus_turbo/deep_ep/api.h -> /perf_apps/xiaoming/MegaMoE/csrc/include/primus_turbo/deep_ep/api.h [skipped, no changes]
  /perf_apps/xiaoming/MegaMoE/csrc/kernels/deep_ep/runtime.cu -> /perf_apps/xiaoming/MegaMoE/csrc/kernels/deep_ep/runtime.hip [ok]
  /perf_apps/xiaoming/MegaMoE/3rdparty/composable_kernel/include/ck_tile/core/config.hpp -> /perf_apps/xiaoming/MegaMoE/3rdparty/composable_kernel/include/ck_tile/core/config.hpp [skipped, no changes]
  /perf_apps/xiaoming/MegaMoE/3rdparty/composable_kernel/include/ck_tile/core/numeric/integer.hpp -> /perf_apps/xiaoming/MegaMoE/3rdparty/composable_kernel/include/ck_tile/core/numeric/integer.hpp [skipped, no changes]
  /perf_apps/xiaoming/MegaMoE/3rdparty/composable_kernel/include/ck_tile/core/numeric/integral_constant.hpp -> /perf_apps/xiaoming/MegaMoE/3rdparty/composable_kernel/include/ck_tile/core/numeric/integral_constant.hpp [skipped, no changes]
  /perf_apps/xiaoming/MegaMoE/3rdparty/composable_kernel/include/ck_tile/core/numeric/numeric.hpp -> /perf_apps/xiaoming/MegaMoE/3rdparty/composable_kernel/include/ck_tile/core/numeric/numeric.hpp [skipped, no changes]
  /perf_apps/xiaoming/MegaMoE/3rdparty/composable_kernel/include/ck_tile/core/utility/type_traits.hpp -> /perf_apps/xiaoming/MegaMoE/3rdparty/composable_kernel/include/ck_tile/core/utility/type_traits.hpp [skipped, no changes]
  /perf_apps/xiaoming/MegaMoE/3rdparty/composable_kernel/include/ck_tile/core/container/static_array.hpp -> /perf_apps/xiaoming/MegaMoE/3rdparty/composable_kernel/include/ck_tile/core/container/static_array.hpp [skipped, no changes]
  /perf_apps/xiaoming/MegaMoE/3rdparty/composable_kernel/include/ck_tile/core/utility/bit_cast.hpp -> /perf_apps/xiaoming/MegaMoE/3rdparty/composable_kernel/include/ck_tile/core/utility/bit_cast.hpp [skipped, no changes]
  /perf_apps/xiaoming/MegaMoE/3rdparty/composable_kernel/include/ck_tile/core/numeric/half.hpp -> /perf_apps/xiaoming/MegaMoE/3rdparty/composable_kernel/include/ck_tile/core/numeric/half.hpp [skipped, no changes]
  /perf_apps/xiaoming/MegaMoE/3rdparty/composable_kernel/include/ck_tile/core/numeric/bfloat16.hpp -> /perf_apps/xiaoming/MegaMoE/3rdparty/composable_kernel/include/ck_tile/core/numeric/bfloat16.hpp [skipped, no changes]
  /perf_apps/xiaoming/MegaMoE/3rdparty/composable_kernel/include/ck_tile/core/utility/random.hpp -> /perf_apps/xiaoming/MegaMoE/3rdparty/composable_kernel/include/ck_tile/core/utility/random.hpp [skipped, no changes]
  /perf_apps/xiaoming/MegaMoE/3rdparty/composable_kernel/include/ck_tile/core/numeric/float8.hpp -> /perf_apps/xiaoming/MegaMoE/3rdparty/composable_kernel/include/ck_tile/core/numeric/float8_hip.hpp [ok]
  /perf_apps/xiaoming/MegaMoE/3rdparty/composable_kernel/include/ck_tile/core/numeric/int8.hpp -> /perf_apps/xiaoming/MegaMoE/3rdparty/composable_kernel/include/ck_tile/core/numeric/int8_hip.hpp [ok]
  /perf_apps/xiaoming/MegaMoE/3rdparty/composable_kernel/include/ck_tile/core/numeric/mxfp_convert.hpp -> /perf_apps/xiaoming/MegaMoE/3rdparty/composable_kernel/include/ck_tile/core/numeric/mxfp_convert.hpp [skipped, no changes]
  /perf_apps/xiaoming/MegaMoE/3rdparty/composable_kernel/include/ck_tile/core/numeric/pk_fp4.hpp -> /perf_apps/xiaoming/MegaMoE/3rdparty/composable_kernel/include/ck_tile/core/numeric/pk_fp4_hip.hpp [ok]
  /perf_apps/xiaoming/MegaMoE/3rdparty/composable_kernel/include/ck_tile/core/numeric/pk_fp6.hpp -> /perf_apps/xiaoming/MegaMoE/3rdparty/composable_kernel/include/ck_tile/core/numeric/pk_fp6.hpp [skipped, no changes]
  /perf_apps/xiaoming/MegaMoE/3rdparty/composable_kernel/include/ck_tile/core/numeric/type_convert.hpp -> /perf_apps/xiaoming/MegaMoE/3rdparty/composable_kernel/include/ck_tile/core/numeric/type_convert_hip.hpp [ok]
  /perf_apps/xiaoming/MegaMoE/3rdparty/composable_kernel/include/ck_tile/core/numeric/math.hpp -> /perf_apps/xiaoming/MegaMoE/3rdparty/composable_kernel/include/ck_tile/core/numeric/math_hip.hpp [ok]
  /perf_apps/xiaoming/MegaMoE/3rdparty/composable_kernel/include/ck_tile/core/utility/to_sequence.hpp -> /perf_apps/xiaoming/MegaMoE/3rdparty/composable_kernel/include/ck_tile/core/utility/to_sequence_hip.hpp [ok]
  /perf_apps/xiaoming/MegaMoE/3rdparty/composable_kernel/include/ck_tile/core/utility/print.hpp -> /perf_apps/xiaoming/MegaMoE/3rdparty/composable_kernel/include/ck_tile/core/utility/print.hpp [skipped, no changes]
  /perf_apps/xiaoming/MegaMoE/3rdparty/composable_kernel/include/ck_tile/core/container/sequence.hpp -> /perf_apps/xiaoming/MegaMoE/3rdparty/composable_kernel/include/ck_tile/core/container/sequence_hip.hpp [ok]
  /perf_apps/xiaoming/MegaMoE/3rdparty/composable_kernel/include/ck_tile/core/utility/functional.hpp -> /perf_apps/xiaoming/MegaMoE/3rdparty/composable_kernel/include/ck_tile/core/utility/functional_hip.hpp [ok]
  /perf_apps/xiaoming/MegaMoE/3rdparty/composable_kernel/include/ck_tile/core/container/array.hpp -> /perf_apps/xiaoming/MegaMoE/3rdparty/composable_kernel/include/ck_tile/core/container/array_hip.hpp [ok]
  /perf_apps/xiaoming/MegaMoE/3rdparty/composable_kernel/include/ck_tile/core/container/tuple.hpp -> /perf_apps/xiaoming/MegaMoE/3rdparty/composable_kernel/include/ck_tile/core/container/tuple_hip.hpp [ok]
  /perf_apps/xiaoming/MegaMoE/3rdparty/composable_kernel/include/ck_tile/core/container/multi_index.hpp -> /perf_apps/xiaoming/MegaMoE/3rdparty/composable_kernel/include/ck_tile/core/container/multi_index_hip.hpp [ok]
  /perf_apps/xiaoming/MegaMoE/3rdparty/composable_kernel/include/ck_tile/core/container/map.hpp -> /perf_apps/xiaoming/MegaMoE/3rdparty/composable_kernel/include/ck_tile/core/container/map_hip.hpp [ok]
  /perf_apps/xiaoming/MegaMoE/3rdparty/composable_kernel/include/ck_tile/core/container/container_helper.hpp -> /perf_apps/xiaoming/MegaMoE/3rdparty/composable_kernel/include/ck_tile/core/container/container_helper_hip.hpp [ok]
  /perf_apps/xiaoming/MegaMoE/3rdparty/composable_kernel/include/ck_tile/core/utility/magic_div.hpp -> /perf_apps/xiaoming/MegaMoE/3rdparty/composable_kernel/include/ck_tile/core/utility/magic_div_hip.hpp [ok]
  /perf_apps/xiaoming/MegaMoE/3rdparty/composable_kernel/include/ck_tile/core/algorithm/indexing_adaptor.hpp -> /perf_apps/xiaoming/MegaMoE/3rdparty/composable_kernel/include/ck_tile/core/algorithm/indexing_adaptor_hip.hpp [ok]
  /perf_apps/xiaoming/MegaMoE/3rdparty/composable_kernel/include/ck_tile/core/algorithm/coordinate_transform.hpp -> /perf_apps/xiaoming/MegaMoE/3rdparty/composable_kernel/include/ck_tile/core/algorithm/coordinate_transform_hip.hpp [ok]
  /perf_apps/xiaoming/MegaMoE/3rdparty/composable_kernel/include/ck_tile/core/tensor/tensor_adaptor.hpp -> /perf_apps/xiaoming/MegaMoE/3rdparty/composable_kernel/include/ck_tile/core/tensor/tensor_adaptor_hip.hpp [ok]
  /perf_apps/xiaoming/MegaMoE/3rdparty/composable_kernel/include/ck_tile/core/algorithm/cluster_descriptor.hpp -> /perf_apps/xiaoming/MegaMoE/3rdparty/composable_kernel/include/ck_tile/core/algorithm/cluster_descriptor_hip.hpp [ok]
  /perf_apps/xiaoming/MegaMoE/3rdparty/composable_kernel/include/ck_tile/core/container/statically_indexed_array.hpp -> /perf_apps/xiaoming/MegaMoE/3rdparty/composable_kernel/include/ck_tile/core/container/statically_indexed_array_hip.hpp [ok]
  /perf_apps/xiaoming/MegaMoE/3rdparty/composable_kernel/include/ck_tile/core/algorithm/space_filling_curve.hpp -> /perf_apps/xiaoming/MegaMoE/3rdparty/composable_kernel/include/ck_tile/core/algorithm/space_filling_curve_hip.hpp [ok]
  /perf_apps/xiaoming/MegaMoE/3rdparty/composable_kernel/include/ck_tile/core/numeric/pk_int4.hpp -> /perf_apps/xiaoming/MegaMoE/3rdparty/composable_kernel/include/ck_tile/core/numeric/pk_int4_hip.hpp [ok]
  /perf_apps/xiaoming/MegaMoE/3rdparty/composable_kernel/include/ck_tile/core/numeric/e8m0.hpp -> /perf_apps/xiaoming/MegaMoE/3rdparty/composable_kernel/include/ck_tile/core/numeric/e8m0.hpp [skipped, no changes]
  /perf_apps/xiaoming/MegaMoE/3rdparty/composable_kernel/include/ck_tile/core/numeric/vector_type.hpp -> /perf_apps/xiaoming/MegaMoE/3rdparty/composable_kernel/include/ck_tile/core/numeric/vector_type_hip.hpp [ok]
  /perf_apps/xiaoming/MegaMoE/3rdparty/composable_kernel/include/ck_tile/core/container/thread_buffer.hpp -> /perf_apps/xiaoming/MegaMoE/3rdparty/composable_kernel/include/ck_tile/core/container/thread_buffer_hip.hpp [ok]
  /perf_apps/xiaoming/MegaMoE/3rdparty/composable_kernel/include/ck_tile/core/utility/ignore.hpp -> /perf_apps/xiaoming/MegaMoE/3rdparty/composable_kernel/include/ck_tile/core/utility/ignore.hpp [skipped, no changes]
  /perf_apps/xiaoming/MegaMoE/3rdparty/composable_kernel/include/ck_tile/core/arch/amd_buffer_coherence.hpp -> /perf_apps/xiaoming/MegaMoE/3rdparty/composable_kernel/include/ck_tile/core/arch/amd_buffer_coherence.hpp [skipped, no changes]
  /perf_apps/xiaoming/MegaMoE/3rdparty/composable_kernel/include/ck_tile/core/arch/amd_buffer_addressing_builtins.hpp -> /perf_apps/xiaoming/MegaMoE/3rdparty/composable_kernel/include/ck_tile/core/arch/amd_buffer_addressing_builtins_hip.hpp [ok]
  /perf_apps/xiaoming/MegaMoE/3rdparty/composable_kernel/include/ck_tile/core/arch/amd_buffer_addressing.hpp -> /perf_apps/xiaoming/MegaMoE/3rdparty/composable_kernel/include/ck_tile/core/arch/amd_buffer_addressing_hip.hpp [ok]
  /perf_apps/xiaoming/MegaMoE/3rdparty/composable_kernel/include/ck_tile/core/arch/arch.hpp -> /perf_apps/xiaoming/MegaMoE/3rdparty/composable_kernel/include/ck_tile/core/arch/arch_hip.hpp [ok]
  /perf_apps/xiaoming/MegaMoE/3rdparty/composable_kernel/include/ck_tile/core/container/meta_data_buffer.hpp -> /perf_apps/xiaoming/MegaMoE/3rdparty/composable_kernel/include/ck_tile/core/container/meta_data_buffer_hip.hpp [ok]
  /perf_apps/xiaoming/MegaMoE/3rdparty/composable_kernel/include/ck_tile/core/tensor/tensor_adaptor_coordinate.hpp -> /perf_apps/xiaoming/MegaMoE/3rdparty/composable_kernel/include/ck_tile/core/tensor/tensor_adaptor_coordinate_hip.hpp [ok]
  /perf_apps/xiaoming/MegaMoE/3rdparty/composable_kernel/include/ck_tile/core/tensor/tile_distribution_encoding.hpp -> /perf_apps/xiaoming/MegaMoE/3rdparty/composable_kernel/include/ck_tile/core/tensor/tile_distribution_encoding_hip.hpp [ok]
  /perf_apps/xiaoming/MegaMoE/3rdparty/composable_kernel/include/ck_tile/core/tensor/tile_distribution.hpp -> /perf_apps/xiaoming/MegaMoE/3rdparty/composable_kernel/include/ck_tile/core/tensor/tile_distribution_hip.hpp [ok]
  /perf_apps/xiaoming/MegaMoE/3rdparty/composable_kernel/include/ck_tile/core/algorithm/static_encoding_pattern.hpp -> /perf_apps/xiaoming/MegaMoE/3rdparty/composable_kernel/include/ck_tile/core/algorithm/static_encoding_pattern_hip.hpp [ok]
  /perf_apps/xiaoming/MegaMoE/3rdparty/composable_kernel/include/ck_tile/core/arch/amd_transpose_load_encoding.hpp -> /perf_apps/xiaoming/MegaMoE/3rdparty/composable_kernel/include/ck_tile/core/arch/amd_transpose_load_encoding_hip.hpp [ok]
  /perf_apps/xiaoming/MegaMoE/3rdparty/composable_kernel/include/ck_tile/core/arch/generic_memory_space_atomic.hpp -> /perf_apps/xiaoming/MegaMoE/3rdparty/composable_kernel/include/ck_tile/core/arch/generic_memory_space_atomic_hip.hpp [ok]
  /perf_apps/xiaoming/MegaMoE/3rdparty/composable_kernel/include/ck_tile/core/arch/mma/wmma/wmma_traits.hpp -> /perf_apps/xiaoming/MegaMoE/3rdparty/composable_kernel/include/ck_tile/core/arch/mma/wmma/wmma_traits.hpp [skipped, no changes]
  /perf_apps/xiaoming/MegaMoE/3rdparty/composable_kernel/include/ck_tile/core/arch/mma/wmma/wmma_gfx11.hpp -> /perf_apps/xiaoming/MegaMoE/3rdparty/composable_kernel/include/ck_tile/core/arch/mma/wmma/wmma_gfx11_hip.hpp [ok]
  /perf_apps/xiaoming/MegaMoE/3rdparty/composable_kernel/include/ck_tile/core/arch/mma/wmma/wmma_gfx12.hpp -> /perf_apps/xiaoming/MegaMoE/3rdparty/composable_kernel/include/ck_tile/core/arch/mma/wmma/wmma_gfx12_hip.hpp [ok]
  /perf_apps/xiaoming/MegaMoE/3rdparty/composable_kernel/include/ck_tile/core/arch/mma/mfma/mfma_traits.hpp -> /perf_apps/xiaoming/MegaMoE/3rdparty/composable_kernel/include/ck_tile/core/arch/mma/mfma/mfma_traits.hpp [skipped, no changes]
  /perf_apps/xiaoming/MegaMoE/3rdparty/composable_kernel/include/ck_tile/core/arch/mma/mma_traits.hpp -> /perf_apps/xiaoming/MegaMoE/3rdparty/composable_kernel/include/ck_tile/core/arch/mma/mma_traits_hip.hpp [ok]
  /perf_apps/xiaoming/MegaMoE/3rdparty/composable_kernel/include/ck_tile/core/arch/mma/mfma/mfma_gfx9.hpp -> /perf_apps/xiaoming/MegaMoE/3rdparty/composable_kernel/include/ck_tile/core/arch/mma/mfma/mfma_gfx9_hip.hpp [ok]
  /perf_apps/xiaoming/MegaMoE/3rdparty/composable_kernel/include/ck_tile/core/arch/mma/mfma/mfma_selector.hpp -> /perf_apps/xiaoming/MegaMoE/3rdparty/composable_kernel/include/ck_tile/core/arch/mma/mfma/mfma_selector_hip.hpp [ok]
  /perf_apps/xiaoming/MegaMoE/3rdparty/composable_kernel/include/ck_tile/core/arch/mma/mma_selector.hpp -> /perf_apps/xiaoming/MegaMoE/3rdparty/composable_kernel/include/ck_tile/core/arch/mma/mma_selector_hip.hpp [ok]
  /perf_apps/xiaoming/MegaMoE/3rdparty/composable_kernel/include/ck_tile/core/arch/mma/wmma/wmma_selector.hpp -> /perf_apps/xiaoming/MegaMoE/3rdparty/composable_kernel/include/ck_tile/core/arch/mma/wmma/wmma_selector_hip.hpp [ok]
  /perf_apps/xiaoming/MegaMoE/3rdparty/composable_kernel/include/ck_tile/core/arch/mma/mma_transforms.hpp -> /perf_apps/xiaoming/MegaMoE/3rdparty/composable_kernel/include/ck_tile/core/arch/mma/mma_transforms_hip.hpp [ok]
  /perf_apps/xiaoming/MegaMoE/3rdparty/composable_kernel/include/ck_tile/core/arch/mma/wmma/wmma_transforms.hpp -> /perf_apps/xiaoming/MegaMoE/3rdparty/composable_kernel/include/ck_tile/core/arch/mma/wmma/wmma_transforms_hip.hpp [ok]
  /perf_apps/xiaoming/MegaMoE/3rdparty/composable_kernel/include/ck_tile/core/arch/mma/wmma/wmma.hpp -> /perf_apps/xiaoming/MegaMoE/3rdparty/composable_kernel/include/ck_tile/core/arch/mma/wmma/wmma_hip.hpp [ok]
  /perf_apps/xiaoming/MegaMoE/3rdparty/composable_kernel/include/ck_tile/core/arch/mma/mfma/mfma_transforms.hpp -> /perf_apps/xiaoming/MegaMoE/3rdparty/composable_kernel/include/ck_tile/core/arch/mma/mfma/mfma_transforms_hip.hpp [ok]
  /perf_apps/xiaoming/MegaMoE/3rdparty/composable_kernel/include/ck_tile/core/arch/mma/mfma/mfma.hpp -> /perf_apps/xiaoming/MegaMoE/3rdparty/composable_kernel/include/ck_tile/core/arch/mma/mfma/mfma_hip.hpp [ok]
  /perf_apps/xiaoming/MegaMoE/3rdparty/composable_kernel/include/ck_tile/core/arch/mma/amdgcn_mma.hpp -> /perf_apps/xiaoming/MegaMoE/3rdparty/composable_kernel/include/ck_tile/core/arch/mma/amdgcn_mma_hip.hpp [ok]
  /perf_apps/xiaoming/MegaMoE/3rdparty/composable_kernel/include/ck_tile/core/arch/mma/mma.hpp -> /perf_apps/xiaoming/MegaMoE/3rdparty/composable_kernel/include/ck_tile/core/arch/mma/mma_hip.hpp [ok]
  /perf_apps/xiaoming/MegaMoE/3rdparty/composable_kernel/include/ck_tile/core/arch/utility.hpp -> /perf_apps/xiaoming/MegaMoE/3rdparty/composable_kernel/include/ck_tile/core/arch/utility.hpp [skipped, no changes]
  /perf_apps/xiaoming/MegaMoE/3rdparty/composable_kernel/include/ck_tile/core/arch/workgroup_barrier.hpp -> /perf_apps/xiaoming/MegaMoE/3rdparty/composable_kernel/include/ck_tile/core/arch/workgroup_barrier_hip.hpp [ok]
  /perf_apps/xiaoming/MegaMoE/3rdparty/composable_kernel/include/ck_tile/core/container/span.hpp -> /perf_apps/xiaoming/MegaMoE/3rdparty/composable_kernel/include/ck_tile/core/container/span.hpp [skipped, no changes]
  /perf_apps/xiaoming/MegaMoE/3rdparty/composable_kernel/include/ck_tile/core/numeric/null_type.hpp -> /perf_apps/xiaoming/MegaMoE/3rdparty/composable_kernel/include/ck_tile/core/numeric/null_type.hpp [skipped, no changes]
  /perf_apps/xiaoming/MegaMoE/3rdparty/composable_kernel/include/ck_tile/core/tensor/buffer_view.hpp -> /perf_apps/xiaoming/MegaMoE/3rdparty/composable_kernel/include/ck_tile/core/tensor/buffer_view_hip.hpp [ok]
  /perf_apps/xiaoming/MegaMoE/3rdparty/composable_kernel/include/ck_tile/core/tensor/static_distributed_tensor.hpp -> /perf_apps/xiaoming/MegaMoE/3rdparty/composable_kernel/include/ck_tile/core/tensor/static_distributed_tensor_hip.hpp [ok]
  /perf_apps/xiaoming/MegaMoE/3rdparty/composable_kernel/include/ck_tile/core/tensor/tensor_descriptor.hpp -> /perf_apps/xiaoming/MegaMoE/3rdparty/composable_kernel/include/ck_tile/core/tensor/tensor_descriptor_hip.hpp [ok]
  /perf_apps/xiaoming/MegaMoE/3rdparty/composable_kernel/include/ck_tile/core/tensor/tensor_view.hpp -> /perf_apps/xiaoming/MegaMoE/3rdparty/composable_kernel/include/ck_tile/core/tensor/tensor_view_hip.hpp [ok]
  /perf_apps/xiaoming/MegaMoE/3rdparty/composable_kernel/include/ck_tile/core/tensor/tile_window_base.hpp -> /perf_apps/xiaoming/MegaMoE/3rdparty/composable_kernel/include/ck_tile/core/tensor/tile_window_base_hip.hpp [ok]
  /perf_apps/xiaoming/MegaMoE/3rdparty/composable_kernel/include/ck_tile/core/tensor/tile_window.hpp -> /perf_apps/xiaoming/MegaMoE/3rdparty/composable_kernel/include/ck_tile/core/tensor/tile_window_hip.hpp [ok]
  /perf_apps/xiaoming/MegaMoE/3rdparty/composable_kernel/include/ck_tile/core/tensor/tile_window_linear.hpp -> /perf_apps/xiaoming/MegaMoE/3rdparty/composable_kernel/include/ck_tile/core/tensor/tile_window_linear_hip.hpp [ok]
  /perf_apps/xiaoming/MegaMoE/3rdparty/composable_kernel/include/ck_tile/core/tensor/null_tile_window.hpp -> /perf_apps/xiaoming/MegaMoE/3rdparty/composable_kernel/include/ck_tile/core/tensor/null_tile_window_hip.hpp [ok]
  /perf_apps/xiaoming/MegaMoE/3rdparty/composable_kernel/include/ck_tile/core/tensor/null_tensor.hpp -> /perf_apps/xiaoming/MegaMoE/3rdparty/composable_kernel/include/ck_tile/core/tensor/null_tensor.hpp [skipped, no changes]
  /perf_apps/xiaoming/MegaMoE/3rdparty/composable_kernel/include/ck_tile/core/tensor/load_tile.hpp -> /perf_apps/xiaoming/MegaMoE/3rdparty/composable_kernel/include/ck_tile/core/tensor/load_tile_hip.hpp [ok]
  /perf_apps/xiaoming/MegaMoE/3rdparty/composable_kernel/include/ck_tile/core/tensor/load_tile_transpose.hpp -> /perf_apps/xiaoming/MegaMoE/3rdparty/composable_kernel/include/ck_tile/core/tensor/load_tile_transpose_hip.hpp [ok]
  /perf_apps/xiaoming/MegaMoE/3rdparty/composable_kernel/include/ck_tile/core/tensor/tile_elementwise.hpp -> /perf_apps/xiaoming/MegaMoE/3rdparty/composable_kernel/include/ck_tile/core/tensor/tile_elementwise_hip.hpp [ok]
  /perf_apps/xiaoming/MegaMoE/3rdparty/composable_kernel/include/ck_tile/core/utility/transpose_vectors.hpp -> /perf_apps/xiaoming/MegaMoE/3rdparty/composable_kernel/include/ck_tile/core/utility/transpose_vectors_hip.hpp [ok]
  /perf_apps/xiaoming/MegaMoE/3rdparty/composable_kernel/include/ck_tile/core/tensor/shuffle_tile.hpp -> /perf_apps/xiaoming/MegaMoE/3rdparty/composable_kernel/include/ck_tile/core/tensor/shuffle_tile_hip.hpp [ok]
  /perf_apps/xiaoming/MegaMoE/3rdparty/composable_kernel/include/ck_tile/core/tensor/slice_tile.hpp -> /perf_apps/xiaoming/MegaMoE/3rdparty/composable_kernel/include/ck_tile/core/tensor/slice_tile_hip.hpp [ok]
  /perf_apps/xiaoming/MegaMoE/3rdparty/composable_kernel/include/ck_tile/core/tensor/store_tile.hpp -> /perf_apps/xiaoming/MegaMoE/3rdparty/composable_kernel/include/ck_tile/core/tensor/store_tile_hip.hpp [ok]
  /perf_apps/xiaoming/MegaMoE/3rdparty/composable_kernel/include/ck_tile/core/utility/functional_with_tuple.hpp -> /perf_apps/xiaoming/MegaMoE/3rdparty/composable_kernel/include/ck_tile/core/utility/functional_with_tuple_hip.hpp [ok]
  /perf_apps/xiaoming/MegaMoE/3rdparty/composable_kernel/include/ck_tile/core/tensor/sweep_tile.hpp -> /perf_apps/xiaoming/MegaMoE/3rdparty/composable_kernel/include/ck_tile/core/tensor/sweep_tile_hip.hpp [ok]
  /perf_apps/xiaoming/MegaMoE/3rdparty/composable_kernel/include/ck_tile/core/tensor/tensor_coordinate.hpp -> /perf_apps/xiaoming/MegaMoE/3rdparty/composable_kernel/include/ck_tile/core/tensor/tensor_coordinate_hip.hpp [ok]
  /perf_apps/xiaoming/MegaMoE/3rdparty/composable_kernel/include/ck_tile/core/tensor/tile_scatter_gather.hpp -> /perf_apps/xiaoming/MegaMoE/3rdparty/composable_kernel/include/ck_tile/core/tensor/tile_scatter_gather_hip.hpp [ok]
  /perf_apps/xiaoming/MegaMoE/3rdparty/composable_kernel/include/ck_tile/core/tensor/tile_window_utils.hpp -> /perf_apps/xiaoming/MegaMoE/3rdparty/composable_kernel/include/ck_tile/core/tensor/tile_window_utils_hip.hpp [ok]
  /perf_apps/xiaoming/MegaMoE/3rdparty/composable_kernel/include/ck_tile/core/tensor/transpose_tile.hpp -> /perf_apps/xiaoming/MegaMoE/3rdparty/composable_kernel/include/ck_tile/core/tensor/transpose_tile_hip.hpp [ok]
  /perf_apps/xiaoming/MegaMoE/3rdparty/composable_kernel/include/ck_tile/core/tensor/update_tile.hpp -> /perf_apps/xiaoming/MegaMoE/3rdparty/composable_kernel/include/ck_tile/core/tensor/update_tile_hip.hpp [ok]
  /perf_apps/xiaoming/MegaMoE/3rdparty/composable_kernel/include/ck_tile/core/utility/debug.hpp -> /perf_apps/xiaoming/MegaMoE/3rdparty/composable_kernel/include/ck_tile/core/utility/debug_hip.hpp [ok]
  /perf_apps/xiaoming/MegaMoE/3rdparty/composable_kernel/include/ck_tile/core/utility/env.hpp -> /perf_apps/xiaoming/MegaMoE/3rdparty/composable_kernel/include/ck_tile/core/utility/env.hpp [skipped, no changes]
  /perf_apps/xiaoming/MegaMoE/3rdparty/composable_kernel/include/ck_tile/core/utility/gemm_validation.hpp -> /perf_apps/xiaoming/MegaMoE/3rdparty/composable_kernel/include/ck_tile/core/utility/gemm_validation.hpp [skipped, no changes]
  /perf_apps/xiaoming/MegaMoE/3rdparty/composable_kernel/include/ck_tile/core/utility/literals.hpp -> /perf_apps/xiaoming/MegaMoE/3rdparty/composable_kernel/include/ck_tile/core/utility/literals.hpp [skipped, no changes]
  /perf_apps/xiaoming/MegaMoE/3rdparty/composable_kernel/include/ck_tile/core/utility/mixed_prec_compute_type.hpp -> /perf_apps/xiaoming/MegaMoE/3rdparty/composable_kernel/include/ck_tile/core/utility/mixed_prec_compute_type.hpp [skipped, no changes]
  /perf_apps/xiaoming/MegaMoE/3rdparty/composable_kernel/include/ck_tile/core/utility/persistent_async_input_scheduler.hpp -> /perf_apps/xiaoming/MegaMoE/3rdparty/composable_kernel/include/ck_tile/core/utility/persistent_async_input_scheduler.hpp [skipped, no changes]
  /perf_apps/xiaoming/MegaMoE/3rdparty/composable_kernel/include/ck_tile/core/utility/philox_rand.hpp -> /perf_apps/xiaoming/MegaMoE/3rdparty/composable_kernel/include/ck_tile/core/utility/philox_rand.hpp [skipped, no changes]
  /perf_apps/xiaoming/MegaMoE/3rdparty/composable_kernel/include/ck_tile/core/utility/reduce_operator.hpp -> /perf_apps/xiaoming/MegaMoE/3rdparty/composable_kernel/include/ck_tile/core/utility/reduce_operator_hip.hpp [ok]
  /perf_apps/xiaoming/MegaMoE/3rdparty/composable_kernel/include/ck_tile/core/utility/reduce_operator_accumulate.hpp -> /perf_apps/xiaoming/MegaMoE/3rdparty/composable_kernel/include/ck_tile/core/utility/reduce_operator_accumulate.hpp [skipped, no changes]
  /perf_apps/xiaoming/MegaMoE/3rdparty/composable_kernel/include/ck_tile/core/utility/static_counter.hpp -> /perf_apps/xiaoming/MegaMoE/3rdparty/composable_kernel/include/ck_tile/core/utility/static_counter.hpp [skipped, no changes]
  /perf_apps/xiaoming/MegaMoE/3rdparty/composable_kernel/include/ck_tile/core/utility/unary_element_function.hpp -> /perf_apps/xiaoming/MegaMoE/3rdparty/composable_kernel/include/ck_tile/core/utility/unary_element_function_hip.hpp [ok]
  /perf_apps/xiaoming/MegaMoE/3rdparty/composable_kernel/include/ck_tile/core.hpp -> /perf_apps/xiaoming/MegaMoE/3rdparty/composable_kernel/include/ck_tile/core_hip.hpp [ok]
  /perf_apps/xiaoming/MegaMoE/3rdparty/composable_kernel/include/ck_tile/host/arg_parser.hpp -> /perf_apps/xiaoming/MegaMoE/3rdparty/composable_kernel/include/ck_tile/host/arg_parser.hpp [skipped, no changes]
  /perf_apps/xiaoming/MegaMoE/3rdparty/composable_kernel/include/ck_tile/host/ranges.hpp -> /perf_apps/xiaoming/MegaMoE/3rdparty/composable_kernel/include/ck_tile/host/ranges.hpp [skipped, no changes]
  /perf_apps/xiaoming/MegaMoE/3rdparty/composable_kernel/include/ck_tile/host/check_err.hpp -> /perf_apps/xiaoming/MegaMoE/3rdparty/composable_kernel/include/ck_tile/host/check_err_hip.hpp [ok]
  /perf_apps/xiaoming/MegaMoE/3rdparty/composable_kernel/include/ck_tile/ops/gemm/pipeline/gemm_pipeline_ag_bg_cr_scheduler.hpp -> /perf_apps/xiaoming/MegaMoE/3rdparty/composable_kernel/include/ck_tile/ops/gemm/pipeline/gemm_pipeline_ag_bg_cr_scheduler_hip.hpp [ok]
  /perf_apps/xiaoming/MegaMoE/3rdparty/composable_kernel/include/ck_tile/host/concat.hpp -> /perf_apps/xiaoming/MegaMoE/3rdparty/composable_kernel/include/ck_tile/host/concat_hip.hpp [ok]
  /perf_apps/xiaoming/MegaMoE/3rdparty/composable_kernel/include/ck_tile/ops/common/tensor_layout.hpp -> /perf_apps/xiaoming/MegaMoE/3rdparty/composable_kernel/include/ck_tile/ops/common/tensor_layout.hpp [skipped, no changes]
  /perf_apps/xiaoming/MegaMoE/3rdparty/composable_kernel/include/ck_tile/host/convolution_parameter.hpp -> /perf_apps/xiaoming/MegaMoE/3rdparty/composable_kernel/include/ck_tile/host/convolution_parameter.hpp [skipped, no changes]
  /perf_apps/xiaoming/MegaMoE/3rdparty/composable_kernel/include/ck_tile/host/joinable_thread.hpp -> /perf_apps/xiaoming/MegaMoE/3rdparty/composable_kernel/include/ck_tile/host/joinable_thread.hpp [skipped, no changes]
  /perf_apps/xiaoming/MegaMoE/3rdparty/composable_kernel/include/ck_tile/host/host_tensor.hpp -> /perf_apps/xiaoming/MegaMoE/3rdparty/composable_kernel/include/ck_tile/host/host_tensor_hip.hpp [ok]
  /perf_apps/xiaoming/MegaMoE/3rdparty/composable_kernel/include/ck_tile/host/convolution_host_tensor_descriptor_helper.hpp -> /perf_apps/xiaoming/MegaMoE/3rdparty/composable_kernel/include/ck_tile/host/convolution_host_tensor_descriptor_helper_hip.hpp [ok]
  /perf_apps/xiaoming/MegaMoE/3rdparty/composable_kernel/include/ck_tile/host/hip_check_error.hpp -> /perf_apps/xiaoming/MegaMoE/3rdparty/composable_kernel/include/ck_tile/host/hip_check_error.hpp [skipped, no changes]
  /perf_apps/xiaoming/MegaMoE/3rdparty/composable_kernel/include/ck_tile/host/device_memory.hpp -> /perf_apps/xiaoming/MegaMoE/3rdparty/composable_kernel/include/ck_tile/host/device_memory_hip.hpp [ok]
  /perf_apps/xiaoming/MegaMoE/3rdparty/composable_kernel/include/ck_tile/host/device_prop.hpp -> /perf_apps/xiaoming/MegaMoE/3rdparty/composable_kernel/include/ck_tile/host/device_prop.hpp [skipped, no changes]
  /perf_apps/xiaoming/MegaMoE/3rdparty/composable_kernel/include/ck_tile/host/fill.hpp -> /perf_apps/xiaoming/MegaMoE/3rdparty/composable_kernel/include/ck_tile/host/fill_hip.hpp [ok]
  /perf_apps/xiaoming/MegaMoE/3rdparty/composable_kernel/include/ck_tile/host/flush_icache.hpp -> /perf_apps/xiaoming/MegaMoE/3rdparty/composable_kernel/include/ck_tile/host/flush_icache.hpp [skipped, no changes]
  /perf_apps/xiaoming/MegaMoE/3rdparty/composable_kernel/include/ck_tile/host/high_res_cpu_clock.hpp -> /perf_apps/xiaoming/MegaMoE/3rdparty/composable_kernel/include/ck_tile/host/high_res_cpu_clock.hpp [skipped, no changes]
  /perf_apps/xiaoming/MegaMoE/3rdparty/composable_kernel/include/ck_tile/host/stream_config.hpp -> /perf_apps/xiaoming/MegaMoE/3rdparty/composable_kernel/include/ck_tile/host/stream_config.hpp [skipped, no changes]
  /perf_apps/xiaoming/MegaMoE/3rdparty/composable_kernel/include/ck_tile/host/timer.hpp -> /perf_apps/xiaoming/MegaMoE/3rdparty/composable_kernel/include/ck_tile/host/timer.hpp [skipped, no changes]
  /perf_apps/xiaoming/MegaMoE/3rdparty/composable_kernel/include/ck_tile/host/kernel_launch.hpp -> /perf_apps/xiaoming/MegaMoE/3rdparty/composable_kernel/include/ck_tile/host/kernel_launch_hip.hpp [ok]
  /perf_apps/xiaoming/MegaMoE/3rdparty/composable_kernel/include/ck_tile/host/permute_pk_int4.hpp -> /perf_apps/xiaoming/MegaMoE/3rdparty/composable_kernel/include/ck_tile/host/permute_pk_int4.hpp [skipped, no changes]
  /perf_apps/xiaoming/MegaMoE/3rdparty/composable_kernel/include/ck_tile/host/reference/reference_batched_contraction.hpp -> /perf_apps/xiaoming/MegaMoE/3rdparty/composable_kernel/include/ck_tile/host/reference/reference_batched_contraction_hip.hpp [ok]
  /perf_apps/xiaoming/MegaMoE/3rdparty/composable_kernel/include/ck_tile/host/reference/reference_batched_dropout.hpp -> /perf_apps/xiaoming/MegaMoE/3rdparty/composable_kernel/include/ck_tile/host/reference/reference_batched_dropout_hip.hpp [ok]
  /perf_apps/xiaoming/MegaMoE/3rdparty/composable_kernel/include/ck_tile/host/reference/reference_batched_dropout_randval.hpp -> /perf_apps/xiaoming/MegaMoE/3rdparty/composable_kernel/include/ck_tile/host/reference/reference_batched_dropout_randval_hip.hpp [ok]
  /perf_apps/xiaoming/MegaMoE/3rdparty/composable_kernel/include/ck_tile/host/reference/reference_batched_elementwise.hpp -> /perf_apps/xiaoming/MegaMoE/3rdparty/composable_kernel/include/ck_tile/host/reference/reference_batched_elementwise_hip.hpp [ok]
  /perf_apps/xiaoming/MegaMoE/3rdparty/composable_kernel/include/ck_tile/host/reference/reference_batched_gemm.hpp -> /perf_apps/xiaoming/MegaMoE/3rdparty/composable_kernel/include/ck_tile/host/reference/reference_batched_gemm_hip.hpp [ok]
  /perf_apps/xiaoming/MegaMoE/3rdparty/composable_kernel/include/ck_tile/host/reference/reference_batched_masking.hpp -> /perf_apps/xiaoming/MegaMoE/3rdparty/composable_kernel/include/ck_tile/host/reference/reference_batched_masking_hip.hpp [ok]
  /perf_apps/xiaoming/MegaMoE/3rdparty/composable_kernel/include/ck_tile/host/reference/reference_batched_rotary_position_embedding.hpp -> /perf_apps/xiaoming/MegaMoE/3rdparty/composable_kernel/include/ck_tile/host/reference/reference_batched_rotary_position_embedding_hip.hpp [ok]
  /perf_apps/xiaoming/MegaMoE/3rdparty/composable_kernel/include/ck_tile/host/reference/reference_batched_softmax.hpp -> /perf_apps/xiaoming/MegaMoE/3rdparty/composable_kernel/include/ck_tile/host/reference/reference_batched_softmax_hip.hpp [ok]
  /perf_apps/xiaoming/MegaMoE/3rdparty/composable_kernel/include/ck_tile/host/reference/reference_batched_transpose.hpp -> /perf_apps/xiaoming/MegaMoE/3rdparty/composable_kernel/include/ck_tile/host/reference/reference_batched_transpose_hip.hpp [ok]
  /perf_apps/xiaoming/MegaMoE/3rdparty/composable_kernel/include/ck_tile/host/reference/reference_blocked_attention.hpp -> /perf_apps/xiaoming/MegaMoE/3rdparty/composable_kernel/include/ck_tile/host/reference/reference_blocked_attention_hip.hpp [ok]
  /perf_apps/xiaoming/MegaMoE/3rdparty/composable_kernel/include/ck_tile/host/reference/reference_elementwise.hpp -> /perf_apps/xiaoming/MegaMoE/3rdparty/composable_kernel/include/ck_tile/host/reference/reference_elementwise_hip.hpp [ok]
  /perf_apps/xiaoming/MegaMoE/3rdparty/composable_kernel/include/ck_tile/host/reference/reference_fused_moe.hpp -> /perf_apps/xiaoming/MegaMoE/3rdparty/composable_kernel/include/ck_tile/host/reference/reference_fused_moe_hip.hpp [ok]
  /perf_apps/xiaoming/MegaMoE/3rdparty/composable_kernel/include/ck_tile/host/reference/reference_gemm.hpp -> /perf_apps/xiaoming/MegaMoE/3rdparty/composable_kernel/include/ck_tile/host/reference/reference_gemm_hip.hpp [ok]
  /perf_apps/xiaoming/MegaMoE/3rdparty/composable_kernel/include/ck_tile/host/reference/reference_grouped_conv_bwd_data.hpp -> /perf_apps/xiaoming/MegaMoE/3rdparty/composable_kernel/include/ck_tile/host/reference/reference_grouped_conv_bwd_data_hip.hpp [ok]
  /perf_apps/xiaoming/MegaMoE/3rdparty/composable_kernel/include/ck_tile/host/reference/reference_grouped_conv_bwd_weight.hpp -> /perf_apps/xiaoming/MegaMoE/3rdparty/composable_kernel/include/ck_tile/host/reference/reference_grouped_conv_bwd_weight_hip.hpp [ok]
  /perf_apps/xiaoming/MegaMoE/3rdparty/composable_kernel/include/ck_tile/ops/elementwise/binary_elementwise_operation.hpp -> /perf_apps/xiaoming/MegaMoE/3rdparty/composable_kernel/include/ck_tile/ops/elementwise/binary_elementwise_operation_hip.hpp [ok]
  /perf_apps/xiaoming/MegaMoE/3rdparty/composable_kernel/include/ck_tile/ops/common/generic_2d_block_shape.hpp -> /perf_apps/xiaoming/MegaMoE/3rdparty/composable_kernel/include/ck_tile/ops/common/generic_2d_block_shape.hpp [skipped, no changes]
  /perf_apps/xiaoming/MegaMoE/3rdparty/composable_kernel/include/ck_tile/ops/elementwise/unary_element_wise_operation.hpp -> /perf_apps/xiaoming/MegaMoE/3rdparty/composable_kernel/include/ck_tile/ops/elementwise/unary_element_wise_operation_hip.hpp [ok]
  /perf_apps/xiaoming/MegaMoE/3rdparty/composable_kernel/include/ck_tile/ops/common/load_interleaved_pk_type.hpp -> /perf_apps/xiaoming/MegaMoE/3rdparty/composable_kernel/include/ck_tile/ops/common/load_interleaved_pk_type_hip.hpp [ok]
  /perf_apps/xiaoming/MegaMoE/3rdparty/composable_kernel/include/ck_tile/ops/common/streamk_common.hpp -> /perf_apps/xiaoming/MegaMoE/3rdparty/composable_kernel/include/ck_tile/ops/common/streamk_common_hip.hpp [ok]
  /perf_apps/xiaoming/MegaMoE/3rdparty/composable_kernel/include/ck_tile/ops/common/utils.hpp -> /perf_apps/xiaoming/MegaMoE/3rdparty/composable_kernel/include/ck_tile/ops/common/utils_hip.hpp [ok]
  /perf_apps/xiaoming/MegaMoE/3rdparty/composable_kernel/include/ck_tile/ops/common.hpp -> /perf_apps/xiaoming/MegaMoE/3rdparty/composable_kernel/include/ck_tile/ops/common_hip.hpp [ok]
  /perf_apps/xiaoming/MegaMoE/3rdparty/composable_kernel/include/ck_tile/ops/elementwise/pipeline/elementwise_pipeline_problem.hpp -> /perf_apps/xiaoming/MegaMoE/3rdparty/composable_kernel/include/ck_tile/ops/elementwise/pipeline/elementwise_pipeline_problem.hpp [skipped, no changes]
  /perf_apps/xiaoming/MegaMoE/3rdparty/composable_kernel/include/ck_tile/ops/elementwise/pipeline/elementwise_pipeline_default_policy.hpp -> /perf_apps/xiaoming/MegaMoE/3rdparty/composable_kernel/include/ck_tile/ops/elementwise/pipeline/elementwise_pipeline_default_policy_hip.hpp [ok]
  /perf_apps/xiaoming/MegaMoE/3rdparty/composable_kernel/include/ck_tile/ops/elementwise/kernel/elementwise_kernel.hpp -> /perf_apps/xiaoming/MegaMoE/3rdparty/composable_kernel/include/ck_tile/ops/elementwise/kernel/elementwise_kernel_hip.hpp [ok]
  /perf_apps/xiaoming/MegaMoE/3rdparty/composable_kernel/include/ck_tile/ops/elementwise/pipeline/elementwise_shape.hpp -> /perf_apps/xiaoming/MegaMoE/3rdparty/composable_kernel/include/ck_tile/ops/elementwise/pipeline/elementwise_shape.hpp [skipped, no changes]
  /perf_apps/xiaoming/MegaMoE/3rdparty/composable_kernel/include/ck_tile/ops/elementwise.hpp -> /perf_apps/xiaoming/MegaMoE/3rdparty/composable_kernel/include/ck_tile/ops/elementwise_hip.hpp [ok]
  /perf_apps/xiaoming/MegaMoE/3rdparty/composable_kernel/include/ck_tile/host/reference/reference_grouped_conv_fwd.hpp -> /perf_apps/xiaoming/MegaMoE/3rdparty/composable_kernel/include/ck_tile/host/reference/reference_grouped_conv_fwd_hip.hpp [ok]
  /perf_apps/xiaoming/MegaMoE/3rdparty/composable_kernel/include/ck_tile/host/reference/reference_im2col.hpp -> /perf_apps/xiaoming/MegaMoE/3rdparty/composable_kernel/include/ck_tile/host/reference/reference_im2col_hip.hpp [ok]
  /perf_apps/xiaoming/MegaMoE/3rdparty/composable_kernel/include/ck_tile/host/reference/reference_layernorm2d_fwd.hpp -> /perf_apps/xiaoming/MegaMoE/3rdparty/composable_kernel/include/ck_tile/host/reference/reference_layernorm2d_fwd_hip.hpp [ok]
  /perf_apps/xiaoming/MegaMoE/3rdparty/composable_kernel/include/ck_tile/host/reference/reference_moe_gemm.hpp -> /perf_apps/xiaoming/MegaMoE/3rdparty/composable_kernel/include/ck_tile/host/reference/reference_moe_gemm_hip.hpp [ok]
  /perf_apps/xiaoming/MegaMoE/3rdparty/composable_kernel/include/ck_tile/host/reference/reference_moe_sorting.hpp -> /perf_apps/xiaoming/MegaMoE/3rdparty/composable_kernel/include/ck_tile/host/reference/reference_moe_sorting_hip.hpp [ok]
  /perf_apps/xiaoming/MegaMoE/3rdparty/composable_kernel/include/ck_tile/host/reference/reference_permute.hpp -> /perf_apps/xiaoming/MegaMoE/3rdparty/composable_kernel/include/ck_tile/host/reference/reference_permute_hip.hpp [ok]
  /perf_apps/xiaoming/MegaMoE/3rdparty/composable_kernel/include/ck_tile/ops/reduce/block/block_reduce2d_problem.hpp -> /perf_apps/xiaoming/MegaMoE/3rdparty/composable_kernel/include/ck_tile/ops/reduce/block/block_reduce2d_problem_hip.hpp [ok]
  /perf_apps/xiaoming/MegaMoE/3rdparty/composable_kernel/include/ck_tile/ops/reduce/block/block_reduce2d.hpp -> /perf_apps/xiaoming/MegaMoE/3rdparty/composable_kernel/include/ck_tile/ops/reduce/block/block_reduce2d_hip.hpp [ok]
  /perf_apps/xiaoming/MegaMoE/3rdparty/composable_kernel/include/ck_tile/ops/pooling/pipeline/pool_default_policy.hpp -> /perf_apps/xiaoming/MegaMoE/3rdparty/composable_kernel/include/ck_tile/ops/pooling/pipeline/pool_default_policy_hip.hpp [ok]
  /perf_apps/xiaoming/MegaMoE/3rdparty/composable_kernel/include/ck_tile/ops/pooling/kernel/pool_kernel.hpp -> /perf_apps/xiaoming/MegaMoE/3rdparty/composable_kernel/include/ck_tile/ops/pooling/kernel/pool_kernel_hip.hpp [ok]
  /perf_apps/xiaoming/MegaMoE/3rdparty/composable_kernel/include/ck_tile/host/reference/reference_pool.hpp -> /perf_apps/xiaoming/MegaMoE/3rdparty/composable_kernel/include/ck_tile/host/reference/reference_pool_hip.hpp [ok]
  /perf_apps/xiaoming/MegaMoE/3rdparty/composable_kernel/include/ck_tile/host/reference/reference_reduce.hpp -> /perf_apps/xiaoming/MegaMoE/3rdparty/composable_kernel/include/ck_tile/host/reference/reference_reduce_hip.hpp [ok]
  /perf_apps/xiaoming/MegaMoE/3rdparty/composable_kernel/include/ck_tile/ops/rmsnorm2d/pipeline/rmsnorm2d_fwd_traits.hpp -> /perf_apps/xiaoming/MegaMoE/3rdparty/composable_kernel/include/ck_tile/ops/rmsnorm2d/pipeline/rmsnorm2d_fwd_traits.hpp [skipped, no changes]
  /perf_apps/xiaoming/MegaMoE/3rdparty/composable_kernel/include/ck_tile/host/reference/reference_rmsnorm2d_fwd.hpp -> /perf_apps/xiaoming/MegaMoE/3rdparty/composable_kernel/include/ck_tile/host/reference/reference_rmsnorm2d_fwd_hip.hpp [ok]
  /perf_apps/xiaoming/MegaMoE/3rdparty/composable_kernel/include/ck_tile/host/reference/reference_rowwise_quantization2d.hpp -> /perf_apps/xiaoming/MegaMoE/3rdparty/composable_kernel/include/ck_tile/host/reference/reference_rowwise_quantization2d_hip.hpp [ok]
  /perf_apps/xiaoming/MegaMoE/3rdparty/composable_kernel/include/ck_tile/host/reference/reference_softmax.hpp -> /perf_apps/xiaoming/MegaMoE/3rdparty/composable_kernel/include/ck_tile/host/reference/reference_softmax_hip.hpp [ok]
  /perf_apps/xiaoming/MegaMoE/3rdparty/composable_kernel/include/ck_tile/host/reference/reference_topk.hpp -> /perf_apps/xiaoming/MegaMoE/3rdparty/composable_kernel/include/ck_tile/host/reference/reference_topk_hip.hpp [ok]
  /perf_apps/xiaoming/MegaMoE/3rdparty/composable_kernel/include/ck_tile/host/reference/reference_transpose.hpp -> /perf_apps/xiaoming/MegaMoE/3rdparty/composable_kernel/include/ck_tile/host/reference/reference_transpose_hip.hpp [ok]
  /perf_apps/xiaoming/MegaMoE/3rdparty/composable_kernel/include/ck_tile/host/rotating_buffers.hpp -> /perf_apps/xiaoming/MegaMoE/3rdparty/composable_kernel/include/ck_tile/host/rotating_buffers_hip.hpp [ok]
  /perf_apps/xiaoming/MegaMoE/3rdparty/composable_kernel/include/ck_tile/host/stream_utils.hpp -> /perf_apps/xiaoming/MegaMoE/3rdparty/composable_kernel/include/ck_tile/host/stream_utils.hpp [skipped, no changes]
  /perf_apps/xiaoming/MegaMoE/3rdparty/composable_kernel/include/ck_tile/host/tensor_shuffle_utils.hpp -> /perf_apps/xiaoming/MegaMoE/3rdparty/composable_kernel/include/ck_tile/host/tensor_shuffle_utils.hpp [skipped, no changes]
  /perf_apps/xiaoming/MegaMoE/3rdparty/composable_kernel/include/ck_tile/host.hpp -> /perf_apps/xiaoming/MegaMoE/3rdparty/composable_kernel/include/ck_tile/host_hip.hpp [ok]
  /perf_apps/xiaoming/MegaMoE/3rdparty/composable_kernel/include/ck_tile/ops/epilogue/chainer/common_epilogue_ops.hpp -> /perf_apps/xiaoming/MegaMoE/3rdparty/composable_kernel/include/ck_tile/ops/epilogue/chainer/common_epilogue_ops_hip.hpp [ok]
  /perf_apps/xiaoming/MegaMoE/3rdparty/composable_kernel/include/ck_tile/ops/gemm/warp/warp_gemm_impl.hpp -> /perf_apps/xiaoming/MegaMoE/3rdparty/composable_kernel/include/ck_tile/ops/gemm/warp/warp_gemm_impl_hip.hpp [ok]
  /perf_apps/xiaoming/MegaMoE/3rdparty/composable_kernel/include/ck_tile/ops/gemm/warp/warp_gemm_attribute_mfma_impl.hpp -> /perf_apps/xiaoming/MegaMoE/3rdparty/composable_kernel/include/ck_tile/ops/gemm/warp/warp_gemm_attribute_mfma_impl_hip.hpp [ok]
  /perf_apps/xiaoming/MegaMoE/3rdparty/composable_kernel/include/ck_tile/ops/gemm/warp/warp_gemm_attribute_mfma.hpp -> /perf_apps/xiaoming/MegaMoE/3rdparty/composable_kernel/include/ck_tile/ops/gemm/warp/warp_gemm_attribute_mfma_hip.hpp [ok]
  /perf_apps/xiaoming/MegaMoE/3rdparty/composable_kernel/include/ck_tile/ops/gemm/warp/warp_gemm_smfmac_impl.hpp -> /perf_apps/xiaoming/MegaMoE/3rdparty/composable_kernel/include/ck_tile/ops/gemm/warp/warp_gemm_smfmac_impl_hip.hpp [ok]
  /perf_apps/xiaoming/MegaMoE/3rdparty/composable_kernel/include/ck_tile/ops/gemm/warp/warp_gemm_attribute_smfmac_impl.hpp -> /perf_apps/xiaoming/MegaMoE/3rdparty/composable_kernel/include/ck_tile/ops/gemm/warp/warp_gemm_attribute_smfmac_impl_hip.hpp [ok]
  /perf_apps/xiaoming/MegaMoE/3rdparty/composable_kernel/include/ck_tile/ops/gemm/warp/warp_gemm_attribute_smfmac.hpp -> /perf_apps/xiaoming/MegaMoE/3rdparty/composable_kernel/include/ck_tile/ops/gemm/warp/warp_gemm_attribute_smfmac_hip.hpp [ok]
  /perf_apps/xiaoming/MegaMoE/3rdparty/composable_kernel/include/ck_tile/ops/gemm/warp/warp_gemm.hpp -> /perf_apps/xiaoming/MegaMoE/3rdparty/composable_kernel/include/ck_tile/ops/gemm/warp/warp_gemm_hip.hpp [ok]
  /perf_apps/xiaoming/MegaMoE/3rdparty/composable_kernel/include/ck_tile/ops/gemm/warp/warp_gemm_attribute_wmma_impl.hpp -> /perf_apps/xiaoming/MegaMoE/3rdparty/composable_kernel/include/ck_tile/ops/gemm/warp/warp_gemm_attribute_wmma_impl_hip.hpp [ok]
  /perf_apps/xiaoming/MegaMoE/3rdparty/composable_kernel/include/ck_tile/ops/gemm/warp/warp_gemm_attribute_wmma.hpp -> /perf_apps/xiaoming/MegaMoE/3rdparty/composable_kernel/include/ck_tile/ops/gemm/warp/warp_gemm_attribute_wmma_hip.hpp [ok]
  /perf_apps/xiaoming/MegaMoE/3rdparty/composable_kernel/include/ck_tile/ops/gemm/warp/warp_gemm_attribute_wmma_impl_base_traits.hpp -> /perf_apps/xiaoming/MegaMoE/3rdparty/composable_kernel/include/ck_tile/ops/gemm/warp/warp_gemm_attribute_wmma_impl_base_traits.hpp [skipped, no changes]
  /perf_apps/xiaoming/MegaMoE/3rdparty/composable_kernel/include/ck_tile/ops/gemm/warp/warp_gemm_attribute_wmma_impl_16bit_traits.hpp -> /perf_apps/xiaoming/MegaMoE/3rdparty/composable_kernel/include/ck_tile/ops/gemm/warp/warp_gemm_attribute_wmma_impl_16bit_traits.hpp [skipped, no changes]
  /perf_apps/xiaoming/MegaMoE/3rdparty/composable_kernel/include/ck_tile/ops/gemm/warp/warp_gemm_attribute_wmma_impl_8bit_traits.hpp -> /perf_apps/xiaoming/MegaMoE/3rdparty/composable_kernel/include/ck_tile/ops/gemm/warp/warp_gemm_attribute_wmma_impl_8bit_traits.hpp [skipped, no changes]
  /perf_apps/xiaoming/MegaMoE/3rdparty/composable_kernel/include/ck_tile/ops/gemm/warp/warp_wmma_gemm.hpp -> /perf_apps/xiaoming/MegaMoE/3rdparty/composable_kernel/include/ck_tile/ops/gemm/warp/warp_wmma_gemm_hip.hpp [ok]
  /perf_apps/xiaoming/MegaMoE/3rdparty/composable_kernel/include/ck_tile/ops/gemm/warp/warp_gemm_dispatcher.hpp -> /perf_apps/xiaoming/MegaMoE/3rdparty/composable_kernel/include/ck_tile/ops/gemm/warp/warp_gemm_dispatcher_hip.hpp [ok]
  /perf_apps/xiaoming/MegaMoE/3rdparty/composable_kernel/include/ck_tile/ops/epilogue/chainer/cshuffle_epilogue_chainer_ops.hpp -> /perf_apps/xiaoming/MegaMoE/3rdparty/composable_kernel/include/ck_tile/ops/epilogue/chainer/cshuffle_epilogue_chainer_ops_hip.hpp [ok]
  /perf_apps/xiaoming/MegaMoE/3rdparty/composable_kernel/include/ck_tile/ops/epilogue/chainer/epilogue_chainer.hpp -> /perf_apps/xiaoming/MegaMoE/3rdparty/composable_kernel/include/ck_tile/ops/epilogue/chainer/epilogue_chainer_hip.hpp [ok]
  /perf_apps/xiaoming/MegaMoE/3rdparty/composable_kernel/include/ck_tile/ops/epilogue/chainer/cshuffle_epilogue_schedule.hpp -> /perf_apps/xiaoming/MegaMoE/3rdparty/composable_kernel/include/ck_tile/ops/epilogue/chainer/cshuffle_epilogue_schedule_hip.hpp [ok]
  /perf_apps/xiaoming/MegaMoE/3rdparty/composable_kernel/include/ck_tile/ops/epilogue/cshuffle_epilogue.hpp -> /perf_apps/xiaoming/MegaMoE/3rdparty/composable_kernel/include/ck_tile/ops/epilogue/cshuffle_epilogue_hip.hpp [ok]
  /perf_apps/xiaoming/MegaMoE/3rdparty/composable_kernel/include/ck_tile/ops/epilogue/default_2d_epilogue.hpp -> /perf_apps/xiaoming/MegaMoE/3rdparty/composable_kernel/include/ck_tile/ops/epilogue/default_2d_epilogue_hip.hpp [ok]
  /perf_apps/xiaoming/MegaMoE/3rdparty/composable_kernel/include/ck_tile/ops/reduce/block/block_reduce.hpp -> /perf_apps/xiaoming/MegaMoE/3rdparty/composable_kernel/include/ck_tile/ops/reduce/block/block_reduce_hip.hpp [ok]
  /perf_apps/xiaoming/MegaMoE/3rdparty/composable_kernel/include/ck_tile/ops/reduce/pipeline/reduce2d_default_policy.hpp -> /perf_apps/xiaoming/MegaMoE/3rdparty/composable_kernel/include/ck_tile/ops/reduce/pipeline/reduce2d_default_policy_hip.hpp [ok]
  /perf_apps/xiaoming/MegaMoE/3rdparty/composable_kernel/include/ck_tile/ops/reduce/pipeline/reduce2d_problem.hpp -> /perf_apps/xiaoming/MegaMoE/3rdparty/composable_kernel/include/ck_tile/ops/reduce/pipeline/reduce2d_problem_hip.hpp [ok]
  /perf_apps/xiaoming/MegaMoE/3rdparty/composable_kernel/include/ck_tile/ops/reduce/kernel/multi_reduce2d_tile_partitioner.hpp -> /perf_apps/xiaoming/MegaMoE/3rdparty/composable_kernel/include/ck_tile/ops/reduce/kernel/multi_reduce2d_tile_partitioner_hip.hpp [ok]
  /perf_apps/xiaoming/MegaMoE/3rdparty/composable_kernel/include/ck_tile/ops/reduce/kernel/multi_reduce2d_kernel.hpp -> /perf_apps/xiaoming/MegaMoE/3rdparty/composable_kernel/include/ck_tile/ops/reduce/kernel/multi_reduce2d_kernel_hip.hpp [ok]
  /perf_apps/xiaoming/MegaMoE/3rdparty/composable_kernel/include/ck_tile/ops/reduce/kernel/multi_reduce2d_multiblock_kernel.hpp -> /perf_apps/xiaoming/MegaMoE/3rdparty/composable_kernel/include/ck_tile/ops/reduce/kernel/multi_reduce2d_multiblock_kernel_hip.hpp [ok]
  /perf_apps/xiaoming/MegaMoE/3rdparty/composable_kernel/include/ck_tile/ops/reduce/kernel/multi_reduce2d_threadwise_kernel.hpp -> /perf_apps/xiaoming/MegaMoE/3rdparty/composable_kernel/include/ck_tile/ops/reduce/kernel/multi_reduce2d_threadwise_kernel_hip.hpp [ok]
  /perf_apps/xiaoming/MegaMoE/3rdparty/composable_kernel/include/ck_tile/ops/reduce/kernel/reduce2d_kernel.hpp -> /perf_apps/xiaoming/MegaMoE/3rdparty/composable_kernel/include/ck_tile/ops/reduce/kernel/reduce2d_kernel_hip.hpp [ok]
  /perf_apps/xiaoming/MegaMoE/3rdparty/composable_kernel/include/ck_tile/ops/reduce/pipeline/reduce2d_shape.hpp -> /perf_apps/xiaoming/MegaMoE/3rdparty/composable_kernel/include/ck_tile/ops/reduce/pipeline/reduce2d_shape_hip.hpp [ok]
  /perf_apps/xiaoming/MegaMoE/3rdparty/composable_kernel/include/ck_tile/ops/reduce.hpp -> /perf_apps/xiaoming/MegaMoE/3rdparty/composable_kernel/include/ck_tile/ops/reduce_hip.hpp [ok]
  /perf_apps/xiaoming/MegaMoE/3rdparty/composable_kernel/include/ck_tile/ops/epilogue/dynamic_quant_epilogue.hpp -> /perf_apps/xiaoming/MegaMoE/3rdparty/composable_kernel/include/ck_tile/ops/epilogue/dynamic_quant_epilogue_hip.hpp [ok]
  /perf_apps/xiaoming/MegaMoE/3rdparty/composable_kernel/include/ck_tile/ops/epilogue/default_2d_and_dynamic_quant_epilogue.hpp -> /perf_apps/xiaoming/MegaMoE/3rdparty/composable_kernel/include/ck_tile/ops/epilogue/default_2d_and_dynamic_quant_epilogue_hip.hpp [ok]
  /perf_apps/xiaoming/MegaMoE/3rdparty/composable_kernel/include/ck_tile/ops/epilogue.hpp -> /perf_apps/xiaoming/MegaMoE/3rdparty/composable_kernel/include/ck_tile/ops/epilogue_hip.hpp [ok]
  /perf_apps/xiaoming/MegaMoE/3rdparty/composable_kernel/include/ck_tile/ops/gemm/block/block_gemm_areg_bgmem_creg_v1_default_policy.hpp -> /perf_apps/xiaoming/MegaMoE/3rdparty/composable_kernel/include/ck_tile/ops/gemm/block/block_gemm_areg_bgmem_creg_v1_default_policy_hip.hpp [ok]
  /perf_apps/xiaoming/MegaMoE/3rdparty/composable_kernel/include/ck_tile/ops/gemm/block/block_gemm_problem.hpp -> /perf_apps/xiaoming/MegaMoE/3rdparty/composable_kernel/include/ck_tile/ops/gemm/block/block_gemm_problem_hip.hpp [ok]
  /perf_apps/xiaoming/MegaMoE/3rdparty/composable_kernel/include/ck_tile/ops/gemm/block/block_gemm_areg_bgmem_creg_v1.hpp -> /perf_apps/xiaoming/MegaMoE/3rdparty/composable_kernel/include/ck_tile/ops/gemm/block/block_gemm_areg_bgmem_creg_v1_hip.hpp [ok]
  /perf_apps/xiaoming/MegaMoE/3rdparty/composable_kernel/include/ck_tile/ops/gemm/block/block_gemm_areg_breg_creg_v1_default_policy.hpp -> /perf_apps/xiaoming/MegaMoE/3rdparty/composable_kernel/include/ck_tile/ops/gemm/block/block_gemm_areg_breg_creg_v1_default_policy_hip.hpp [ok]
  /perf_apps/xiaoming/MegaMoE/3rdparty/composable_kernel/include/ck_tile/ops/gemm/block/block_gemm_areg_breg_creg_v1.hpp -> /perf_apps/xiaoming/MegaMoE/3rdparty/composable_kernel/include/ck_tile/ops/gemm/block/block_gemm_areg_breg_creg_v1_hip.hpp [ok]
  /perf_apps/xiaoming/MegaMoE/3rdparty/composable_kernel/include/ck_tile/ops/gemm/block/block_gemm_areg_breg_creg_v1_custom_policy.hpp -> /perf_apps/xiaoming/MegaMoE/3rdparty/composable_kernel/include/ck_tile/ops/gemm/block/block_gemm_areg_breg_creg_v1_custom_policy_hip.hpp [ok]
  /perf_apps/xiaoming/MegaMoE/3rdparty/composable_kernel/include/ck_tile/ops/gemm/block/block_gemm_areg_breg_creg_v2_custom_policy.hpp -> /perf_apps/xiaoming/MegaMoE/3rdparty/composable_kernel/include/ck_tile/ops/gemm/block/block_gemm_areg_breg_creg_v2_custom_policy_hip.hpp [ok]
  /perf_apps/xiaoming/MegaMoE/3rdparty/composable_kernel/include/ck_tile/ops/gemm/block/block_gemm_areg_breg_creg_v2.hpp -> /perf_apps/xiaoming/MegaMoE/3rdparty/composable_kernel/include/ck_tile/ops/gemm/block/block_gemm_areg_breg_creg_v2_hip.hpp [ok]
  /perf_apps/xiaoming/MegaMoE/3rdparty/composable_kernel/include/ck_tile/ops/gemm/block/block_gemm_areg_bsmem_creg_v1_default_policy.hpp -> /perf_apps/xiaoming/MegaMoE/3rdparty/composable_kernel/include/ck_tile/ops/gemm/block/block_gemm_areg_bsmem_creg_v1_default_policy_hip.hpp [ok]
  /perf_apps/xiaoming/MegaMoE/3rdparty/composable_kernel/include/ck_tile/ops/gemm/block/block_gemm_areg_bsmem_creg_one_warp_v1.hpp -> /perf_apps/xiaoming/MegaMoE/3rdparty/composable_kernel/include/ck_tile/ops/gemm/block/block_gemm_areg_bsmem_creg_one_warp_v1_hip.hpp [ok]
  /perf_apps/xiaoming/MegaMoE/3rdparty/composable_kernel/include/ck_tile/ops/gemm/block/block_gemm_areg_bsmem_creg_v1.hpp -> /perf_apps/xiaoming/MegaMoE/3rdparty/composable_kernel/include/ck_tile/ops/gemm/block/block_gemm_areg_bsmem_creg_v1_hip.hpp [ok]
  /perf_apps/xiaoming/MegaMoE/3rdparty/composable_kernel/include/ck_tile/ops/gemm/block/block_gemm_areg_bsmem_creg_v1_custom_policy.hpp -> /perf_apps/xiaoming/MegaMoE/3rdparty/composable_kernel/include/ck_tile/ops/gemm/block/block_gemm_areg_bsmem_creg_v1_custom_policy_hip.hpp [ok]
  /perf_apps/xiaoming/MegaMoE/3rdparty/composable_kernel/include/ck_tile/ops/gemm/block/block_gemm_areg_bsmem_creg_v2_default_policy.hpp -> /perf_apps/xiaoming/MegaMoE/3rdparty/composable_kernel/include/ck_tile/ops/gemm/block/block_gemm_areg_bsmem_creg_v2_default_policy_hip.hpp [ok]
  /perf_apps/xiaoming/MegaMoE/3rdparty/composable_kernel/include/ck_tile/ops/gemm/block/block_gemm_areg_bsmem_creg_v2.hpp -> /perf_apps/xiaoming/MegaMoE/3rdparty/composable_kernel/include/ck_tile/ops/gemm/block/block_gemm_areg_bsmem_creg_v2_hip.hpp [ok]
  /perf_apps/xiaoming/MegaMoE/3rdparty/composable_kernel/include/ck_tile/ops/gemm/block/block_gemm_areg_bsmem_creg_v2_custom_policy.hpp -> /perf_apps/xiaoming/MegaMoE/3rdparty/composable_kernel/include/ck_tile/ops/gemm/block/block_gemm_areg_bsmem_creg_v2_custom_policy_hip.hpp [ok]
  /perf_apps/xiaoming/MegaMoE/3rdparty/composable_kernel/include/ck_tile/ops/gemm/block/block_gemm_areg_bsmem_creg_v2r1.hpp -> /perf_apps/xiaoming/MegaMoE/3rdparty/composable_kernel/include/ck_tile/ops/gemm/block/block_gemm_areg_bsmem_creg_v2r1_hip.hpp [ok]
  /perf_apps/xiaoming/MegaMoE/3rdparty/composable_kernel/include/ck_tile/ops/gemm/block/block_gemm_asmem_breg_creg_v1_default_policy.hpp -> /perf_apps/xiaoming/MegaMoE/3rdparty/composable_kernel/include/ck_tile/ops/gemm/block/block_gemm_asmem_breg_creg_v1_default_policy_hip.hpp [ok]
  /perf_apps/xiaoming/MegaMoE/3rdparty/composable_kernel/include/ck_tile/ops/gemm/block/block_gemm_asmem_breg_creg_v1.hpp -> /perf_apps/xiaoming/MegaMoE/3rdparty/composable_kernel/include/ck_tile/ops/gemm/block/block_gemm_asmem_breg_creg_v1_hip.hpp [ok]
  /perf_apps/xiaoming/MegaMoE/3rdparty/composable_kernel/include/ck_tile/ops/gemm/block/block_gemm_asmem_breg_creg_v1_custom_policy.hpp -> /perf_apps/xiaoming/MegaMoE/3rdparty/composable_kernel/include/ck_tile/ops/gemm/block/block_gemm_asmem_breg_creg_v1_custom_policy_hip.hpp [ok]
  /perf_apps/xiaoming/MegaMoE/3rdparty/composable_kernel/include/ck_tile/ops/gemm/block/block_gemm_asmem_bsmem_creg_v1_default_policy.hpp -> /perf_apps/xiaoming/MegaMoE/3rdparty/composable_kernel/include/ck_tile/ops/gemm/block/block_gemm_asmem_bsmem_creg_v1_default_policy_hip.hpp [ok]
  /perf_apps/xiaoming/MegaMoE/3rdparty/composable_kernel/include/ck_tile/ops/gemm/block/block_gemm_asmem_bsmem_creg_v1.hpp -> /perf_apps/xiaoming/MegaMoE/3rdparty/composable_kernel/include/ck_tile/ops/gemm/block/block_gemm_asmem_bsmem_creg_v1_hip.hpp [ok]
  /perf_apps/xiaoming/MegaMoE/3rdparty/composable_kernel/include/ck_tile/ops/gemm/block/block_gemm_asmem_bsmem_creg_v1_custom_policy.hpp -> /perf_apps/xiaoming/MegaMoE/3rdparty/composable_kernel/include/ck_tile/ops/gemm/block/block_gemm_asmem_bsmem_creg_v1_custom_policy_hip.hpp [ok]
  /perf_apps/xiaoming/MegaMoE/3rdparty/composable_kernel/include/ck_tile/ops/gemm/block/block_universal_gemm_as_bs_cr.hpp -> /perf_apps/xiaoming/MegaMoE/3rdparty/composable_kernel/include/ck_tile/ops/gemm/block/block_universal_gemm_as_bs_cr_hip.hpp [ok]
  /perf_apps/xiaoming/MegaMoE/3rdparty/composable_kernel/include/ck_tile/ops/gemm/block/block_wp_asmem_bsmem_creg_v1_custom_policy.hpp -> /perf_apps/xiaoming/MegaMoE/3rdparty/composable_kernel/include/ck_tile/ops/gemm/block/block_wp_asmem_bsmem_creg_v1_custom_policy_hip.hpp [ok]
  /perf_apps/xiaoming/MegaMoE/3rdparty/composable_kernel/include/ck_tile/ops/gemm/block/block_wp_asmem_breg_creg.hpp -> /perf_apps/xiaoming/MegaMoE/3rdparty/composable_kernel/include/ck_tile/ops/gemm/block/block_wp_asmem_breg_creg_hip.hpp [ok]
  /perf_apps/xiaoming/MegaMoE/3rdparty/composable_kernel/include/ck_tile/ops/gemm/block/block_wp_asmem_bsmem_creg_v1.hpp -> /perf_apps/xiaoming/MegaMoE/3rdparty/composable_kernel/include/ck_tile/ops/gemm/block/block_wp_asmem_bsmem_creg_v1_hip.hpp [ok]
  /perf_apps/xiaoming/MegaMoE/3rdparty/composable_kernel/include/ck_tile/ops/gemm/kernel/universal_gemm_kernel.hpp -> /perf_apps/xiaoming/MegaMoE/3rdparty/composable_kernel/include/ck_tile/ops/gemm/kernel/universal_gemm_kernel_hip.hpp [ok]
  /perf_apps/xiaoming/MegaMoE/3rdparty/composable_kernel/include/ck_tile/ops/gemm/kernel/gemm_kernel.hpp -> /perf_apps/xiaoming/MegaMoE/3rdparty/composable_kernel/include/ck_tile/ops/gemm/kernel/gemm_kernel_hip.hpp [ok]
  /perf_apps/xiaoming/MegaMoE/3rdparty/composable_kernel/include/ck_tile/ops/gemm/kernel/batched_gemm_kernel.hpp -> /perf_apps/xiaoming/MegaMoE/3rdparty/composable_kernel/include/ck_tile/ops/gemm/kernel/batched_gemm_kernel_hip.hpp [ok]
  /perf_apps/xiaoming/MegaMoE/3rdparty/composable_kernel/include/ck_tile/ops/gemm/kernel/gemm_multi_abd_kernel.hpp -> /perf_apps/xiaoming/MegaMoE/3rdparty/composable_kernel/include/ck_tile/ops/gemm/kernel/gemm_multi_abd_kernel_hip.hpp [ok]
  /perf_apps/xiaoming/MegaMoE/3rdparty/composable_kernel/include/ck_tile/ops/gemm/kernel/gemm_multi_d_kernel.hpp -> /perf_apps/xiaoming/MegaMoE/3rdparty/composable_kernel/include/ck_tile/ops/gemm/kernel/gemm_multi_d_kernel_hip.hpp [ok]
  /perf_apps/xiaoming/MegaMoE/3rdparty/composable_kernel/include/ck_tile/ops/gemm/kernel/gemm_tile_partitioner.hpp -> /perf_apps/xiaoming/MegaMoE/3rdparty/composable_kernel/include/ck_tile/ops/gemm/kernel/gemm_tile_partitioner_hip.hpp [ok]
  /perf_apps/xiaoming/MegaMoE/3rdparty/composable_kernel/include/ck_tile/ops/gemm/pipeline/gemm_universal_pipeline_ag_bg_cr_policy.hpp -> /perf_apps/xiaoming/MegaMoE/3rdparty/composable_kernel/include/ck_tile/ops/gemm/pipeline/gemm_universal_pipeline_ag_bg_cr_policy_hip.hpp [ok]
  /perf_apps/xiaoming/MegaMoE/3rdparty/composable_kernel/include/ck_tile/ops/gemm/pipeline/gemm_pipeline_ag_bg_cr_base.hpp -> /perf_apps/xiaoming/MegaMoE/3rdparty/composable_kernel/include/ck_tile/ops/gemm/pipeline/gemm_pipeline_ag_bg_cr_base_hip.hpp [ok]
  /perf_apps/xiaoming/MegaMoE/3rdparty/composable_kernel/include/ck_tile/ops/gemm/pipeline/gemm_pipeline_ag_bg_cr_comp_v3.hpp -> /perf_apps/xiaoming/MegaMoE/3rdparty/composable_kernel/include/ck_tile/ops/gemm/pipeline/gemm_pipeline_ag_bg_cr_comp_v3_hip.hpp [ok]
  /perf_apps/xiaoming/MegaMoE/3rdparty/composable_kernel/include/ck_tile/ops/gemm/kernel/grouped_gemm_kernel.hpp -> /perf_apps/xiaoming/MegaMoE/3rdparty/composable_kernel/include/ck_tile/ops/gemm/kernel/grouped_gemm_kernel_hip.hpp [ok]
  /perf_apps/xiaoming/MegaMoE/3rdparty/composable_kernel/include/ck_tile/ops/gemm/kernel/streamk_gemm/streamk_gemm_coherency.hpp -> /perf_apps/xiaoming/MegaMoE/3rdparty/composable_kernel/include/ck_tile/ops/gemm/kernel/streamk_gemm/streamk_gemm_coherency_hip.hpp [ok]
  /perf_apps/xiaoming/MegaMoE/3rdparty/composable_kernel/include/ck_tile/ops/gemm/kernel/streamk_gemm/streamk_gemm_kernel.hpp -> /perf_apps/xiaoming/MegaMoE/3rdparty/composable_kernel/include/ck_tile/ops/gemm/kernel/streamk_gemm/streamk_gemm_kernel_hip.hpp [ok]
  /perf_apps/xiaoming/MegaMoE/3rdparty/composable_kernel/include/ck_tile/ops/gemm/kernel/streamk_gemm/streamk_gemm_tile_partitioner_impl.hpp -> /perf_apps/xiaoming/MegaMoE/3rdparty/composable_kernel/include/ck_tile/ops/gemm/kernel/streamk_gemm/streamk_gemm_tile_partitioner_impl_hip.hpp [ok]
  /perf_apps/xiaoming/MegaMoE/3rdparty/composable_kernel/include/ck_tile/ops/gemm/kernel/streamk_gemm/streamk_gemm_tile_partitioner.hpp -> /perf_apps/xiaoming/MegaMoE/3rdparty/composable_kernel/include/ck_tile/ops/gemm/kernel/streamk_gemm/streamk_gemm_tile_partitioner_hip.hpp [ok]
  /perf_apps/xiaoming/MegaMoE/3rdparty/composable_kernel/include/ck_tile/ops/gemm/pipeline/gemm_pipeline_ag_bg_cr_comp_async_default_policy.hpp -> /perf_apps/xiaoming/MegaMoE/3rdparty/composable_kernel/include/ck_tile/ops/gemm/pipeline/gemm_pipeline_ag_bg_cr_comp_async_default_policy_hip.hpp [ok]
  /perf_apps/xiaoming/MegaMoE/3rdparty/composable_kernel/include/ck_tile/ops/gemm/pipeline/gemm_pipeline_ag_bg_cr_comp_async.hpp -> /perf_apps/xiaoming/MegaMoE/3rdparty/composable_kernel/include/ck_tile/ops/gemm/pipeline/gemm_pipeline_ag_bg_cr_comp_async_hip.hpp [ok]
  /perf_apps/xiaoming/MegaMoE/3rdparty/composable_kernel/include/ck_tile/ops/gemm/pipeline/gemm_pipeline_ag_bg_cr_comp_v4_default_policy.hpp -> /perf_apps/xiaoming/MegaMoE/3rdparty/composable_kernel/include/ck_tile/ops/gemm/pipeline/gemm_pipeline_ag_bg_cr_comp_v4_default_policy_hip.hpp [ok]
  /perf_apps/xiaoming/MegaMoE/3rdparty/composable_kernel/include/ck_tile/ops/gemm/pipeline/gemm_pipeline_ag_bg_cr_comp_v4.hpp -> /perf_apps/xiaoming/MegaMoE/3rdparty/composable_kernel/include/ck_tile/ops/gemm/pipeline/gemm_pipeline_ag_bg_cr_comp_v4_hip.hpp [ok]
  /perf_apps/xiaoming/MegaMoE/3rdparty/composable_kernel/include/ck_tile/ops/gemm/pipeline/gemm_pipeline_ag_bg_cr_comp_v5_default_policy.hpp -> /perf_apps/xiaoming/MegaMoE/3rdparty/composable_kernel/include/ck_tile/ops/gemm/pipeline/gemm_pipeline_ag_bg_cr_comp_v5_default_policy_hip.hpp [ok]
  /perf_apps/xiaoming/MegaMoE/3rdparty/composable_kernel/include/ck_tile/ops/gemm/pipeline/gemm_pipeline_ag_bg_cr_comp_v5.hpp -> /perf_apps/xiaoming/MegaMoE/3rdparty/composable_kernel/include/ck_tile/ops/gemm/pipeline/gemm_pipeline_ag_bg_cr_comp_v5_hip.hpp [ok]
  /perf_apps/xiaoming/MegaMoE/3rdparty/composable_kernel/include/ck_tile/ops/gemm/pipeline/gemm_pipeline_ag_bg_cr_comp_v6_default_policy.hpp -> /perf_apps/xiaoming/MegaMoE/3rdparty/composable_kernel/include/ck_tile/ops/gemm/pipeline/gemm_pipeline_ag_bg_cr_comp_v6_default_policy_hip.hpp [ok]
  /perf_apps/xiaoming/MegaMoE/3rdparty/composable_kernel/include/ck_tile/ops/gemm/pipeline/gemm_pipeline_ag_bg_cr_comp_v6.hpp -> /perf_apps/xiaoming/MegaMoE/3rdparty/composable_kernel/include/ck_tile/ops/gemm/pipeline/gemm_pipeline_ag_bg_cr_comp_v6_hip.hpp [ok]
  /perf_apps/xiaoming/MegaMoE/3rdparty/composable_kernel/include/ck_tile/ops/gemm/pipeline/gemm_pipeline_agmem_bgmem_creg_v1_default_policy.hpp -> /perf_apps/xiaoming/MegaMoE/3rdparty/composable_kernel/include/ck_tile/ops/gemm/pipeline/gemm_pipeline_agmem_bgmem_creg_v1_default_policy_hip.hpp [ok]
  /perf_apps/xiaoming/MegaMoE/3rdparty/composable_kernel/include/ck_tile/ops/gemm/pipeline/gemm_pipeline_ag_bg_cr_mem.hpp -> /perf_apps/xiaoming/MegaMoE/3rdparty/composable_kernel/include/ck_tile/ops/gemm/pipeline/gemm_pipeline_ag_bg_cr_mem_hip.hpp [ok]
  /perf_apps/xiaoming/MegaMoE/3rdparty/composable_kernel/include/ck_tile/ops/gemm/pipeline/gemm_pipeline_agmem_bgmem_creg_v1.hpp -> /perf_apps/xiaoming/MegaMoE/3rdparty/composable_kernel/include/ck_tile/ops/gemm/pipeline/gemm_pipeline_agmem_bgmem_creg_v1_hip.hpp [ok]
  /perf_apps/xiaoming/MegaMoE/3rdparty/composable_kernel/include/ck_tile/ops/gemm/pipeline/gemm_pipeline_agmem_bgmem_creg_async_v1.hpp -> /perf_apps/xiaoming/MegaMoE/3rdparty/composable_kernel/include/ck_tile/ops/gemm/pipeline/gemm_pipeline_agmem_bgmem_creg_async_v1_hip.hpp [ok]
  /perf_apps/xiaoming/MegaMoE/3rdparty/composable_kernel/include/ck_tile/ops/gemm/pipeline/gemm_pipeline_agmem_bgmem_creg_v2_default_policy.hpp -> /perf_apps/xiaoming/MegaMoE/3rdparty/composable_kernel/include/ck_tile/ops/gemm/pipeline/gemm_pipeline_agmem_bgmem_creg_v2_default_policy_hip.hpp [ok]
  /perf_apps/xiaoming/MegaMoE/3rdparty/composable_kernel/include/ck_tile/ops/gemm/pipeline/gemm_pipeline_agmem_bgmem_creg_v2.hpp -> /perf_apps/xiaoming/MegaMoE/3rdparty/composable_kernel/include/ck_tile/ops/gemm/pipeline/gemm_pipeline_agmem_bgmem_creg_v2_hip.hpp [ok]
  /perf_apps/xiaoming/MegaMoE/3rdparty/composable_kernel/include/ck_tile/ops/gemm/pipeline/gemm_pipeline_problem.hpp -> /perf_apps/xiaoming/MegaMoE/3rdparty/composable_kernel/include/ck_tile/ops/gemm/pipeline/gemm_pipeline_problem_hip.hpp [ok]
  /perf_apps/xiaoming/MegaMoE/3rdparty/composable_kernel/include/ck_tile/ops/gemm/pipeline/gemm_pipelines.hpp -> /perf_apps/xiaoming/MegaMoE/3rdparty/composable_kernel/include/ck_tile/ops/gemm/pipeline/gemm_pipelines.hpp [skipped, no changes]
  /perf_apps/xiaoming/MegaMoE/3rdparty/composable_kernel/include/ck_tile/ops/gemm/pipeline/tile_gemm_shape.hpp -> /perf_apps/xiaoming/MegaMoE/3rdparty/composable_kernel/include/ck_tile/ops/gemm/pipeline/tile_gemm_shape_hip.hpp [ok]
  /perf_apps/xiaoming/MegaMoE/3rdparty/composable_kernel/include/ck_tile/ops/gemm/pipeline/tile_gemm_traits.hpp -> /perf_apps/xiaoming/MegaMoE/3rdparty/composable_kernel/include/ck_tile/ops/gemm/pipeline/tile_gemm_traits_hip.hpp [ok]
  /perf_apps/xiaoming/MegaMoE/3rdparty/composable_kernel/include/ck_tile/ops/gemm/pipeline/wp_pipeline_agmem_bgmem_creg_base_policy.hpp -> /perf_apps/xiaoming/MegaMoE/3rdparty/composable_kernel/include/ck_tile/ops/gemm/pipeline/wp_pipeline_agmem_bgmem_creg_base_policy_hip.hpp [ok]
  /perf_apps/xiaoming/MegaMoE/3rdparty/composable_kernel/include/ck_tile/ops/gemm/pipeline/wp_pipeline_agmem_bgmem_creg_v2.hpp -> /perf_apps/xiaoming/MegaMoE/3rdparty/composable_kernel/include/ck_tile/ops/gemm/pipeline/wp_pipeline_agmem_bgmem_creg_v2_hip.hpp [ok]
  /perf_apps/xiaoming/MegaMoE/3rdparty/composable_kernel/include/ck_tile/ops/gemm/warp/warp_wmma_gemm_gfx11_utils.hpp -> /perf_apps/xiaoming/MegaMoE/3rdparty/composable_kernel/include/ck_tile/ops/gemm/warp/warp_wmma_gemm_gfx11_utils_hip.hpp [ok]
  /perf_apps/xiaoming/MegaMoE/3rdparty/composable_kernel/include/ck_tile/ops/gemm.hpp -> /perf_apps/xiaoming/MegaMoE/3rdparty/composable_kernel/include/ck_tile/ops/gemm_hip.hpp [ok]
  /perf_apps/xiaoming/MegaMoE/3rdparty/composable_kernel/include/ck_tile/ops/gemm_quant/block/block_gemm_quant_common.hpp -> /perf_apps/xiaoming/MegaMoE/3rdparty/composable_kernel/include/ck_tile/ops/gemm_quant/block/block_gemm_quant_common_hip.hpp [ok]
  /perf_apps/xiaoming/MegaMoE/3rdparty/composable_kernel/include/ck_tile/ops/gemm_quant/block/block_universal_gemm_ar_aquant_flatbr_bquant_cr.hpp -> /perf_apps/xiaoming/MegaMoE/3rdparty/composable_kernel/include/ck_tile/ops/gemm_quant/block/block_universal_gemm_ar_aquant_flatbr_bquant_cr_hip.hpp [ok]
  /perf_apps/xiaoming/MegaMoE/3rdparty/composable_kernel/include/ck_tile/ops/gemm_quant/block/block_universal_gemm_ar_flatbr_bquant_cr.hpp -> /perf_apps/xiaoming/MegaMoE/3rdparty/composable_kernel/include/ck_tile/ops/gemm_quant/block/block_universal_gemm_ar_flatbr_bquant_cr_hip.hpp [ok]
  /perf_apps/xiaoming/MegaMoE/3rdparty/composable_kernel/include/ck_tile/ops/gemm_quant/block/block_universal_gemm_as_aquant_bs_bquant_cr.hpp -> /perf_apps/xiaoming/MegaMoE/3rdparty/composable_kernel/include/ck_tile/ops/gemm_quant/block/block_universal_gemm_as_aquant_bs_bquant_cr_hip.hpp [ok]
  /perf_apps/xiaoming/MegaMoE/3rdparty/composable_kernel/include/ck_tile/ops/gemm_quant/block/block_universal_gemm_as_aquant_bs_bquant_cr_async.hpp -> /perf_apps/xiaoming/MegaMoE/3rdparty/composable_kernel/include/ck_tile/ops/gemm_quant/block/block_universal_gemm_as_aquant_bs_bquant_cr_async_hip.hpp [ok]
  /perf_apps/xiaoming/MegaMoE/3rdparty/composable_kernel/include/ck_tile/ops/gemm_quant/block/block_universal_gemm_as_aquant_bs_cr.hpp -> /perf_apps/xiaoming/MegaMoE/3rdparty/composable_kernel/include/ck_tile/ops/gemm_quant/block/block_universal_gemm_as_aquant_bs_cr_hip.hpp [ok]
  /perf_apps/xiaoming/MegaMoE/3rdparty/composable_kernel/include/ck_tile/ops/gemm_quant/block/block_universal_gemm_as_bs_bquant_cr.hpp -> /perf_apps/xiaoming/MegaMoE/3rdparty/composable_kernel/include/ck_tile/ops/gemm_quant/block/block_universal_gemm_as_bs_bquant_cr_hip.hpp [ok]
  /perf_apps/xiaoming/MegaMoE/3rdparty/composable_kernel/include/ck_tile/ops/gemm_quant/pipeline/tile_gemm_quant_traits.hpp -> /perf_apps/xiaoming/MegaMoE/3rdparty/composable_kernel/include/ck_tile/ops/gemm_quant/pipeline/tile_gemm_quant_traits_hip.hpp [ok]
  /perf_apps/xiaoming/MegaMoE/3rdparty/composable_kernel/include/ck_tile/ops/gemm_quant/kernel/gemm_quant_kernel.hpp -> /perf_apps/xiaoming/MegaMoE/3rdparty/composable_kernel/include/ck_tile/ops/gemm_quant/kernel/gemm_quant_kernel_hip.hpp [ok]
  /perf_apps/xiaoming/MegaMoE/3rdparty/composable_kernel/include/ck_tile/ops/gemm_quant/kernel/grouped_gemm_quant_kernel.hpp -> /perf_apps/xiaoming/MegaMoE/3rdparty/composable_kernel/include/ck_tile/ops/gemm_quant/kernel/grouped_gemm_quant_kernel_hip.hpp [ok]
  /perf_apps/xiaoming/MegaMoE/3rdparty/composable_kernel/include/ck_tile/ops/gemm_quant/pipeline/gemm_aquant_pipeline_ag_bg_cr_base.hpp -> /perf_apps/xiaoming/MegaMoE/3rdparty/composable_kernel/include/ck_tile/ops/gemm_quant/pipeline/gemm_aquant_pipeline_ag_bg_cr_base_hip.hpp [ok]
  /perf_apps/xiaoming/MegaMoE/3rdparty/composable_kernel/include/ck_tile/ops/gemm_quant/pipeline/gemm_bquant_pipeline_ag_bg_cr_base.hpp -> /perf_apps/xiaoming/MegaMoE/3rdparty/composable_kernel/include/ck_tile/ops/gemm_quant/pipeline/gemm_bquant_pipeline_ag_bg_cr_base_hip.hpp [ok]
  /perf_apps/xiaoming/MegaMoE/3rdparty/composable_kernel/include/ck_tile/ops/gemm_quant/pipeline/gemm_abquant_pipeline_ag_bg_cr_base.hpp -> /perf_apps/xiaoming/MegaMoE/3rdparty/composable_kernel/include/ck_tile/ops/gemm_quant/pipeline/gemm_abquant_pipeline_ag_bg_cr_base_hip.hpp [ok]
  /perf_apps/xiaoming/MegaMoE/3rdparty/composable_kernel/include/ck_tile/ops/gemm_quant/pipeline/gemm_group_quant_utils.hpp -> /perf_apps/xiaoming/MegaMoE/3rdparty/composable_kernel/include/ck_tile/ops/gemm_quant/pipeline/gemm_group_quant_utils_hip.hpp [ok]
  /perf_apps/xiaoming/MegaMoE/3rdparty/composable_kernel/include/ck_tile/ops/gemm_quant/pipeline/gemm_aquant_pipeline_ag_bg_cr_policy.hpp -> /perf_apps/xiaoming/MegaMoE/3rdparty/composable_kernel/include/ck_tile/ops/gemm_quant/pipeline/gemm_aquant_pipeline_ag_bg_cr_policy_hip.hpp [ok]
  /perf_apps/xiaoming/MegaMoE/3rdparty/composable_kernel/include/ck_tile/ops/gemm_quant/pipeline/gemm_bquant_pipeline_ag_bg_cr_policy.hpp -> /perf_apps/xiaoming/MegaMoE/3rdparty/composable_kernel/include/ck_tile/ops/gemm_quant/pipeline/gemm_bquant_pipeline_ag_bg_cr_policy_hip.hpp [ok]
  /perf_apps/xiaoming/MegaMoE/3rdparty/composable_kernel/include/ck_tile/ops/gemm_quant/pipeline/gemm_abquant_pipeline_ag_bg_cr_async_policy.hpp -> /perf_apps/xiaoming/MegaMoE/3rdparty/composable_kernel/include/ck_tile/ops/gemm_quant/pipeline/gemm_abquant_pipeline_ag_bg_cr_async_policy_hip.hpp [ok]
  /perf_apps/xiaoming/MegaMoE/3rdparty/composable_kernel/include/ck_tile/ops/gemm_quant/pipeline/gemm_abquant_pipeline_ag_bg_cr_async.hpp -> /perf_apps/xiaoming/MegaMoE/3rdparty/composable_kernel/include/ck_tile/ops/gemm_quant/pipeline/gemm_abquant_pipeline_ag_bg_cr_async_hip.hpp [ok]
  /perf_apps/xiaoming/MegaMoE/3rdparty/composable_kernel/include/ck_tile/ops/gemm_quant/pipeline/gemm_abquant_pipeline_ag_bg_cr_policy.hpp -> /perf_apps/xiaoming/MegaMoE/3rdparty/composable_kernel/include/ck_tile/ops/gemm_quant/pipeline/gemm_abquant_pipeline_ag_bg_cr_policy_hip.hpp [ok]
  /perf_apps/xiaoming/MegaMoE/3rdparty/composable_kernel/include/ck_tile/ops/gemm_quant/pipeline/gemm_abquant_pipeline_ag_bg_cr_v3.hpp -> /perf_apps/xiaoming/MegaMoE/3rdparty/composable_kernel/include/ck_tile/ops/gemm_quant/pipeline/gemm_abquant_pipeline_ag_bg_cr_v3_hip.hpp [ok]
  /perf_apps/xiaoming/MegaMoE/3rdparty/composable_kernel/include/ck_tile/ops/gemm_quant/pipeline/gemm_aquant_pipeline_ag_bg_cr_mem.hpp -> /perf_apps/xiaoming/MegaMoE/3rdparty/composable_kernel/include/ck_tile/ops/gemm_quant/pipeline/gemm_aquant_pipeline_ag_bg_cr_mem_hip.hpp [ok]
  /perf_apps/xiaoming/MegaMoE/3rdparty/composable_kernel/include/ck_tile/ops/gemm_quant/pipeline/gemm_aquant_pipeline_ag_bg_cr_v3.hpp -> /perf_apps/xiaoming/MegaMoE/3rdparty/composable_kernel/include/ck_tile/ops/gemm_quant/pipeline/gemm_aquant_pipeline_ag_bg_cr_v3_hip.hpp [ok]
  /perf_apps/xiaoming/MegaMoE/3rdparty/composable_kernel/include/ck_tile/ops/gemm_quant/pipeline/gemm_bquant_pipeline_ag_bg_cr_v3.hpp -> /perf_apps/xiaoming/MegaMoE/3rdparty/composable_kernel/include/ck_tile/ops/gemm_quant/pipeline/gemm_bquant_pipeline_ag_bg_cr_v3_hip.hpp [ok]
  /perf_apps/xiaoming/MegaMoE/3rdparty/composable_kernel/include/ck_tile/ops/gemm_quant/pipeline/gemm_microscale_pipeline_ag_bg_cr_base.hpp -> /perf_apps/xiaoming/MegaMoE/3rdparty/composable_kernel/include/ck_tile/ops/gemm_quant/pipeline/gemm_microscale_pipeline_ag_bg_cr_base_hip.hpp [ok]
  /perf_apps/xiaoming/MegaMoE/3rdparty/composable_kernel/include/ck_tile/ops/gemm_quant/pipeline/gemm_microscale_pipeline_ag_bg_cr_policy.hpp -> /perf_apps/xiaoming/MegaMoE/3rdparty/composable_kernel/include/ck_tile/ops/gemm_quant/pipeline/gemm_microscale_pipeline_ag_bg_cr_policy_hip.hpp [ok]
  /perf_apps/xiaoming/MegaMoE/3rdparty/composable_kernel/include/ck_tile/ops/gemm_quant/pipeline/gemm_microscale_pipeline_ag_bg_cr_v3.hpp -> /perf_apps/xiaoming/MegaMoE/3rdparty/composable_kernel/include/ck_tile/ops/gemm_quant/pipeline/gemm_microscale_pipeline_ag_bg_cr_v3_hip.hpp [ok]
  /perf_apps/xiaoming/MegaMoE/3rdparty/composable_kernel/include/ck_tile/ops/gemm_quant/pipeline/gemm_quant_pipeline_problem.hpp -> /perf_apps/xiaoming/MegaMoE/3rdparty/composable_kernel/include/ck_tile/ops/gemm_quant/pipeline/gemm_quant_pipeline_problem_hip.hpp [ok]
  /perf_apps/xiaoming/MegaMoE/3rdparty/composable_kernel/include/ck_tile/ops/gemm_quant/pipeline/gemm_wp_abquant_pipeline_ag_bg_cr_base_policy.hpp -> /perf_apps/xiaoming/MegaMoE/3rdparty/composable_kernel/include/ck_tile/ops/gemm_quant/pipeline/gemm_wp_abquant_pipeline_ag_bg_cr_base_policy_hip.hpp [ok]
  /perf_apps/xiaoming/MegaMoE/3rdparty/composable_kernel/include/ck_tile/ops/gemm_quant/pipeline/gemm_wp_abquant_pipeline_ag_bg_cr_v2.hpp -> /perf_apps/xiaoming/MegaMoE/3rdparty/composable_kernel/include/ck_tile/ops/gemm_quant/pipeline/gemm_wp_abquant_pipeline_ag_bg_cr_v2_hip.hpp [ok]
  /perf_apps/xiaoming/MegaMoE/3rdparty/composable_kernel/include/ck_tile/ops/gemm_quant/pipeline/gemm_wp_bquant_pipeline_ag_bg_cr_base_policy.hpp -> /perf_apps/xiaoming/MegaMoE/3rdparty/composable_kernel/include/ck_tile/ops/gemm_quant/pipeline/gemm_wp_bquant_pipeline_ag_bg_cr_base_policy_hip.hpp [ok]
  /perf_apps/xiaoming/MegaMoE/3rdparty/composable_kernel/include/ck_tile/ops/gemm_quant/pipeline/gemm_wp_bquant_pipeline_ag_bg_cr_v2.hpp -> /perf_apps/xiaoming/MegaMoE/3rdparty/composable_kernel/include/ck_tile/ops/gemm_quant/pipeline/gemm_wp_bquant_pipeline_ag_bg_cr_v2_hip.hpp [ok]
  /perf_apps/xiaoming/MegaMoE/3rdparty/composable_kernel/include/ck_tile/ops/gemm_quant.hpp -> /perf_apps/xiaoming/MegaMoE/3rdparty/composable_kernel/include/ck_tile/ops/gemm_quant_hip.hpp [ok]
  /perf_apps/xiaoming/MegaMoE/csrc/kernels/gemm/ck/ck_gemm_kernel_config.h -> /perf_apps/xiaoming/MegaMoE/csrc/kernels/gemm/ck/ck_gemm_kernel_config_hip.h [ok]
  /perf_apps/xiaoming/MegaMoE/csrc/kernels/gemm/ck/ck_gemm_kernel_template.h -> /perf_apps/xiaoming/MegaMoE/csrc/kernels/gemm/ck/ck_gemm_kernel_template_hip.h [ok]
  /perf_apps/xiaoming/MegaMoE/csrc/kernels/gemm/ck/ck_gemm_kernel_instance_factory.h -> /perf_apps/xiaoming/MegaMoE/csrc/kernels/gemm/ck/ck_gemm_kernel_instance_factory_hip.h [ok]
  /perf_apps/xiaoming/MegaMoE/csrc/include/primus_turbo/gemm.h -> /perf_apps/xiaoming/MegaMoE/csrc/include/primus_turbo/gemm_hip.h [ok]
  /perf_apps/xiaoming/MegaMoE/csrc/kernels/gemm/ck_gemm.cu -> /perf_apps/xiaoming/MegaMoE/csrc/kernels/gemm/ck_gemm.hip [ok]
  /perf_apps/xiaoming/MegaMoE/csrc/kernels/gemm/hipblaslt_gemm.cu -> /perf_apps/xiaoming/MegaMoE/csrc/kernels/gemm/hipblaslt_gemm.hip [ok]
  /perf_apps/xiaoming/MegaMoE/csrc/include/primus_turbo/device/memory.cuh -> /perf_apps/xiaoming/MegaMoE/csrc/include/primus_turbo/device/memory.cuh [skipped, no changes]
  /perf_apps/xiaoming/MegaMoE/csrc/include/primus_turbo/device/mfma.cuh -> /perf_apps/xiaoming/MegaMoE/csrc/include/primus_turbo/device/mfma.cuh [skipped, no changes]
  /perf_apps/xiaoming/MegaMoE/csrc/include/primus_turbo/device/register.cuh -> /perf_apps/xiaoming/MegaMoE/csrc/include/primus_turbo/device/register.cuh [skipped, no changes]
  /perf_apps/xiaoming/MegaMoE/csrc/kernels/gemm/turbo/turbo_gemm_mxfp8_kernel.h -> /perf_apps/xiaoming/MegaMoE/csrc/kernels/gemm/turbo/turbo_gemm_mxfp8_kernel_hip.h [ok]
  /perf_apps/xiaoming/MegaMoE/csrc/kernels/gemm/turbo_gemm.cu -> /perf_apps/xiaoming/MegaMoE/csrc/kernels/gemm/turbo_gemm.hip [ok]
  /perf_apps/xiaoming/MegaMoE/csrc/kernels/gemm/ck/ck_gemm_kernel_instance_factory.cu -> /perf_apps/xiaoming/MegaMoE/csrc/kernels/gemm/ck/ck_gemm_kernel_instance_factory.hip [ok]
  /perf_apps/xiaoming/MegaMoE/csrc/kernels/gemm/ck/instantiations/ck_gemm_kernel_fp8_e4m3_bf16_gfx950.cu -> /perf_apps/xiaoming/MegaMoE/csrc/kernels/gemm/ck/instantiations/ck_gemm_kernel_fp8_e4m3_bf16_gfx950.hip [ok]
  /perf_apps/xiaoming/MegaMoE/csrc/kernels/gemm/ck/instantiations/ck_gemm_kernel_fp8_e4m3_fp16_gfx950.cu -> /perf_apps/xiaoming/MegaMoE/csrc/kernels/gemm/ck/instantiations/ck_gemm_kernel_fp8_e4m3_fp16_gfx950.hip [ok]
  /perf_apps/xiaoming/MegaMoE/csrc/kernels/gemm/ck/instantiations/ck_gemm_kernel_fp8_e4m3xe5m2_bf16_gfx950.cu -> /perf_apps/xiaoming/MegaMoE/csrc/kernels/gemm/ck/instantiations/ck_gemm_kernel_fp8_e4m3xe5m2_bf16_gfx950.hip [ok]
  /perf_apps/xiaoming/MegaMoE/csrc/kernels/gemm/ck/instantiations/ck_gemm_kernel_fp8_e4m3xe5m2_fp16_gfx950.cu -> /perf_apps/xiaoming/MegaMoE/csrc/kernels/gemm/ck/instantiations/ck_gemm_kernel_fp8_e4m3xe5m2_fp16_gfx950.hip [ok]
  /perf_apps/xiaoming/MegaMoE/csrc/kernels/gemm/ck/instantiations/ck_gemm_kernel_fp8_e5m2_bf16_gfx950.cu -> /perf_apps/xiaoming/MegaMoE/csrc/kernels/gemm/ck/instantiations/ck_gemm_kernel_fp8_e5m2_bf16_gfx950.hip [ok]
  /perf_apps/xiaoming/MegaMoE/csrc/kernels/gemm/ck/instantiations/ck_gemm_kernel_fp8_e5m2_fp16_gfx950.cu -> /perf_apps/xiaoming/MegaMoE/csrc/kernels/gemm/ck/instantiations/ck_gemm_kernel_fp8_e5m2_fp16_gfx950.hip [ok]
  /perf_apps/xiaoming/MegaMoE/csrc/kernels/gemm/ck/instantiations/ck_gemm_kernel_fp8_e5m2xe4m3_bf16_gfx950.cu -> /perf_apps/xiaoming/MegaMoE/csrc/kernels/gemm/ck/instantiations/ck_gemm_kernel_fp8_e5m2xe4m3_bf16_gfx950.hip [ok]
  /perf_apps/xiaoming/MegaMoE/csrc/kernels/gemm/ck/instantiations/ck_gemm_kernel_fp8_e5m2xe4m3_fp16_gfx950.cu -> /perf_apps/xiaoming/MegaMoE/csrc/kernels/gemm/ck/instantiations/ck_gemm_kernel_fp8_e5m2xe4m3_fp16_gfx950.hip [ok]
  /perf_apps/xiaoming/MegaMoE/csrc/kernels/grouped_gemm/ck/ck_grouped_gemm_kernel_config.h -> /perf_apps/xiaoming/MegaMoE/csrc/kernels/grouped_gemm/ck/ck_grouped_gemm_kernel_config_hip.h [ok]
  /perf_apps/xiaoming/MegaMoE/csrc/kernels/grouped_gemm/ck/grouped_gemm_kernel_ws.hpp -> /perf_apps/xiaoming/MegaMoE/csrc/kernels/grouped_gemm/ck/grouped_gemm_kernel_ws_hip.hpp [ok]
  /perf_apps/xiaoming/MegaMoE/csrc/kernels/grouped_gemm/ck/ck_grouped_gemm_kernel_template.h -> /perf_apps/xiaoming/MegaMoE/csrc/kernels/grouped_gemm/ck/ck_grouped_gemm_kernel_template_hip.h [ok]
  /perf_apps/xiaoming/MegaMoE/csrc/kernels/grouped_gemm/ck/ck_grouped_gemm_kernel_instance_factory.h -> /perf_apps/xiaoming/MegaMoE/csrc/kernels/grouped_gemm/ck/ck_grouped_gemm_kernel_instance_factory_hip.h [ok]
  /perf_apps/xiaoming/MegaMoE/csrc/include/primus_turbo/grouped_gemm.h -> /perf_apps/xiaoming/MegaMoE/csrc/include/primus_turbo/grouped_gemm_hip.h [ok]
  /perf_apps/xiaoming/MegaMoE/csrc/kernels/grouped_gemm/ck_grouped_gemm.cu -> /perf_apps/xiaoming/MegaMoE/csrc/kernels/grouped_gemm/ck_grouped_gemm.hip [ok]
  /perf_apps/xiaoming/MegaMoE/csrc/kernels/grouped_gemm/hipblaslt_grouped_gemm.cu -> /perf_apps/xiaoming/MegaMoE/csrc/kernels/grouped_gemm/hipblaslt_grouped_gemm.hip [ok]
  /perf_apps/xiaoming/MegaMoE/csrc/kernels/grouped_gemm/ck/ck_grouped_gemm_kernel_instance_factory.cu -> /perf_apps/xiaoming/MegaMoE/csrc/kernels/grouped_gemm/ck/ck_grouped_gemm_kernel_instance_factory.hip [ok]
  /perf_apps/xiaoming/MegaMoE/csrc/kernels/grouped_gemm/ck/instantiations/ck_grouped_gemm_kernel_bf16.cu -> /perf_apps/xiaoming/MegaMoE/csrc/kernels/grouped_gemm/ck/instantiations/ck_grouped_gemm_kernel_bf16.hip [ok]
  /perf_apps/xiaoming/MegaMoE/csrc/kernels/grouped_gemm/ck/instantiations/ck_grouped_gemm_kernel_fp16.cu -> /perf_apps/xiaoming/MegaMoE/csrc/kernels/grouped_gemm/ck/instantiations/ck_grouped_gemm_kernel_fp16.hip [ok]
  /perf_apps/xiaoming/MegaMoE/csrc/kernels/grouped_gemm/ck/instantiations/ck_grouped_gemm_kernel_fp8_e4m3_bf16_gfx950.cu -> /perf_apps/xiaoming/MegaMoE/csrc/kernels/grouped_gemm/ck/instantiations/ck_grouped_gemm_kernel_fp8_e4m3_bf16_gfx950.hip [ok]
  /perf_apps/xiaoming/MegaMoE/csrc/kernels/grouped_gemm/ck/instantiations/ck_grouped_gemm_kernel_fp8_e4m3_fp16_gfx950.cu -> /perf_apps/xiaoming/MegaMoE/csrc/kernels/grouped_gemm/ck/instantiations/ck_grouped_gemm_kernel_fp8_e4m3_fp16_gfx950.hip [ok]
  /perf_apps/xiaoming/MegaMoE/csrc/kernels/grouped_gemm/ck/instantiations/ck_grouped_gemm_kernel_fp8_e4m3xe5m2_bf16_gfx950.cu -> /perf_apps/xiaoming/MegaMoE/csrc/kernels/grouped_gemm/ck/instantiations/ck_grouped_gemm_kernel_fp8_e4m3xe5m2_bf16_gfx950.hip [ok]
  /perf_apps/xiaoming/MegaMoE/csrc/kernels/grouped_gemm/ck/instantiations/ck_grouped_gemm_kernel_fp8_e4m3xe5m2_fp16_gfx950.cu -> /perf_apps/xiaoming/MegaMoE/csrc/kernels/grouped_gemm/ck/instantiations/ck_grouped_gemm_kernel_fp8_e4m3xe5m2_fp16_gfx950.hip [ok]
  /perf_apps/xiaoming/MegaMoE/csrc/kernels/grouped_gemm/ck/instantiations/ck_grouped_gemm_kernel_fp8_e5m2_bf16_gfx950.cu -> /perf_apps/xiaoming/MegaMoE/csrc/kernels/grouped_gemm/ck/instantiations/ck_grouped_gemm_kernel_fp8_e5m2_bf16_gfx950.hip [ok]
  /perf_apps/xiaoming/MegaMoE/csrc/kernels/grouped_gemm/ck/instantiations/ck_grouped_gemm_kernel_fp8_e5m2_fp16_gfx950.cu -> /perf_apps/xiaoming/MegaMoE/csrc/kernels/grouped_gemm/ck/instantiations/ck_grouped_gemm_kernel_fp8_e5m2_fp16_gfx950.hip [ok]
  /perf_apps/xiaoming/MegaMoE/csrc/kernels/grouped_gemm/ck/instantiations/ck_grouped_gemm_kernel_fp8_e5m2xe4m3_bf16_gfx950.cu -> /perf_apps/xiaoming/MegaMoE/csrc/kernels/grouped_gemm/ck/instantiations/ck_grouped_gemm_kernel_fp8_e5m2xe4m3_bf16_gfx950.hip [ok]
  /perf_apps/xiaoming/MegaMoE/csrc/kernels/grouped_gemm/ck/instantiations/ck_grouped_gemm_kernel_fp8_e5m2xe4m3_fp16_gfx950.cu -> /perf_apps/xiaoming/MegaMoE/csrc/kernels/grouped_gemm/ck/instantiations/ck_grouped_gemm_kernel_fp8_e5m2xe4m3_fp16_gfx950.hip [ok]
  /perf_apps/xiaoming/MegaMoE/csrc/kernels/moe_permute/moe_permute.cuh -> /perf_apps/xiaoming/MegaMoE/csrc/kernels/moe_permute/moe_permute_hip.cuh [ok]
  /perf_apps/xiaoming/MegaMoE/csrc/include/primus_turbo/moe_permute.h -> /perf_apps/xiaoming/MegaMoE/csrc/include/primus_turbo/moe_permute.h [skipped, no changes]
  /perf_apps/xiaoming/MegaMoE/csrc/kernels/moe_permute/moe_permute.cu -> /perf_apps/xiaoming/MegaMoE/csrc/kernels/moe_permute/moe_permute.hip [ok]
  /perf_apps/xiaoming/MegaMoE/csrc/include/primus_turbo/device/utils.cuh -> /perf_apps/xiaoming/MegaMoE/csrc/include/primus_turbo/device/utils.cuh [skipped, no changes]
  /perf_apps/xiaoming/MegaMoE/csrc/include/primus_turbo/device/reduce.cuh -> /perf_apps/xiaoming/MegaMoE/csrc/include/primus_turbo/device/reduce_hip.cuh [ok]
  /perf_apps/xiaoming/MegaMoE/csrc/include/primus_turbo/normalization.h -> /perf_apps/xiaoming/MegaMoE/csrc/include/primus_turbo/normalization.h [skipped, no changes]
  /perf_apps/xiaoming/MegaMoE/csrc/kernels/normalization/normalization_bwd.cu -> /perf_apps/xiaoming/MegaMoE/csrc/kernels/normalization/normalization_bwd.hip [ok]
  /perf_apps/xiaoming/MegaMoE/csrc/kernels/normalization/normalization_fwd.cu -> /perf_apps/xiaoming/MegaMoE/csrc/kernels/normalization/normalization_fwd.hip [ok]
  /perf_apps/xiaoming/MegaMoE/csrc/include/primus_turbo/odc_rocshmem/api.h -> /perf_apps/xiaoming/MegaMoE/csrc/include/primus_turbo/odc_rocshmem/api.h [skipped, no changes]
  /perf_apps/xiaoming/MegaMoE/csrc/kernels/odc_rocshmem/odc_rocshmem_gda.cu -> /perf_apps/xiaoming/MegaMoE/csrc/kernels/odc_rocshmem/odc_rocshmem_gda.hip [ok]
  /perf_apps/xiaoming/MegaMoE/csrc/kernels/odc_rocshmem/odc_rocshmem_host.cu -> /perf_apps/xiaoming/MegaMoE/csrc/kernels/odc_rocshmem/odc_rocshmem_host.cu [skipped, no changes]
  /perf_apps/xiaoming/MegaMoE/csrc/include/primus_turbo/quantization.h -> /perf_apps/xiaoming/MegaMoE/csrc/include/primus_turbo/quantization.h [skipped, no changes]
  /perf_apps/xiaoming/MegaMoE/csrc/kernels/quantization/dequantization_mxfp4.cu -> /perf_apps/xiaoming/MegaMoE/csrc/kernels/quantization/dequantization_mxfp4.hip [ok]
  /perf_apps/xiaoming/MegaMoE/csrc/kernels/quantization/dequantization_mxfp8.cu -> /perf_apps/xiaoming/MegaMoE/csrc/kernels/quantization/dequantization_mxfp8.hip [ok]
  /perf_apps/xiaoming/MegaMoE/csrc/kernels/quantization/quantization_blockwise.cu -> /perf_apps/xiaoming/MegaMoE/csrc/kernels/quantization/quantization_blockwise.hip [ok]
  /perf_apps/xiaoming/MegaMoE/csrc/include/primus_turbo/shuffle.h -> /perf_apps/xiaoming/MegaMoE/csrc/include/primus_turbo/shuffle.h [skipped, no changes]
  /perf_apps/xiaoming/MegaMoE/csrc/include/primus_turbo/device/shuffle.cuh -> /perf_apps/xiaoming/MegaMoE/csrc/include/primus_turbo/device/shuffle.cuh [skipped, no changes]
  /perf_apps/xiaoming/MegaMoE/csrc/include/primus_turbo/memory_pack.h -> /perf_apps/xiaoming/MegaMoE/csrc/include/primus_turbo/memory_pack.h [skipped, no changes]
  /perf_apps/xiaoming/MegaMoE/csrc/kernels/quantization/quantization_mxfp4.cu -> /perf_apps/xiaoming/MegaMoE/csrc/kernels/quantization/quantization_mxfp4.hip [ok]
  /perf_apps/xiaoming/MegaMoE/csrc/kernels/quantization/quantization_mxfp8.cu -> /perf_apps/xiaoming/MegaMoE/csrc/kernels/quantization/quantization_mxfp8.hip [ok]
  /perf_apps/xiaoming/MegaMoE/csrc/include/primus_turbo/device/quant_utils.cuh -> /perf_apps/xiaoming/MegaMoE/csrc/include/primus_turbo/device/quant_utils_hip.cuh [ok]
  /perf_apps/xiaoming/MegaMoE/csrc/kernels/quantization/quantization_rowwise.cu -> /perf_apps/xiaoming/MegaMoE/csrc/kernels/quantization/quantization_rowwise.hip [ok]
  /perf_apps/xiaoming/MegaMoE/csrc/include/primus_turbo/elementwise/unary_kernel_template.cuh -> /perf_apps/xiaoming/MegaMoE/csrc/include/primus_turbo/elementwise/unary_kernel_template.cuh [skipped, no changes]
  /perf_apps/xiaoming/MegaMoE/csrc/kernels/quantization/quantization_tensorwise.cu -> /perf_apps/xiaoming/MegaMoE/csrc/kernels/quantization/quantization_tensorwise.hip [ok]
  /perf_apps/xiaoming/MegaMoE/csrc/include/primus_turbo/reduce.h -> /perf_apps/xiaoming/MegaMoE/csrc/include/primus_turbo/reduce.h [skipped, no changes]
  /perf_apps/xiaoming/MegaMoE/csrc/kernels/reduce/reduce_col.cuh -> /perf_apps/xiaoming/MegaMoE/csrc/kernels/reduce/reduce_col_hip.cuh [ok]
  /perf_apps/xiaoming/MegaMoE/csrc/kernels/reduce/reduce_row.cuh -> /perf_apps/xiaoming/MegaMoE/csrc/kernels/reduce/reduce_row_hip.cuh [ok]
  /perf_apps/xiaoming/MegaMoE/csrc/kernels/reduce/reduce.cu -> /perf_apps/xiaoming/MegaMoE/csrc/kernels/reduce/reduce.hip [ok]
  /perf_apps/xiaoming/MegaMoE/csrc/kernels/shuffle/shuffle.cu -> /perf_apps/xiaoming/MegaMoE/csrc/kernels/shuffle/shuffle.hip [ok]
  /perf_apps/xiaoming/MegaMoE/csrc/include/primus_turbo/transpose.h -> /perf_apps/xiaoming/MegaMoE/csrc/include/primus_turbo/transpose.h [skipped, no changes]
  /perf_apps/xiaoming/MegaMoE/csrc/kernels/transpose/transpose_2d.cu -> /perf_apps/xiaoming/MegaMoE/csrc/kernels/transpose/transpose_2d.hip [ok]
  [92mSuccessfully preprocessed all matching files.[0m
  Total number of unsupported CUDA function calls: 0


  Total number of replaced kernel launches: 98
  /perf_apps/xiaoming/MegaMoE/csrc/include/primus_turbo/macros.h -> /perf_apps/xiaoming/MegaMoE/csrc/include/primus_turbo/macros.h [skipped, no changes]
  /perf_apps/xiaoming/MegaMoE/csrc/include/primus_turbo/arch.h -> /perf_apps/xiaoming/MegaMoE/csrc/include/primus_turbo/arch.h [skipped, no changes]
  /perf_apps/xiaoming/MegaMoE/csrc/include/primus_turbo/platform.h -> /perf_apps/xiaoming/MegaMoE/csrc/include/primus_turbo/platform.h [skipped, no changes]
  /perf_apps/xiaoming/MegaMoE/csrc/include/primus_turbo/floating_point_utils.h -> /perf_apps/xiaoming/MegaMoE/csrc/include/primus_turbo/floating_point_utils.h [skipped, no changes]
  /perf_apps/xiaoming/MegaMoE/csrc/include/primus_turbo/float4.h -> /perf_apps/xiaoming/MegaMoE/csrc/include/primus_turbo/float4.h [skipped, no changes]
  /perf_apps/xiaoming/MegaMoE/csrc/include/primus_turbo/float8.h -> /perf_apps/xiaoming/MegaMoE/csrc/include/primus_turbo/float8.h [skipped, no changes]
  /perf_apps/xiaoming/MegaMoE/csrc/include/primus_turbo/dtype.h -> /perf_apps/xiaoming/MegaMoE/csrc/include/primus_turbo/dtype.h [skipped, no changes]
  /perf_apps/xiaoming/MegaMoE/csrc/include/primus_turbo/common.h -> /perf_apps/xiaoming/MegaMoE/csrc/include/primus_turbo/common.h [skipped, no changes]
  /perf_apps/xiaoming/MegaMoE/csrc/include/primus_turbo/deep_ep/api.h -> /perf_apps/xiaoming/MegaMoE/csrc/include/primus_turbo/deep_ep/api.h [skipped, no changes]
  /perf_apps/xiaoming/MegaMoE/csrc/include/primus_turbo/deep_ep/configs.h -> /perf_apps/xiaoming/MegaMoE/csrc/include/primus_turbo/deep_ep/configs.h [skipped, no changes]
  /perf_apps/xiaoming/MegaMoE/csrc/include/primus_turbo/deep_ep/config.hpp -> /perf_apps/xiaoming/MegaMoE/csrc/include/primus_turbo/deep_ep/config.hpp [skipped, no changes]
  /perf_apps/xiaoming/MegaMoE/csrc/pytorch/deep_ep/event.hpp -> /perf_apps/xiaoming/MegaMoE/csrc/pytorch/deep_ep/event_hip.hpp [ok]
  /perf_apps/xiaoming/MegaMoE/csrc/pytorch/deep_ep/deep_ep.hpp -> /perf_apps/xiaoming/MegaMoE/csrc/pytorch/deep_ep/deep_ep_hip.hpp [ok]
  /perf_apps/xiaoming/MegaMoE/csrc/pytorch/extensions.h -> /perf_apps/xiaoming/MegaMoE/csrc/pytorch/extensions_hip.h [ok]
  /perf_apps/xiaoming/MegaMoE/csrc/pytorch/bindings_pytorch.cpp -> /perf_apps/xiaoming/MegaMoE/csrc/pytorch/bindings_pytorch_hip.cpp [ok]
  /perf_apps/xiaoming/MegaMoE/csrc/pytorch/deep_ep/deep_ep.cpp -> /perf_apps/xiaoming/MegaMoE/csrc/pytorch/deep_ep/deep_ep_hip.cpp [ok]
  /perf_apps/xiaoming/MegaMoE/csrc/include/primus_turbo/odc_rocshmem/api.h -> /perf_apps/xiaoming/MegaMoE/csrc/include/primus_turbo/odc_rocshmem/api.h [skipped, no changes]
  /perf_apps/xiaoming/MegaMoE/csrc/pytorch/dist/odc_rocshmem_gda.cpp -> /perf_apps/xiaoming/MegaMoE/csrc/pytorch/dist/odc_rocshmem_gda_hip.cpp [ok]
  /perf_apps/xiaoming/MegaMoE/csrc/pytorch/dist/odc_rocshmem_host.cpp -> /perf_apps/xiaoming/MegaMoE/csrc/pytorch/dist/odc_rocshmem_host_hip.cpp [ok]
  /perf_apps/xiaoming/MegaMoE/3rdparty/composable_kernel/include/ck_tile/core/config.hpp -> /perf_apps/xiaoming/MegaMoE/3rdparty/composable_kernel/include/ck_tile/core/config.hpp [skipped, no changes]
  /perf_apps/xiaoming/MegaMoE/3rdparty/composable_kernel/include/ck_tile/core/numeric/integer.hpp -> /perf_apps/xiaoming/MegaMoE/3rdparty/composable_kernel/include/ck_tile/core/numeric/integer.hpp [skipped, no changes]
  /perf_apps/xiaoming/MegaMoE/3rdparty/composable_kernel/include/ck_tile/core/numeric/integral_constant.hpp -> /perf_apps/xiaoming/MegaMoE/3rdparty/composable_kernel/include/ck_tile/core/numeric/integral_constant.hpp [skipped, no changes]
  /perf_apps/xiaoming/MegaMoE/3rdparty/composable_kernel/include/ck_tile/core/numeric/numeric.hpp -> /perf_apps/xiaoming/MegaMoE/3rdparty/composable_kernel/include/ck_tile/core/numeric/numeric.hpp [skipped, no changes]
  /perf_apps/xiaoming/MegaMoE/3rdparty/composable_kernel/include/ck_tile/core/utility/type_traits.hpp -> /perf_apps/xiaoming/MegaMoE/3rdparty/composable_kernel/include/ck_tile/core/utility/type_traits.hpp [skipped, no changes]
  /perf_apps/xiaoming/MegaMoE/3rdparty/composable_kernel/include/ck_tile/core/container/static_array.hpp -> /perf_apps/xiaoming/MegaMoE/3rdparty/composable_kernel/include/ck_tile/core/container/static_array.hpp [skipped, no changes]
  /perf_apps/xiaoming/MegaMoE/3rdparty/composable_kernel/include/ck_tile/core/utility/bit_cast.hpp -> /perf_apps/xiaoming/MegaMoE/3rdparty/composable_kernel/include/ck_tile/core/utility/bit_cast.hpp [skipped, no changes]
  /perf_apps/xiaoming/MegaMoE/3rdparty/composable_kernel/include/ck_tile/core/numeric/half.hpp -> /perf_apps/xiaoming/MegaMoE/3rdparty/composable_kernel/include/ck_tile/core/numeric/half.hpp [skipped, no changes]
  /perf_apps/xiaoming/MegaMoE/3rdparty/composable_kernel/include/ck_tile/core/numeric/bfloat16.hpp -> /perf_apps/xiaoming/MegaMoE/3rdparty/composable_kernel/include/ck_tile/core/numeric/bfloat16.hpp [skipped, no changes]
  /perf_apps/xiaoming/MegaMoE/3rdparty/composable_kernel/include/ck_tile/core/utility/random.hpp -> /perf_apps/xiaoming/MegaMoE/3rdparty/composable_kernel/include/ck_tile/core/utility/random.hpp [skipped, no changes]
  /perf_apps/xiaoming/MegaMoE/3rdparty/composable_kernel/include/ck_tile/core/numeric/float8.hpp -> /perf_apps/xiaoming/MegaMoE/3rdparty/composable_kernel/include/ck_tile/core/numeric/float8_hip.hpp [skipped, already hipified]
  /perf_apps/xiaoming/MegaMoE/3rdparty/composable_kernel/include/ck_tile/core/numeric/int8.hpp -> /perf_apps/xiaoming/MegaMoE/3rdparty/composable_kernel/include/ck_tile/core/numeric/int8_hip.hpp [skipped, already hipified]
  /perf_apps/xiaoming/MegaMoE/3rdparty/composable_kernel/include/ck_tile/core/numeric/mxfp_convert.hpp -> /perf_apps/xiaoming/MegaMoE/3rdparty/composable_kernel/include/ck_tile/core/numeric/mxfp_convert.hpp [skipped, no changes]
  /perf_apps/xiaoming/MegaMoE/3rdparty/composable_kernel/include/ck_tile/core/numeric/pk_fp4.hpp -> /perf_apps/xiaoming/MegaMoE/3rdparty/composable_kernel/include/ck_tile/core/numeric/pk_fp4_hip.hpp [skipped, already hipified]
  /perf_apps/xiaoming/MegaMoE/3rdparty/composable_kernel/include/ck_tile/core/numeric/pk_fp6.hpp -> /perf_apps/xiaoming/MegaMoE/3rdparty/composable_kernel/include/ck_tile/core/numeric/pk_fp6.hpp [skipped, no changes]
  /perf_apps/xiaoming/MegaMoE/3rdparty/composable_kernel/include/ck_tile/core/numeric/type_convert.hpp -> /perf_apps/xiaoming/MegaMoE/3rdparty/composable_kernel/include/ck_tile/core/numeric/type_convert_hip.hpp [skipped, already hipified]
  /perf_apps/xiaoming/MegaMoE/3rdparty/composable_kernel/include/ck_tile/core/numeric/math.hpp -> /perf_apps/xiaoming/MegaMoE/3rdparty/composable_kernel/include/ck_tile/core/numeric/math_hip.hpp [skipped, already hipified]
  /perf_apps/xiaoming/MegaMoE/3rdparty/composable_kernel/include/ck_tile/core/utility/to_sequence.hpp -> /perf_apps/xiaoming/MegaMoE/3rdparty/composable_kernel/include/ck_tile/core/utility/to_sequence_hip.hpp [skipped, already hipified]
  /perf_apps/xiaoming/MegaMoE/3rdparty/composable_kernel/include/ck_tile/core/utility/print.hpp -> /perf_apps/xiaoming/MegaMoE/3rdparty/composable_kernel/include/ck_tile/core/utility/print.hpp [skipped, no changes]
  /perf_apps/xiaoming/MegaMoE/3rdparty/composable_kernel/include/ck_tile/core/container/sequence.hpp -> /perf_apps/xiaoming/MegaMoE/3rdparty/composable_kernel/include/ck_tile/core/container/sequence_hip.hpp [skipped, already hipified]
  /perf_apps/xiaoming/MegaMoE/3rdparty/composable_kernel/include/ck_tile/core/utility/functional.hpp -> /perf_apps/xiaoming/MegaMoE/3rdparty/composable_kernel/include/ck_tile/core/utility/functional_hip.hpp [skipped, already hipified]
  /perf_apps/xiaoming/MegaMoE/3rdparty/composable_kernel/include/ck_tile/core/container/array.hpp -> /perf_apps/xiaoming/MegaMoE/3rdparty/composable_kernel/include/ck_tile/core/container/array_hip.hpp [skipped, already hipified]
  /perf_apps/xiaoming/MegaMoE/3rdparty/composable_kernel/include/ck_tile/core/container/tuple.hpp -> /perf_apps/xiaoming/MegaMoE/3rdparty/composable_kernel/include/ck_tile/core/container/tuple_hip.hpp [skipped, already hipified]
  /perf_apps/xiaoming/MegaMoE/3rdparty/composable_kernel/include/ck_tile/core/container/multi_index.hpp -> /perf_apps/xiaoming/MegaMoE/3rdparty/composable_kernel/include/ck_tile/core/container/multi_index_hip.hpp [skipped, already hipified]
  /perf_apps/xiaoming/MegaMoE/3rdparty/composable_kernel/include/ck_tile/core/container/map.hpp -> /perf_apps/xiaoming/MegaMoE/3rdparty/composable_kernel/include/ck_tile/core/container/map_hip.hpp [skipped, already hipified]
  /perf_apps/xiaoming/MegaMoE/3rdparty/composable_kernel/include/ck_tile/core/container/container_helper.hpp -> /perf_apps/xiaoming/MegaMoE/3rdparty/composable_kernel/include/ck_tile/core/container/container_helper_hip.hpp [skipped, already hipified]
  /perf_apps/xiaoming/MegaMoE/3rdparty/composable_kernel/include/ck_tile/core/utility/magic_div.hpp -> /perf_apps/xiaoming/MegaMoE/3rdparty/composable_kernel/include/ck_tile/core/utility/magic_div_hip.hpp [skipped, already hipified]
  /perf_apps/xiaoming/MegaMoE/3rdparty/composable_kernel/include/ck_tile/core/algorithm/indexing_adaptor.hpp -> /perf_apps/xiaoming/MegaMoE/3rdparty/composable_kernel/include/ck_tile/core/algorithm/indexing_adaptor_hip.hpp [skipped, already hipified]
  /perf_apps/xiaoming/MegaMoE/3rdparty/composable_kernel/include/ck_tile/core/algorithm/coordinate_transform.hpp -> /perf_apps/xiaoming/MegaMoE/3rdparty/composable_kernel/include/ck_tile/core/algorithm/coordinate_transform_hip.hpp [skipped, already hipified]
  /perf_apps/xiaoming/MegaMoE/3rdparty/composable_kernel/include/ck_tile/core/tensor/tensor_adaptor.hpp -> /perf_apps/xiaoming/MegaMoE/3rdparty/composable_kernel/include/ck_tile/core/tensor/tensor_adaptor_hip.hpp [skipped, already hipified]
  /perf_apps/xiaoming/MegaMoE/3rdparty/composable_kernel/include/ck_tile/core/algorithm/cluster_descriptor.hpp -> /perf_apps/xiaoming/MegaMoE/3rdparty/composable_kernel/include/ck_tile/core/algorithm/cluster_descriptor_hip.hpp [skipped, already hipified]
  /perf_apps/xiaoming/MegaMoE/3rdparty/composable_kernel/include/ck_tile/core/container/statically_indexed_array.hpp -> /perf_apps/xiaoming/MegaMoE/3rdparty/composable_kernel/include/ck_tile/core/container/statically_indexed_array_hip.hpp [skipped, already hipified]
  /perf_apps/xiaoming/MegaMoE/3rdparty/composable_kernel/include/ck_tile/core/algorithm/space_filling_curve.hpp -> /perf_apps/xiaoming/MegaMoE/3rdparty/composable_kernel/include/ck_tile/core/algorithm/space_filling_curve_hip.hpp [skipped, already hipified]
  /perf_apps/xiaoming/MegaMoE/3rdparty/composable_kernel/include/ck_tile/core/numeric/pk_int4.hpp -> /perf_apps/xiaoming/MegaMoE/3rdparty/composable_kernel/include/ck_tile/core/numeric/pk_int4_hip.hpp [skipped, already hipified]
  /perf_apps/xiaoming/MegaMoE/3rdparty/composable_kernel/include/ck_tile/core/numeric/e8m0.hpp -> /perf_apps/xiaoming/MegaMoE/3rdparty/composable_kernel/include/ck_tile/core/numeric/e8m0.hpp [skipped, no changes]
  /perf_apps/xiaoming/MegaMoE/3rdparty/composable_kernel/include/ck_tile/core/numeric/vector_type.hpp -> /perf_apps/xiaoming/MegaMoE/3rdparty/composable_kernel/include/ck_tile/core/numeric/vector_type_hip.hpp [skipped, already hipified]
  /perf_apps/xiaoming/MegaMoE/3rdparty/composable_kernel/include/ck_tile/core/container/thread_buffer.hpp -> /perf_apps/xiaoming/MegaMoE/3rdparty/composable_kernel/include/ck_tile/core/container/thread_buffer_hip.hpp [skipped, already hipified]
  /perf_apps/xiaoming/MegaMoE/3rdparty/composable_kernel/include/ck_tile/core/utility/ignore.hpp -> /perf_apps/xiaoming/MegaMoE/3rdparty/composable_kernel/include/ck_tile/core/utility/ignore.hpp [skipped, no changes]
  /perf_apps/xiaoming/MegaMoE/3rdparty/composable_kernel/include/ck_tile/core/arch/amd_buffer_coherence.hpp -> /perf_apps/xiaoming/MegaMoE/3rdparty/composable_kernel/include/ck_tile/core/arch/amd_buffer_coherence.hpp [skipped, no changes]
  /perf_apps/xiaoming/MegaMoE/3rdparty/composable_kernel/include/ck_tile/core/arch/amd_buffer_addressing_builtins.hpp -> /perf_apps/xiaoming/MegaMoE/3rdparty/composable_kernel/include/ck_tile/core/arch/amd_buffer_addressing_builtins_hip.hpp [skipped, already hipified]
  /perf_apps/xiaoming/MegaMoE/3rdparty/composable_kernel/include/ck_tile/core/arch/amd_buffer_addressing.hpp -> /perf_apps/xiaoming/MegaMoE/3rdparty/composable_kernel/include/ck_tile/core/arch/amd_buffer_addressing_hip.hpp [skipped, already hipified]
  /perf_apps/xiaoming/MegaMoE/3rdparty/composable_kernel/include/ck_tile/core/arch/arch.hpp -> /perf_apps/xiaoming/MegaMoE/3rdparty/composable_kernel/include/ck_tile/core/arch/arch_hip.hpp [skipped, already hipified]
  /perf_apps/xiaoming/MegaMoE/3rdparty/composable_kernel/include/ck_tile/core/container/meta_data_buffer.hpp -> /perf_apps/xiaoming/MegaMoE/3rdparty/composable_kernel/include/ck_tile/core/container/meta_data_buffer_hip.hpp [skipped, already hipified]
  /perf_apps/xiaoming/MegaMoE/3rdparty/composable_kernel/include/ck_tile/core/tensor/tensor_adaptor_coordinate.hpp -> /perf_apps/xiaoming/MegaMoE/3rdparty/composable_kernel/include/ck_tile/core/tensor/tensor_adaptor_coordinate_hip.hpp [skipped, already hipified]
  /perf_apps/xiaoming/MegaMoE/3rdparty/composable_kernel/include/ck_tile/core/tensor/tile_distribution_encoding.hpp -> /perf_apps/xiaoming/MegaMoE/3rdparty/composable_kernel/include/ck_tile/core/tensor/tile_distribution_encoding_hip.hpp [skipped, already hipified]
  /perf_apps/xiaoming/MegaMoE/3rdparty/composable_kernel/include/ck_tile/core/tensor/tile_distribution.hpp -> /perf_apps/xiaoming/MegaMoE/3rdparty/composable_kernel/include/ck_tile/core/tensor/tile_distribution_hip.hpp [skipped, already hipified]
  /perf_apps/xiaoming/MegaMoE/3rdparty/composable_kernel/include/ck_tile/core/algorithm/static_encoding_pattern.hpp -> /perf_apps/xiaoming/MegaMoE/3rdparty/composable_kernel/include/ck_tile/core/algorithm/static_encoding_pattern_hip.hpp [skipped, already hipified]
  /perf_apps/xiaoming/MegaMoE/3rdparty/composable_kernel/include/ck_tile/core/arch/amd_transpose_load_encoding.hpp -> /perf_apps/xiaoming/MegaMoE/3rdparty/composable_kernel/include/ck_tile/core/arch/amd_transpose_load_encoding_hip.hpp [skipped, already hipified]
  /perf_apps/xiaoming/MegaMoE/3rdparty/composable_kernel/include/ck_tile/core/arch/generic_memory_space_atomic.hpp -> /perf_apps/xiaoming/MegaMoE/3rdparty/composable_kernel/include/ck_tile/core/arch/generic_memory_space_atomic_hip.hpp [skipped, already hipified]
  /perf_apps/xiaoming/MegaMoE/3rdparty/composable_kernel/include/ck_tile/core/arch/mma/wmma/wmma_traits.hpp -> /perf_apps/xiaoming/MegaMoE/3rdparty/composable_kernel/include/ck_tile/core/arch/mma/wmma/wmma_traits.hpp [skipped, no changes]
  /perf_apps/xiaoming/MegaMoE/3rdparty/composable_kernel/include/ck_tile/core/arch/mma/wmma/wmma_gfx11.hpp -> /perf_apps/xiaoming/MegaMoE/3rdparty/composable_kernel/include/ck_tile/core/arch/mma/wmma/wmma_gfx11_hip.hpp [skipped, already hipified]
  /perf_apps/xiaoming/MegaMoE/3rdparty/composable_kernel/include/ck_tile/core/arch/mma/wmma/wmma_gfx12.hpp -> /perf_apps/xiaoming/MegaMoE/3rdparty/composable_kernel/include/ck_tile/core/arch/mma/wmma/wmma_gfx12_hip.hpp [skipped, already hipified]
  /perf_apps/xiaoming/MegaMoE/3rdparty/composable_kernel/include/ck_tile/core/arch/mma/mfma/mfma_traits.hpp -> /perf_apps/xiaoming/MegaMoE/3rdparty/composable_kernel/include/ck_tile/core/arch/mma/mfma/mfma_traits.hpp [skipped, no changes]
  /perf_apps/xiaoming/MegaMoE/3rdparty/composable_kernel/include/ck_tile/core/arch/mma/mma_traits.hpp -> /perf_apps/xiaoming/MegaMoE/3rdparty/composable_kernel/include/ck_tile/core/arch/mma/mma_traits_hip.hpp [skipped, already hipified]
  /perf_apps/xiaoming/MegaMoE/3rdparty/composable_kernel/include/ck_tile/core/arch/mma/mfma/mfma_gfx9.hpp -> /perf_apps/xiaoming/MegaMoE/3rdparty/composable_kernel/include/ck_tile/core/arch/mma/mfma/mfma_gfx9_hip.hpp [skipped, already hipified]
  /perf_apps/xiaoming/MegaMoE/3rdparty/composable_kernel/include/ck_tile/core/arch/mma/mfma/mfma_selector.hpp -> /perf_apps/xiaoming/MegaMoE/3rdparty/composable_kernel/include/ck_tile/core/arch/mma/mfma/mfma_selector_hip.hpp [skipped, already hipified]
  /perf_apps/xiaoming/MegaMoE/3rdparty/composable_kernel/include/ck_tile/core/arch/mma/mma_selector.hpp -> /perf_apps/xiaoming/MegaMoE/3rdparty/composable_kernel/include/ck_tile/core/arch/mma/mma_selector_hip.hpp [skipped, already hipified]
  /perf_apps/xiaoming/MegaMoE/3rdparty/composable_kernel/include/ck_tile/core/arch/mma/wmma/wmma_selector.hpp -> /perf_apps/xiaoming/MegaMoE/3rdparty/composable_kernel/include/ck_tile/core/arch/mma/wmma/wmma_selector_hip.hpp [skipped, already hipified]
  /perf_apps/xiaoming/MegaMoE/3rdparty/composable_kernel/include/ck_tile/core/arch/mma/mma_transforms.hpp -> /perf_apps/xiaoming/MegaMoE/3rdparty/composable_kernel/include/ck_tile/core/arch/mma/mma_transforms_hip.hpp [skipped, already hipified]
  /perf_apps/xiaoming/MegaMoE/3rdparty/composable_kernel/include/ck_tile/core/arch/mma/wmma/wmma_transforms.hpp -> /perf_apps/xiaoming/MegaMoE/3rdparty/composable_kernel/include/ck_tile/core/arch/mma/wmma/wmma_transforms_hip.hpp [skipped, already hipified]
  /perf_apps/xiaoming/MegaMoE/3rdparty/composable_kernel/include/ck_tile/core/arch/mma/wmma/wmma.hpp -> /perf_apps/xiaoming/MegaMoE/3rdparty/composable_kernel/include/ck_tile/core/arch/mma/wmma/wmma_hip.hpp [skipped, already hipified]
  /perf_apps/xiaoming/MegaMoE/3rdparty/composable_kernel/include/ck_tile/core/arch/mma/mfma/mfma_transforms.hpp -> /perf_apps/xiaoming/MegaMoE/3rdparty/composable_kernel/include/ck_tile/core/arch/mma/mfma/mfma_transforms_hip.hpp [skipped, already hipified]
  /perf_apps/xiaoming/MegaMoE/3rdparty/composable_kernel/include/ck_tile/core/arch/mma/mfma/mfma.hpp -> /perf_apps/xiaoming/MegaMoE/3rdparty/composable_kernel/include/ck_tile/core/arch/mma/mfma/mfma_hip.hpp [skipped, already hipified]
  /perf_apps/xiaoming/MegaMoE/3rdparty/composable_kernel/include/ck_tile/core/arch/mma/amdgcn_mma.hpp -> /perf_apps/xiaoming/MegaMoE/3rdparty/composable_kernel/include/ck_tile/core/arch/mma/amdgcn_mma_hip.hpp [skipped, already hipified]
  /perf_apps/xiaoming/MegaMoE/3rdparty/composable_kernel/include/ck_tile/core/arch/mma/mma.hpp -> /perf_apps/xiaoming/MegaMoE/3rdparty/composable_kernel/include/ck_tile/core/arch/mma/mma_hip.hpp [skipped, already hipified]
  /perf_apps/xiaoming/MegaMoE/3rdparty/composable_kernel/include/ck_tile/core/arch/utility.hpp -> /perf_apps/xiaoming/MegaMoE/3rdparty/composable_kernel/include/ck_tile/core/arch/utility.hpp [skipped, no changes]
  /perf_apps/xiaoming/MegaMoE/3rdparty/composable_kernel/include/ck_tile/core/arch/workgroup_barrier.hpp -> /perf_apps/xiaoming/MegaMoE/3rdparty/composable_kernel/include/ck_tile/core/arch/workgroup_barrier_hip.hpp [skipped, already hipified]
  /perf_apps/xiaoming/MegaMoE/3rdparty/composable_kernel/include/ck_tile/core/container/span.hpp -> /perf_apps/xiaoming/MegaMoE/3rdparty/composable_kernel/include/ck_tile/core/container/span.hpp [skipped, no changes]
  /perf_apps/xiaoming/MegaMoE/3rdparty/composable_kernel/include/ck_tile/core/numeric/null_type.hpp -> /perf_apps/xiaoming/MegaMoE/3rdparty/composable_kernel/include/ck_tile/core/numeric/null_type.hpp [skipped, no changes]
  /perf_apps/xiaoming/MegaMoE/3rdparty/composable_kernel/include/ck_tile/core/tensor/buffer_view.hpp -> /perf_apps/xiaoming/MegaMoE/3rdparty/composable_kernel/include/ck_tile/core/tensor/buffer_view_hip.hpp [skipped, already hipified]
  /perf_apps/xiaoming/MegaMoE/3rdparty/composable_kernel/include/ck_tile/core/tensor/static_distributed_tensor.hpp -> /perf_apps/xiaoming/MegaMoE/3rdparty/composable_kernel/include/ck_tile/core/tensor/static_distributed_tensor_hip.hpp [skipped, already hipified]
  /perf_apps/xiaoming/MegaMoE/3rdparty/composable_kernel/include/ck_tile/core/tensor/tensor_descriptor.hpp -> /perf_apps/xiaoming/MegaMoE/3rdparty/composable_kernel/include/ck_tile/core/tensor/tensor_descriptor_hip.hpp [skipped, already hipified]
  /perf_apps/xiaoming/MegaMoE/3rdparty/composable_kernel/include/ck_tile/core/tensor/tensor_view.hpp -> /perf_apps/xiaoming/MegaMoE/3rdparty/composable_kernel/include/ck_tile/core/tensor/tensor_view_hip.hpp [skipped, already hipified]
  /perf_apps/xiaoming/MegaMoE/3rdparty/composable_kernel/include/ck_tile/core/tensor/tile_window_base.hpp -> /perf_apps/xiaoming/MegaMoE/3rdparty/composable_kernel/include/ck_tile/core/tensor/tile_window_base_hip.hpp [skipped, already hipified]
  /perf_apps/xiaoming/MegaMoE/3rdparty/composable_kernel/include/ck_tile/core/tensor/tile_window.hpp -> /perf_apps/xiaoming/MegaMoE/3rdparty/composable_kernel/include/ck_tile/core/tensor/tile_window_hip.hpp [ok]
  /perf_apps/xiaoming/MegaMoE/3rdparty/composable_kernel/include/ck_tile/core/tensor/tile_window_linear.hpp -> /perf_apps/xiaoming/MegaMoE/3rdparty/composable_kernel/include/ck_tile/core/tensor/tile_window_linear_hip.hpp [skipped, already hipified]
  /perf_apps/xiaoming/MegaMoE/3rdparty/composable_kernel/include/ck_tile/core/tensor/null_tile_window.hpp -> /perf_apps/xiaoming/MegaMoE/3rdparty/composable_kernel/include/ck_tile/core/tensor/null_tile_window_hip.hpp [skipped, already hipified]
  /perf_apps/xiaoming/MegaMoE/3rdparty/composable_kernel/include/ck_tile/core/tensor/null_tensor.hpp -> /perf_apps/xiaoming/MegaMoE/3rdparty/composable_kernel/include/ck_tile/core/tensor/null_tensor.hpp [skipped, no changes]
  /perf_apps/xiaoming/MegaMoE/3rdparty/composable_kernel/include/ck_tile/core/tensor/load_tile.hpp -> /perf_apps/xiaoming/MegaMoE/3rdparty/composable_kernel/include/ck_tile/core/tensor/load_tile_hip.hpp [ok]
  /perf_apps/xiaoming/MegaMoE/3rdparty/composable_kernel/include/ck_tile/core/tensor/load_tile_transpose.hpp -> /perf_apps/xiaoming/MegaMoE/3rdparty/composable_kernel/include/ck_tile/core/tensor/load_tile_transpose_hip.hpp [ok]
  /perf_apps/xiaoming/MegaMoE/3rdparty/composable_kernel/include/ck_tile/core/tensor/tile_elementwise.hpp -> /perf_apps/xiaoming/MegaMoE/3rdparty/composable_kernel/include/ck_tile/core/tensor/tile_elementwise_hip.hpp [skipped, already hipified]
  /perf_apps/xiaoming/MegaMoE/3rdparty/composable_kernel/include/ck_tile/core/utility/transpose_vectors.hpp -> /perf_apps/xiaoming/MegaMoE/3rdparty/composable_kernel/include/ck_tile/core/utility/transpose_vectors_hip.hpp [skipped, already hipified]
  /perf_apps/xiaoming/MegaMoE/3rdparty/composable_kernel/include/ck_tile/core/tensor/shuffle_tile.hpp -> /perf_apps/xiaoming/MegaMoE/3rdparty/composable_kernel/include/ck_tile/core/tensor/shuffle_tile_hip.hpp [skipped, already hipified]
  /perf_apps/xiaoming/MegaMoE/3rdparty/composable_kernel/include/ck_tile/core/tensor/slice_tile.hpp -> /perf_apps/xiaoming/MegaMoE/3rdparty/composable_kernel/include/ck_tile/core/tensor/slice_tile_hip.hpp [skipped, already hipified]
  /perf_apps/xiaoming/MegaMoE/3rdparty/composable_kernel/include/ck_tile/core/tensor/store_tile.hpp -> /perf_apps/xiaoming/MegaMoE/3rdparty/composable_kernel/include/ck_tile/core/tensor/store_tile_hip.hpp [skipped, already hipified]
  /perf_apps/xiaoming/MegaMoE/3rdparty/composable_kernel/include/ck_tile/core/utility/functional_with_tuple.hpp -> /perf_apps/xiaoming/MegaMoE/3rdparty/composable_kernel/include/ck_tile/core/utility/functional_with_tuple_hip.hpp [skipped, already hipified]
  /perf_apps/xiaoming/MegaMoE/3rdparty/composable_kernel/include/ck_tile/core/tensor/sweep_tile.hpp -> /perf_apps/xiaoming/MegaMoE/3rdparty/composable_kernel/include/ck_tile/core/tensor/sweep_tile_hip.hpp [skipped, already hipified]
  /perf_apps/xiaoming/MegaMoE/3rdparty/composable_kernel/include/ck_tile/core/tensor/tensor_coordinate.hpp -> /perf_apps/xiaoming/MegaMoE/3rdparty/composable_kernel/include/ck_tile/core/tensor/tensor_coordinate_hip.hpp [skipped, already hipified]
  /perf_apps/xiaoming/MegaMoE/3rdparty/composable_kernel/include/ck_tile/core/tensor/tile_scatter_gather.hpp -> /perf_apps/xiaoming/MegaMoE/3rdparty/composable_kernel/include/ck_tile/core/tensor/tile_scatter_gather_hip.hpp [skipped, already hipified]
  /perf_apps/xiaoming/MegaMoE/3rdparty/composable_kernel/include/ck_tile/core/tensor/tile_window_utils.hpp -> /perf_apps/xiaoming/MegaMoE/3rdparty/composable_kernel/include/ck_tile/core/tensor/tile_window_utils_hip.hpp [skipped, already hipified]
  /perf_apps/xiaoming/MegaMoE/3rdparty/composable_kernel/include/ck_tile/core/tensor/transpose_tile.hpp -> /perf_apps/xiaoming/MegaMoE/3rdparty/composable_kernel/include/ck_tile/core/tensor/transpose_tile_hip.hpp [skipped, already hipified]
  /perf_apps/xiaoming/MegaMoE/3rdparty/composable_kernel/include/ck_tile/core/tensor/update_tile.hpp -> /perf_apps/xiaoming/MegaMoE/3rdparty/composable_kernel/include/ck_tile/core/tensor/update_tile_hip.hpp [skipped, already hipified]
  /perf_apps/xiaoming/MegaMoE/3rdparty/composable_kernel/include/ck_tile/core/utility/debug.hpp -> /perf_apps/xiaoming/MegaMoE/3rdparty/composable_kernel/include/ck_tile/core/utility/debug_hip.hpp [ok]
  /perf_apps/xiaoming/MegaMoE/3rdparty/composable_kernel/include/ck_tile/core/utility/env.hpp -> /perf_apps/xiaoming/MegaMoE/3rdparty/composable_kernel/include/ck_tile/core/utility/env.hpp [skipped, no changes]
  /perf_apps/xiaoming/MegaMoE/3rdparty/composable_kernel/include/ck_tile/core/utility/gemm_validation.hpp -> /perf_apps/xiaoming/MegaMoE/3rdparty/composable_kernel/include/ck_tile/core/utility/gemm_validation.hpp [skipped, no changes]
  /perf_apps/xiaoming/MegaMoE/3rdparty/composable_kernel/include/ck_tile/core/utility/literals.hpp -> /perf_apps/xiaoming/MegaMoE/3rdparty/composable_kernel/include/ck_tile/core/utility/literals.hpp [skipped, no changes]
  /perf_apps/xiaoming/MegaMoE/3rdparty/composable_kernel/include/ck_tile/core/utility/mixed_prec_compute_type.hpp -> /perf_apps/xiaoming/MegaMoE/3rdparty/composable_kernel/include/ck_tile/core/utility/mixed_prec_compute_type.hpp [skipped, no changes]
  /perf_apps/xiaoming/MegaMoE/3rdparty/composable_kernel/include/ck_tile/core/utility/persistent_async_input_scheduler.hpp -> /perf_apps/xiaoming/MegaMoE/3rdparty/composable_kernel/include/ck_tile/core/utility/persistent_async_input_scheduler.hpp [skipped, no changes]
  /perf_apps/xiaoming/MegaMoE/3rdparty/composable_kernel/include/ck_tile/core/utility/philox_rand.hpp -> /perf_apps/xiaoming/MegaMoE/3rdparty/composable_kernel/include/ck_tile/core/utility/philox_rand.hpp [skipped, no changes]
  /perf_apps/xiaoming/MegaMoE/3rdparty/composable_kernel/include/ck_tile/core/utility/reduce_operator.hpp -> /perf_apps/xiaoming/MegaMoE/3rdparty/composable_kernel/include/ck_tile/core/utility/reduce_operator_hip.hpp [skipped, already hipified]
  /perf_apps/xiaoming/MegaMoE/3rdparty/composable_kernel/include/ck_tile/core/utility/reduce_operator_accumulate.hpp -> /perf_apps/xiaoming/MegaMoE/3rdparty/composable_kernel/include/ck_tile/core/utility/reduce_operator_accumulate.hpp [skipped, no changes]
  /perf_apps/xiaoming/MegaMoE/3rdparty/composable_kernel/include/ck_tile/core/utility/static_counter.hpp -> /perf_apps/xiaoming/MegaMoE/3rdparty/composable_kernel/include/ck_tile/core/utility/static_counter.hpp [skipped, no changes]
  /perf_apps/xiaoming/MegaMoE/3rdparty/composable_kernel/include/ck_tile/core/utility/unary_element_function.hpp -> /perf_apps/xiaoming/MegaMoE/3rdparty/composable_kernel/include/ck_tile/core/utility/unary_element_function_hip.hpp [skipped, already hipified]
  /perf_apps/xiaoming/MegaMoE/3rdparty/composable_kernel/include/ck_tile/core.hpp -> /perf_apps/xiaoming/MegaMoE/3rdparty/composable_kernel/include/ck_tile/core_hip.hpp [skipped, already hipified]
  /perf_apps/xiaoming/MegaMoE/csrc/pytorch/type_traits.h -> /perf_apps/xiaoming/MegaMoE/csrc/pytorch/type_traits_hip.h [ok]
  /perf_apps/xiaoming/MegaMoE/3rdparty/composable_kernel/include/ck_tile/ops/gemm_quant/pipeline/tile_gemm_quant_traits.hpp -> /perf_apps/xiaoming/MegaMoE/3rdparty/composable_kernel/include/ck_tile/ops/gemm_quant/pipeline/tile_gemm_quant_traits_hip.hpp [skipped, already hipified]
  /perf_apps/xiaoming/MegaMoE/csrc/include/primus_turbo/gemm.h -> /perf_apps/xiaoming/MegaMoE/csrc/include/primus_turbo/gemm_hip.h [skipped, already hipified]
  /perf_apps/xiaoming/MegaMoE/csrc/pytorch/gemm/ck_gemm.cpp -> /perf_apps/xiaoming/MegaMoE/csrc/pytorch/gemm/ck_gemm_hip.cpp [ok]
  /perf_apps/xiaoming/MegaMoE/csrc/pytorch/gemm/gemm_meta.cpp -> /perf_apps/xiaoming/MegaMoE/csrc/pytorch/gemm/gemm_meta_hip.cpp [ok]
  /perf_apps/xiaoming/MegaMoE/csrc/pytorch/gemm/hipblaslt_gemm.cpp -> /perf_apps/xiaoming/MegaMoE/csrc/pytorch/gemm/hipblaslt_gemm_hip.cpp [ok]
  /perf_apps/xiaoming/MegaMoE/csrc/pytorch/utils.h -> /perf_apps/xiaoming/MegaMoE/csrc/pytorch/utils.h [skipped, no changes]
  /perf_apps/xiaoming/MegaMoE/csrc/pytorch/gemm/turbo_gemm.cpp -> /perf_apps/xiaoming/MegaMoE/csrc/pytorch/gemm/turbo_gemm_hip.cpp [ok]
  /perf_apps/xiaoming/MegaMoE/csrc/include/primus_turbo/grouped_gemm.h -> /perf_apps/xiaoming/MegaMoE/csrc/include/primus_turbo/grouped_gemm_hip.h [skipped, already hipified]
  /perf_apps/xiaoming/MegaMoE/csrc/pytorch/grouped_gemm/ck_grouped_gemm.cpp -> /perf_apps/xiaoming/MegaMoE/csrc/pytorch/grouped_gemm/ck_grouped_gemm_hip.cpp [ok]
  /perf_apps/xiaoming/MegaMoE/csrc/pytorch/grouped_gemm/grouped_gemm_meta.cpp -> /perf_apps/xiaoming/MegaMoE/csrc/pytorch/grouped_gemm/grouped_gemm_meta_hip.cpp [ok]
  /perf_apps/xiaoming/MegaMoE/csrc/pytorch/grouped_gemm/hipblaslt_grouped_gemm.cpp -> /perf_apps/xiaoming/MegaMoE/csrc/pytorch/grouped_gemm/hipblaslt_grouped_gemm_hip.cpp [ok]
  /perf_apps/xiaoming/MegaMoE/csrc/include/primus_turbo/moe_permute.h -> /perf_apps/xiaoming/MegaMoE/csrc/include/primus_turbo/moe_permute.h [skipped, no changes]
  /perf_apps/xiaoming/MegaMoE/csrc/pytorch/moe_permute/moe_permute.cpp -> /perf_apps/xiaoming/MegaMoE/csrc/pytorch/moe_permute/moe_permute_hip.cpp [ok]
  /perf_apps/xiaoming/MegaMoE/csrc/pytorch/moe_permute/moe_permute_meta.cpp -> /perf_apps/xiaoming/MegaMoE/csrc/pytorch/moe_permute/moe_permute_meta.cpp [skipped, no changes]
  /perf_apps/xiaoming/MegaMoE/csrc/include/primus_turbo/quantization.h -> /perf_apps/xiaoming/MegaMoE/csrc/include/primus_turbo/quantization.h [skipped, no changes]
  /perf_apps/xiaoming/MegaMoE/csrc/include/primus_turbo/reduce.h -> /perf_apps/xiaoming/MegaMoE/csrc/include/primus_turbo/reduce.h [skipped, no changes]
  /perf_apps/xiaoming/MegaMoE/csrc/include/primus_turbo/shuffle.h -> /perf_apps/xiaoming/MegaMoE/csrc/include/primus_turbo/shuffle.h [skipped, no changes]
  /perf_apps/xiaoming/MegaMoE/csrc/pytorch/quantization/quantization.cpp -> /perf_apps/xiaoming/MegaMoE/csrc/pytorch/quantization/quantization_hip.cpp [ok]
  /perf_apps/xiaoming/MegaMoE/csrc/pytorch/quantization/quantization_meta.cpp -> /perf_apps/xiaoming/MegaMoE/csrc/pytorch/quantization/quantization_meta_hip.cpp [ok]
  /perf_apps/xiaoming/MegaMoE/csrc/pytorch/runtime/stream.cpp -> /perf_apps/xiaoming/MegaMoE/csrc/pytorch/runtime/stream_hip.cpp [ok]
  /perf_apps/xiaoming/MegaMoE/csrc/pytorch/shuffle/shuffle.cpp -> /perf_apps/xiaoming/MegaMoE/csrc/pytorch/shuffle/shuffle_hip.cpp [ok]
  /perf_apps/xiaoming/MegaMoE/csrc/pytorch/shuffle/shuffle_meta.cpp -> /perf_apps/xiaoming/MegaMoE/csrc/pytorch/shuffle/shuffle_meta_hip.cpp [ok]
  /perf_apps/xiaoming/MegaMoE/csrc/include/primus_turbo/transpose.h -> /perf_apps/xiaoming/MegaMoE/csrc/include/primus_turbo/transpose.h [skipped, no changes]
  /perf_apps/xiaoming/MegaMoE/csrc/pytorch/transpose/transpose.cpp -> /perf_apps/xiaoming/MegaMoE/csrc/pytorch/transpose/transpose_hip.cpp [ok]
  /perf_apps/xiaoming/MegaMoE/csrc/pytorch/transpose/transpose_meta.cpp -> /perf_apps/xiaoming/MegaMoE/csrc/pytorch/transpose/transpose_meta_hip.cpp [ok]
  [92mSuccessfully preprocessed all matching files.[0m
  /opt/venv/lib/python3.12/site-packages/setuptools/_distutils/dist.py:261: UserWarning: Unknown distribution option: 'use_scm_version'
    warnings.warn(msg)
  Total number of unsupported CUDA function calls: 0


  Total number of replaced kernel launches: 0
  [Primus-Turbo Setup] Found optional origami installation.
  running dist_info
  creating /tmp/pip-modern-metadata-ibxz5l3y/primus_turbo.egg-info
  writing /tmp/pip-modern-metadata-ibxz5l3y/primus_turbo.egg-info/PKG-INFO
  writing dependency_links to /tmp/pip-modern-metadata-ibxz5l3y/primus_turbo.egg-info/dependency_links.txt
  writing requirements to /tmp/pip-modern-metadata-ibxz5l3y/primus_turbo.egg-info/requires.txt
  writing top-level names to /tmp/pip-modern-metadata-ibxz5l3y/primus_turbo.egg-info/top_level.txt
  writing manifest file '/tmp/pip-modern-metadata-ibxz5l3y/primus_turbo.egg-info/SOURCES.txt'
  reading manifest file '/tmp/pip-modern-metadata-ibxz5l3y/primus_turbo.egg-info/SOURCES.txt'
  reading manifest template 'MANIFEST.in'
  no previously-included directories found matching 'agent'
  no previously-included directories found matching 'benchmark'
  no previously-included directories found matching '.github'
  no previously-included directories found matching '.cursor'
  warning: no previously-included files matching '__pycache__' found anywhere in distribution
  adding license file 'LICENSE'
  writing manifest file '/tmp/pip-modern-metadata-ibxz5l3y/primus_turbo.egg-info/SOURCES.txt'
  creating '/tmp/pip-modern-metadata-ibxz5l3y/primus_turbo-0.0.0.dist-info'
  Preparing editable metadata (pyproject.toml): finished with status 'done'
Building wheels for collected packages: primus-turbo
  Building editable for primus-turbo (pyproject.toml): started
  Running command Building editable for primus-turbo (pyproject.toml)
  /perf_apps/xiaoming/MegaMoE/3rdparty/hipify_torch/hipify_torch/hipify_python.py:44: FutureWarning: you are using hipify version 1.
  hipify's version 2 behavior will become the default in a later version of torch
    warnings.warn("""you are using hipify version 1.
  [Primus-Turbo] Submodules already initialized.
  [Primus-Turbo Setup] No CXX provided. Defaulting to: /opt/rocm-7.2.1/bin/hipcc
  [Primus-Turbo Setup] CMAKE_CXX_COMPILER set to: /opt/rocm-7.2.1/bin/hipcc
  [Primus-Turbo Setup] CMAKE_HIP_COMPILER set to: /opt/rocm-7.2.1/bin/hipcc
  /perf_apps/xiaoming/MegaMoE/csrc/include/primus_turbo/macros.h -> /perf_apps/xiaoming/MegaMoE/csrc/include/primus_turbo/macros.h [skipped, no changes]
  /perf_apps/xiaoming/MegaMoE/csrc/include/primus_turbo/arch.h -> /perf_apps/xiaoming/MegaMoE/csrc/include/primus_turbo/arch.h [skipped, no changes]
  /perf_apps/xiaoming/MegaMoE/csrc/include/primus_turbo/platform.h -> /perf_apps/xiaoming/MegaMoE/csrc/include/primus_turbo/platform.h [skipped, no changes]
  /perf_apps/xiaoming/MegaMoE/csrc/include/primus_turbo/floating_point_utils.h -> /perf_apps/xiaoming/MegaMoE/csrc/include/primus_turbo/floating_point_utils.h [skipped, no changes]
  /perf_apps/xiaoming/MegaMoE/csrc/include/primus_turbo/float4.h -> /perf_apps/xiaoming/MegaMoE/csrc/include/primus_turbo/float4.h [skipped, no changes]
  /perf_apps/xiaoming/MegaMoE/csrc/include/primus_turbo/float8.h -> /perf_apps/xiaoming/MegaMoE/csrc/include/primus_turbo/float8.h [skipped, no changes]
  /perf_apps/xiaoming/MegaMoE/csrc/include/primus_turbo/dtype.h -> /perf_apps/xiaoming/MegaMoE/csrc/include/primus_turbo/dtype.h [skipped, no changes]
  /perf_apps/xiaoming/MegaMoE/csrc/include/primus_turbo/common.h -> /perf_apps/xiaoming/MegaMoE/csrc/include/primus_turbo/common.h [skipped, no changes]
  /perf_apps/xiaoming/MegaMoE/csrc/include/primus_turbo/deep_ep/configs.h -> /perf_apps/xiaoming/MegaMoE/csrc/include/primus_turbo/deep_ep/configs.h [skipped, no changes]
  /perf_apps/xiaoming/MegaMoE/csrc/kernels/deep_ep/buffer.cuh -> /perf_apps/xiaoming/MegaMoE/csrc/kernels/deep_ep/buffer.cuh [skipped, no changes]
  /perf_apps/xiaoming/MegaMoE/csrc/kernels/deep_ep/launch.cuh -> /perf_apps/xiaoming/MegaMoE/csrc/kernels/deep_ep/launch_hip.cuh [skipped, already hipified]
  /perf_apps/xiaoming/MegaMoE/csrc/kernels/deep_ep/utils.cuh -> /perf_apps/xiaoming/MegaMoE/csrc/kernels/deep_ep/utils_hip.cuh [skipped, already hipified]
  /perf_apps/xiaoming/MegaMoE/csrc/kernels/deep_ep/internode.cu -> /perf_apps/xiaoming/MegaMoE/csrc/kernels/deep_ep/internode.hip [skipped, already hipified]
  /perf_apps/xiaoming/MegaMoE/csrc/kernels/deep_ep/intranode.cu -> /perf_apps/xiaoming/MegaMoE/csrc/kernels/deep_ep/intranode.hip [skipped, already hipified]
  /perf_apps/xiaoming/MegaMoE/csrc/kernels/deep_ep/layout.cu -> /perf_apps/xiaoming/MegaMoE/csrc/kernels/deep_ep/layout.hip [skipped, already hipified]
  /perf_apps/xiaoming/MegaMoE/csrc/include/primus_turbo/deep_ep/api.h -> /perf_apps/xiaoming/MegaMoE/csrc/include/primus_turbo/deep_ep/api.h [skipped, no changes]
  /perf_apps/xiaoming/MegaMoE/csrc/kernels/deep_ep/runtime.cu -> /perf_apps/xiaoming/MegaMoE/csrc/kernels/deep_ep/runtime.hip [skipped, already hipified]
  /perf_apps/xiaoming/MegaMoE/3rdparty/composable_kernel/include/ck_tile/core/config.hpp -> /perf_apps/xiaoming/MegaMoE/3rdparty/composable_kernel/include/ck_tile/core/config.hpp [skipped, no changes]
  /perf_apps/xiaoming/MegaMoE/3rdparty/composable_kernel/include/ck_tile/core/numeric/integer.hpp -> /perf_apps/xiaoming/MegaMoE/3rdparty/composable_kernel/include/ck_tile/core/numeric/integer.hpp [skipped, no changes]
  /perf_apps/xiaoming/MegaMoE/3rdparty/composable_kernel/include/ck_tile/core/numeric/integral_constant.hpp -> /perf_apps/xiaoming/MegaMoE/3rdparty/composable_kernel/include/ck_tile/core/numeric/integral_constant.hpp [skipped, no changes]
  /perf_apps/xiaoming/MegaMoE/3rdparty/composable_kernel/include/ck_tile/core/numeric/numeric.hpp -> /perf_apps/xiaoming/MegaMoE/3rdparty/composable_kernel/include/ck_tile/core/numeric/numeric.hpp [skipped, no changes]
  /perf_apps/xiaoming/MegaMoE/3rdparty/composable_kernel/include/ck_tile/core/utility/type_traits.hpp -> /perf_apps/xiaoming/MegaMoE/3rdparty/composable_kernel/include/ck_tile/core/utility/type_traits.hpp [skipped, no changes]
  /perf_apps/xiaoming/MegaMoE/3rdparty/composable_kernel/include/ck_tile/core/container/static_array.hpp -> /perf_apps/xiaoming/MegaMoE/3rdparty/composable_kernel/include/ck_tile/core/container/static_array.hpp [skipped, no changes]
  /perf_apps/xiaoming/MegaMoE/3rdparty/composable_kernel/include/ck_tile/core/utility/bit_cast.hpp -> /perf_apps/xiaoming/MegaMoE/3rdparty/composable_kernel/include/ck_tile/core/utility/bit_cast.hpp [skipped, no changes]
  /perf_apps/xiaoming/MegaMoE/3rdparty/composable_kernel/include/ck_tile/core/numeric/half.hpp -> /perf_apps/xiaoming/MegaMoE/3rdparty/composable_kernel/include/ck_tile/core/numeric/half.hpp [skipped, no changes]
  /perf_apps/xiaoming/MegaMoE/3rdparty/composable_kernel/include/ck_tile/core/numeric/bfloat16.hpp -> /perf_apps/xiaoming/MegaMoE/3rdparty/composable_kernel/include/ck_tile/core/numeric/bfloat16.hpp [skipped, no changes]
  /perf_apps/xiaoming/MegaMoE/3rdparty/composable_kernel/include/ck_tile/core/utility/random.hpp -> /perf_apps/xiaoming/MegaMoE/3rdparty/composable_kernel/include/ck_tile/core/utility/random.hpp [skipped, no changes]
  /perf_apps/xiaoming/MegaMoE/3rdparty/composable_kernel/include/ck_tile/core/numeric/float8.hpp -> /perf_apps/xiaoming/MegaMoE/3rdparty/composable_kernel/include/ck_tile/core/numeric/float8_hip.hpp [skipped, already hipified]
  /perf_apps/xiaoming/MegaMoE/3rdparty/composable_kernel/include/ck_tile/core/numeric/int8.hpp -> /perf_apps/xiaoming/MegaMoE/3rdparty/composable_kernel/include/ck_tile/core/numeric/int8_hip.hpp [skipped, already hipified]
  /perf_apps/xiaoming/MegaMoE/3rdparty/composable_kernel/include/ck_tile/core/numeric/mxfp_convert.hpp -> /perf_apps/xiaoming/MegaMoE/3rdparty/composable_kernel/include/ck_tile/core/numeric/mxfp_convert.hpp [skipped, no changes]
  /perf_apps/xiaoming/MegaMoE/3rdparty/composable_kernel/include/ck_tile/core/numeric/pk_fp4.hpp -> /perf_apps/xiaoming/MegaMoE/3rdparty/composable_kernel/include/ck_tile/core/numeric/pk_fp4_hip.hpp [skipped, already hipified]
  /perf_apps/xiaoming/MegaMoE/3rdparty/composable_kernel/include/ck_tile/core/numeric/pk_fp6.hpp -> /perf_apps/xiaoming/MegaMoE/3rdparty/composable_kernel/include/ck_tile/core/numeric/pk_fp6.hpp [skipped, no changes]
  /perf_apps/xiaoming/MegaMoE/3rdparty/composable_kernel/include/ck_tile/core/numeric/type_convert.hpp -> /perf_apps/xiaoming/MegaMoE/3rdparty/composable_kernel/include/ck_tile/core/numeric/type_convert_hip.hpp [skipped, already hipified]
  /perf_apps/xiaoming/MegaMoE/3rdparty/composable_kernel/include/ck_tile/core/numeric/math.hpp -> /perf_apps/xiaoming/MegaMoE/3rdparty/composable_kernel/include/ck_tile/core/numeric/math_hip.hpp [skipped, already hipified]
  /perf_apps/xiaoming/MegaMoE/3rdparty/composable_kernel/include/ck_tile/core/utility/to_sequence.hpp -> /perf_apps/xiaoming/MegaMoE/3rdparty/composable_kernel/include/ck_tile/core/utility/to_sequence_hip.hpp [skipped, already hipified]
  /perf_apps/xiaoming/MegaMoE/3rdparty/composable_kernel/include/ck_tile/core/utility/print.hpp -> /perf_apps/xiaoming/MegaMoE/3rdparty/composable_kernel/include/ck_tile/core/utility/print.hpp [skipped, no changes]
  /perf_apps/xiaoming/MegaMoE/3rdparty/composable_kernel/include/ck_tile/core/container/sequence.hpp -> /perf_apps/xiaoming/MegaMoE/3rdparty/composable_kernel/include/ck_tile/core/container/sequence_hip.hpp [skipped, already hipified]
  /perf_apps/xiaoming/MegaMoE/3rdparty/composable_kernel/include/ck_tile/core/utility/functional.hpp -> /perf_apps/xiaoming/MegaMoE/3rdparty/composable_kernel/include/ck_tile/core/utility/functional_hip.hpp [skipped, already hipified]
  /perf_apps/xiaoming/MegaMoE/3rdparty/composable_kernel/include/ck_tile/core/container/array.hpp -> /perf_apps/xiaoming/MegaMoE/3rdparty/composable_kernel/include/ck_tile/core/container/array_hip.hpp [skipped, already hipified]
  /perf_apps/xiaoming/MegaMoE/3rdparty/composable_kernel/include/ck_tile/core/container/tuple.hpp -> /perf_apps/xiaoming/MegaMoE/3rdparty/composable_kernel/include/ck_tile/core/container/tuple_hip.hpp [skipped, already hipified]
  /perf_apps/xiaoming/MegaMoE/3rdparty/composable_kernel/include/ck_tile/core/container/multi_index.hpp -> /perf_apps/xiaoming/MegaMoE/3rdparty/composable_kernel/include/ck_tile/core/container/multi_index_hip.hpp [skipped, already hipified]
  /perf_apps/xiaoming/MegaMoE/3rdparty/composable_kernel/include/ck_tile/core/container/map.hpp -> /perf_apps/xiaoming/MegaMoE/3rdparty/composable_kernel/include/ck_tile/core/container/map_hip.hpp [skipped, already hipified]
  /perf_apps/xiaoming/MegaMoE/3rdparty/composable_kernel/include/ck_tile/core/container/container_helper.hpp -> /perf_apps/xiaoming/MegaMoE/3rdparty/composable_kernel/include/ck_tile/core/container/container_helper_hip.hpp [skipped, already hipified]
  /perf_apps/xiaoming/MegaMoE/3rdparty/composable_kernel/include/ck_tile/core/utility/magic_div.hpp -> /perf_apps/xiaoming/MegaMoE/3rdparty/composable_kernel/include/ck_tile/core/utility/magic_div_hip.hpp [skipped, already hipified]
  /perf_apps/xiaoming/MegaMoE/3rdparty/composable_kernel/include/ck_tile/core/algorithm/indexing_adaptor.hpp -> /perf_apps/xiaoming/MegaMoE/3rdparty/composable_kernel/include/ck_tile/core/algorithm/indexing_adaptor_hip.hpp [skipped, already hipified]
  /perf_apps/xiaoming/MegaMoE/3rdparty/composable_kernel/include/ck_tile/core/algorithm/coordinate_transform.hpp -> /perf_apps/xiaoming/MegaMoE/3rdparty/composable_kernel/include/ck_tile/core/algorithm/coordinate_transform_hip.hpp [skipped, already hipified]
  /perf_apps/xiaoming/MegaMoE/3rdparty/composable_kernel/include/ck_tile/core/tensor/tensor_adaptor.hpp -> /perf_apps/xiaoming/MegaMoE/3rdparty/composable_kernel/include/ck_tile/core/tensor/tensor_adaptor_hip.hpp [skipped, already hipified]
  /perf_apps/xiaoming/MegaMoE/3rdparty/composable_kernel/include/ck_tile/core/algorithm/cluster_descriptor.hpp -> /perf_apps/xiaoming/MegaMoE/3rdparty/composable_kernel/include/ck_tile/core/algorithm/cluster_descriptor_hip.hpp [skipped, already hipified]
  /perf_apps/xiaoming/MegaMoE/3rdparty/composable_kernel/include/ck_tile/core/container/statically_indexed_array.hpp -> /perf_apps/xiaoming/MegaMoE/3rdparty/composable_kernel/include/ck_tile/core/container/statically_indexed_array_hip.hpp [skipped, already hipified]
  /perf_apps/xiaoming/MegaMoE/3rdparty/composable_kernel/include/ck_tile/core/algorithm/space_filling_curve.hpp -> /perf_apps/xiaoming/MegaMoE/3rdparty/composable_kernel/include/ck_tile/core/algorithm/space_filling_curve_hip.hpp [skipped, already hipified]
  /perf_apps/xiaoming/MegaMoE/3rdparty/composable_kernel/include/ck_tile/core/numeric/pk_int4.hpp -> /perf_apps/xiaoming/MegaMoE/3rdparty/composable_kernel/include/ck_tile/core/numeric/pk_int4_hip.hpp [skipped, already hipified]
  /perf_apps/xiaoming/MegaMoE/3rdparty/composable_kernel/include/ck_tile/core/numeric/e8m0.hpp -> /perf_apps/xiaoming/MegaMoE/3rdparty/composable_kernel/include/ck_tile/core/numeric/e8m0.hpp [skipped, no changes]
  /perf_apps/xiaoming/MegaMoE/3rdparty/composable_kernel/include/ck_tile/core/numeric/vector_type.hpp -> /perf_apps/xiaoming/MegaMoE/3rdparty/composable_kernel/include/ck_tile/core/numeric/vector_type_hip.hpp [skipped, already hipified]
  /perf_apps/xiaoming/MegaMoE/3rdparty/composable_kernel/include/ck_tile/core/container/thread_buffer.hpp -> /perf_apps/xiaoming/MegaMoE/3rdparty/composable_kernel/include/ck_tile/core/container/thread_buffer_hip.hpp [skipped, already hipified]
  /perf_apps/xiaoming/MegaMoE/3rdparty/composable_kernel/include/ck_tile/core/utility/ignore.hpp -> /perf_apps/xiaoming/MegaMoE/3rdparty/composable_kernel/include/ck_tile/core/utility/ignore.hpp [skipped, no changes]
  /perf_apps/xiaoming/MegaMoE/3rdparty/composable_kernel/include/ck_tile/core/arch/amd_buffer_coherence.hpp -> /perf_apps/xiaoming/MegaMoE/3rdparty/composable_kernel/include/ck_tile/core/arch/amd_buffer_coherence.hpp [skipped, no changes]
  /perf_apps/xiaoming/MegaMoE/3rdparty/composable_kernel/include/ck_tile/core/arch/amd_buffer_addressing_builtins.hpp -> /perf_apps/xiaoming/MegaMoE/3rdparty/composable_kernel/include/ck_tile/core/arch/amd_buffer_addressing_builtins_hip.hpp [skipped, already hipified]
  /perf_apps/xiaoming/MegaMoE/3rdparty/composable_kernel/include/ck_tile/core/arch/amd_buffer_addressing.hpp -> /perf_apps/xiaoming/MegaMoE/3rdparty/composable_kernel/include/ck_tile/core/arch/amd_buffer_addressing_hip.hpp [skipped, already hipified]
  /perf_apps/xiaoming/MegaMoE/3rdparty/composable_kernel/include/ck_tile/core/arch/arch.hpp -> /perf_apps/xiaoming/MegaMoE/3rdparty/composable_kernel/include/ck_tile/core/arch/arch_hip.hpp [skipped, already hipified]
  /perf_apps/xiaoming/MegaMoE/3rdparty/composable_kernel/include/ck_tile/core/container/meta_data_buffer.hpp -> /perf_apps/xiaoming/MegaMoE/3rdparty/composable_kernel/include/ck_tile/core/container/meta_data_buffer_hip.hpp [skipped, already hipified]
  /perf_apps/xiaoming/MegaMoE/3rdparty/composable_kernel/include/ck_tile/core/tensor/tensor_adaptor_coordinate.hpp -> /perf_apps/xiaoming/MegaMoE/3rdparty/composable_kernel/include/ck_tile/core/tensor/tensor_adaptor_coordinate_hip.hpp [skipped, already hipified]
  /perf_apps/xiaoming/MegaMoE/3rdparty/composable_kernel/include/ck_tile/core/tensor/tile_distribution_encoding.hpp -> /perf_apps/xiaoming/MegaMoE/3rdparty/composable_kernel/include/ck_tile/core/tensor/tile_distribution_encoding_hip.hpp [skipped, already hipified]
  /perf_apps/xiaoming/MegaMoE/3rdparty/composable_kernel/include/ck_tile/core/tensor/tile_distribution.hpp -> /perf_apps/xiaoming/MegaMoE/3rdparty/composable_kernel/include/ck_tile/core/tensor/tile_distribution_hip.hpp [skipped, already hipified]
  /perf_apps/xiaoming/MegaMoE/3rdparty/composable_kernel/include/ck_tile/core/algorithm/static_encoding_pattern.hpp -> /perf_apps/xiaoming/MegaMoE/3rdparty/composable_kernel/include/ck_tile/core/algorithm/static_encoding_pattern_hip.hpp [skipped, already hipified]
  /perf_apps/xiaoming/MegaMoE/3rdparty/composable_kernel/include/ck_tile/core/arch/amd_transpose_load_encoding.hpp -> /perf_apps/xiaoming/MegaMoE/3rdparty/composable_kernel/include/ck_tile/core/arch/amd_transpose_load_encoding_hip.hpp [skipped, already hipified]
  /perf_apps/xiaoming/MegaMoE/3rdparty/composable_kernel/include/ck_tile/core/arch/generic_memory_space_atomic.hpp -> /perf_apps/xiaoming/MegaMoE/3rdparty/composable_kernel/include/ck_tile/core/arch/generic_memory_space_atomic_hip.hpp [skipped, already hipified]
  /perf_apps/xiaoming/MegaMoE/3rdparty/composable_kernel/include/ck_tile/core/arch/mma/wmma/wmma_traits.hpp -> /perf_apps/xiaoming/MegaMoE/3rdparty/composable_kernel/include/ck_tile/core/arch/mma/wmma/wmma_traits.hpp [skipped, no changes]
  /perf_apps/xiaoming/MegaMoE/3rdparty/composable_kernel/include/ck_tile/core/arch/mma/wmma/wmma_gfx11.hpp -> /perf_apps/xiaoming/MegaMoE/3rdparty/composable_kernel/include/ck_tile/core/arch/mma/wmma/wmma_gfx11_hip.hpp [skipped, already hipified]
  /perf_apps/xiaoming/MegaMoE/3rdparty/composable_kernel/include/ck_tile/core/arch/mma/wmma/wmma_gfx12.hpp -> /perf_apps/xiaoming/MegaMoE/3rdparty/composable_kernel/include/ck_tile/core/arch/mma/wmma/wmma_gfx12_hip.hpp [skipped, already hipified]
  /perf_apps/xiaoming/MegaMoE/3rdparty/composable_kernel/include/ck_tile/core/arch/mma/mfma/mfma_traits.hpp -> /perf_apps/xiaoming/MegaMoE/3rdparty/composable_kernel/include/ck_tile/core/arch/mma/mfma/mfma_traits.hpp [skipped, no changes]
  /perf_apps/xiaoming/MegaMoE/3rdparty/composable_kernel/include/ck_tile/core/arch/mma/mma_traits.hpp -> /perf_apps/xiaoming/MegaMoE/3rdparty/composable_kernel/include/ck_tile/core/arch/mma/mma_traits_hip.hpp [skipped, already hipified]
  /perf_apps/xiaoming/MegaMoE/3rdparty/composable_kernel/include/ck_tile/core/arch/mma/mfma/mfma_gfx9.hpp -> /perf_apps/xiaoming/MegaMoE/3rdparty/composable_kernel/include/ck_tile/core/arch/mma/mfma/mfma_gfx9_hip.hpp [skipped, already hipified]
  /perf_apps/xiaoming/MegaMoE/3rdparty/composable_kernel/include/ck_tile/core/arch/mma/mfma/mfma_selector.hpp -> /perf_apps/xiaoming/MegaMoE/3rdparty/composable_kernel/include/ck_tile/core/arch/mma/mfma/mfma_selector_hip.hpp [skipped, already hipified]
  /perf_apps/xiaoming/MegaMoE/3rdparty/composable_kernel/include/ck_tile/core/arch/mma/mma_selector.hpp -> /perf_apps/xiaoming/MegaMoE/3rdparty/composable_kernel/include/ck_tile/core/arch/mma/mma_selector_hip.hpp [skipped, already hipified]
  /perf_apps/xiaoming/MegaMoE/3rdparty/composable_kernel/include/ck_tile/core/arch/mma/wmma/wmma_selector.hpp -> /perf_apps/xiaoming/MegaMoE/3rdparty/composable_kernel/include/ck_tile/core/arch/mma/wmma/wmma_selector_hip.hpp [skipped, already hipified]
  /perf_apps/xiaoming/MegaMoE/3rdparty/composable_kernel/include/ck_tile/core/arch/mma/mma_transforms.hpp -> /perf_apps/xiaoming/MegaMoE/3rdparty/composable_kernel/include/ck_tile/core/arch/mma/mma_transforms_hip.hpp [skipped, already hipified]
  /perf_apps/xiaoming/MegaMoE/3rdparty/composable_kernel/include/ck_tile/core/arch/mma/wmma/wmma_transforms.hpp -> /perf_apps/xiaoming/MegaMoE/3rdparty/composable_kernel/include/ck_tile/core/arch/mma/wmma/wmma_transforms_hip.hpp [skipped, already hipified]
  /perf_apps/xiaoming/MegaMoE/3rdparty/composable_kernel/include/ck_tile/core/arch/mma/wmma/wmma.hpp -> /perf_apps/xiaoming/MegaMoE/3rdparty/composable_kernel/include/ck_tile/core/arch/mma/wmma/wmma_hip.hpp [skipped, already hipified]
  /perf_apps/xiaoming/MegaMoE/3rdparty/composable_kernel/include/ck_tile/core/arch/mma/mfma/mfma_transforms.hpp -> /perf_apps/xiaoming/MegaMoE/3rdparty/composable_kernel/include/ck_tile/core/arch/mma/mfma/mfma_transforms_hip.hpp [skipped, already hipified]
  /perf_apps/xiaoming/MegaMoE/3rdparty/composable_kernel/include/ck_tile/core/arch/mma/mfma/mfma.hpp -> /perf_apps/xiaoming/MegaMoE/3rdparty/composable_kernel/include/ck_tile/core/arch/mma/mfma/mfma_hip.hpp [skipped, already hipified]
  /perf_apps/xiaoming/MegaMoE/3rdparty/composable_kernel/include/ck_tile/core/arch/mma/amdgcn_mma.hpp -> /perf_apps/xiaoming/MegaMoE/3rdparty/composable_kernel/include/ck_tile/core/arch/mma/amdgcn_mma_hip.hpp [skipped, already hipified]
  /perf_apps/xiaoming/MegaMoE/3rdparty/composable_kernel/include/ck_tile/core/arch/mma/mma.hpp -> /perf_apps/xiaoming/MegaMoE/3rdparty/composable_kernel/include/ck_tile/core/arch/mma/mma_hip.hpp [skipped, already hipified]
  /perf_apps/xiaoming/MegaMoE/3rdparty/composable_kernel/include/ck_tile/core/arch/utility.hpp -> /perf_apps/xiaoming/MegaMoE/3rdparty/composable_kernel/include/ck_tile/core/arch/utility.hpp [skipped, no changes]
  /perf_apps/xiaoming/MegaMoE/3rdparty/composable_kernel/include/ck_tile/core/arch/workgroup_barrier.hpp -> /perf_apps/xiaoming/MegaMoE/3rdparty/composable_kernel/include/ck_tile/core/arch/workgroup_barrier_hip.hpp [skipped, already hipified]
  /perf_apps/xiaoming/MegaMoE/3rdparty/composable_kernel/include/ck_tile/core/container/span.hpp -> /perf_apps/xiaoming/MegaMoE/3rdparty/composable_kernel/include/ck_tile/core/container/span.hpp [skipped, no changes]
  /perf_apps/xiaoming/MegaMoE/3rdparty/composable_kernel/include/ck_tile/core/numeric/null_type.hpp -> /perf_apps/xiaoming/MegaMoE/3rdparty/composable_kernel/include/ck_tile/core/numeric/null_type.hpp [skipped, no changes]
  /perf_apps/xiaoming/MegaMoE/3rdparty/composable_kernel/include/ck_tile/core/tensor/buffer_view.hpp -> /perf_apps/xiaoming/MegaMoE/3rdparty/composable_kernel/include/ck_tile/core/tensor/buffer_view_hip.hpp [skipped, already hipified]
  /perf_apps/xiaoming/MegaMoE/3rdparty/composable_kernel/include/ck_tile/core/tensor/static_distributed_tensor.hpp -> /perf_apps/xiaoming/MegaMoE/3rdparty/composable_kernel/include/ck_tile/core/tensor/static_distributed_tensor_hip.hpp [skipped, already hipified]
  /perf_apps/xiaoming/MegaMoE/3rdparty/composable_kernel/include/ck_tile/core/tensor/tensor_descriptor.hpp -> /perf_apps/xiaoming/MegaMoE/3rdparty/composable_kernel/include/ck_tile/core/tensor/tensor_descriptor_hip.hpp [skipped, already hipified]
  /perf_apps/xiaoming/MegaMoE/3rdparty/composable_kernel/include/ck_tile/core/tensor/tensor_view.hpp -> /perf_apps/xiaoming/MegaMoE/3rdparty/composable_kernel/include/ck_tile/core/tensor/tensor_view_hip.hpp [skipped, already hipified]
  /perf_apps/xiaoming/MegaMoE/3rdparty/composable_kernel/include/ck_tile/core/tensor/tile_window_base.hpp -> /perf_apps/xiaoming/MegaMoE/3rdparty/composable_kernel/include/ck_tile/core/tensor/tile_window_base_hip.hpp [skipped, already hipified]
  /perf_apps/xiaoming/MegaMoE/3rdparty/composable_kernel/include/ck_tile/core/tensor/tile_window.hpp -> /perf_apps/xiaoming/MegaMoE/3rdparty/composable_kernel/include/ck_tile/core/tensor/tile_window_hip.hpp [ok]
  /perf_apps/xiaoming/MegaMoE/3rdparty/composable_kernel/include/ck_tile/core/tensor/tile_window_linear.hpp -> /perf_apps/xiaoming/MegaMoE/3rdparty/composable_kernel/include/ck_tile/core/tensor/tile_window_linear_hip.hpp [skipped, already hipified]
  /perf_apps/xiaoming/MegaMoE/3rdparty/composable_kernel/include/ck_tile/core/tensor/null_tile_window.hpp -> /perf_apps/xiaoming/MegaMoE/3rdparty/composable_kernel/include/ck_tile/core/tensor/null_tile_window_hip.hpp [skipped, already hipified]
  /perf_apps/xiaoming/MegaMoE/3rdparty/composable_kernel/include/ck_tile/core/tensor/null_tensor.hpp -> /perf_apps/xiaoming/MegaMoE/3rdparty/composable_kernel/include/ck_tile/core/tensor/null_tensor.hpp [skipped, no changes]
  /perf_apps/xiaoming/MegaMoE/3rdparty/composable_kernel/include/ck_tile/core/tensor/load_tile.hpp -> /perf_apps/xiaoming/MegaMoE/3rdparty/composable_kernel/include/ck_tile/core/tensor/load_tile_hip.hpp [ok]
  /perf_apps/xiaoming/MegaMoE/3rdparty/composable_kernel/include/ck_tile/core/tensor/load_tile_transpose.hpp -> /perf_apps/xiaoming/MegaMoE/3rdparty/composable_kernel/include/ck_tile/core/tensor/load_tile_transpose_hip.hpp [ok]
  /perf_apps/xiaoming/MegaMoE/3rdparty/composable_kernel/include/ck_tile/core/tensor/tile_elementwise.hpp -> /perf_apps/xiaoming/MegaMoE/3rdparty/composable_kernel/include/ck_tile/core/tensor/tile_elementwise_hip.hpp [skipped, already hipified]
  /perf_apps/xiaoming/MegaMoE/3rdparty/composable_kernel/include/ck_tile/core/utility/transpose_vectors.hpp -> /perf_apps/xiaoming/MegaMoE/3rdparty/composable_kernel/include/ck_tile/core/utility/transpose_vectors_hip.hpp [skipped, already hipified]
  /perf_apps/xiaoming/MegaMoE/3rdparty/composable_kernel/include/ck_tile/core/tensor/shuffle_tile.hpp -> /perf_apps/xiaoming/MegaMoE/3rdparty/composable_kernel/include/ck_tile/core/tensor/shuffle_tile_hip.hpp [skipped, already hipified]
  /perf_apps/xiaoming/MegaMoE/3rdparty/composable_kernel/include/ck_tile/core/tensor/slice_tile.hpp -> /perf_apps/xiaoming/MegaMoE/3rdparty/composable_kernel/include/ck_tile/core/tensor/slice_tile_hip.hpp [skipped, already hipified]
  /perf_apps/xiaoming/MegaMoE/3rdparty/composable_kernel/include/ck_tile/core/tensor/store_tile.hpp -> /perf_apps/xiaoming/MegaMoE/3rdparty/composable_kernel/include/ck_tile/core/tensor/store_tile_hip.hpp [skipped, already hipified]
  /perf_apps/xiaoming/MegaMoE/3rdparty/composable_kernel/include/ck_tile/core/utility/functional_with_tuple.hpp -> /perf_apps/xiaoming/MegaMoE/3rdparty/composable_kernel/include/ck_tile/core/utility/functional_with_tuple_hip.hpp [skipped, already hipified]
  /perf_apps/xiaoming/MegaMoE/3rdparty/composable_kernel/include/ck_tile/core/tensor/sweep_tile.hpp -> /perf_apps/xiaoming/MegaMoE/3rdparty/composable_kernel/include/ck_tile/core/tensor/sweep_tile_hip.hpp [skipped, already hipified]
  /perf_apps/xiaoming/MegaMoE/3rdparty/composable_kernel/include/ck_tile/core/tensor/tensor_coordinate.hpp -> /perf_apps/xiaoming/MegaMoE/3rdparty/composable_kernel/include/ck_tile/core/tensor/tensor_coordinate_hip.hpp [skipped, already hipified]
  /perf_apps/xiaoming/MegaMoE/3rdparty/composable_kernel/include/ck_tile/core/tensor/tile_scatter_gather.hpp -> /perf_apps/xiaoming/MegaMoE/3rdparty/composable_kernel/include/ck_tile/core/tensor/tile_scatter_gather_hip.hpp [skipped, already hipified]
  /perf_apps/xiaoming/MegaMoE/3rdparty/composable_kernel/include/ck_tile/core/tensor/tile_window_utils.hpp -> /perf_apps/xiaoming/MegaMoE/3rdparty/composable_kernel/include/ck_tile/core/tensor/tile_window_utils_hip.hpp [skipped, already hipified]
  /perf_apps/xiaoming/MegaMoE/3rdparty/composable_kernel/include/ck_tile/core/tensor/transpose_tile.hpp -> /perf_apps/xiaoming/MegaMoE/3rdparty/composable_kernel/include/ck_tile/core/tensor/transpose_tile_hip.hpp [skipped, already hipified]
  /perf_apps/xiaoming/MegaMoE/3rdparty/composable_kernel/include/ck_tile/core/tensor/update_tile.hpp -> /perf_apps/xiaoming/MegaMoE/3rdparty/composable_kernel/include/ck_tile/core/tensor/update_tile_hip.hpp [skipped, already hipified]
  /perf_apps/xiaoming/MegaMoE/3rdparty/composable_kernel/include/ck_tile/core/utility/debug.hpp -> /perf_apps/xiaoming/MegaMoE/3rdparty/composable_kernel/include/ck_tile/core/utility/debug_hip.hpp [ok]
  /perf_apps/xiaoming/MegaMoE/3rdparty/composable_kernel/include/ck_tile/core/utility/env.hpp -> /perf_apps/xiaoming/MegaMoE/3rdparty/composable_kernel/include/ck_tile/core/utility/env.hpp [skipped, no changes]
  /perf_apps/xiaoming/MegaMoE/3rdparty/composable_kernel/include/ck_tile/core/utility/gemm_validation.hpp -> /perf_apps/xiaoming/MegaMoE/3rdparty/composable_kernel/include/ck_tile/core/utility/gemm_validation.hpp [skipped, no changes]
  /perf_apps/xiaoming/MegaMoE/3rdparty/composable_kernel/include/ck_tile/core/utility/literals.hpp -> /perf_apps/xiaoming/MegaMoE/3rdparty/composable_kernel/include/ck_tile/core/utility/literals.hpp [skipped, no changes]
  /perf_apps/xiaoming/MegaMoE/3rdparty/composable_kernel/include/ck_tile/core/utility/mixed_prec_compute_type.hpp -> /perf_apps/xiaoming/MegaMoE/3rdparty/composable_kernel/include/ck_tile/core/utility/mixed_prec_compute_type.hpp [skipped, no changes]
  /perf_apps/xiaoming/MegaMoE/3rdparty/composable_kernel/include/ck_tile/core/utility/persistent_async_input_scheduler.hpp -> /perf_apps/xiaoming/MegaMoE/3rdparty/composable_kernel/include/ck_tile/core/utility/persistent_async_input_scheduler.hpp [skipped, no changes]
  /perf_apps/xiaoming/MegaMoE/3rdparty/composable_kernel/include/ck_tile/core/utility/philox_rand.hpp -> /perf_apps/xiaoming/MegaMoE/3rdparty/composable_kernel/include/ck_tile/core/utility/philox_rand.hpp [skipped, no changes]
  /perf_apps/xiaoming/MegaMoE/3rdparty/composable_kernel/include/ck_tile/core/utility/reduce_operator.hpp -> /perf_apps/xiaoming/MegaMoE/3rdparty/composable_kernel/include/ck_tile/core/utility/reduce_operator_hip.hpp [skipped, already hipified]
  /perf_apps/xiaoming/MegaMoE/3rdparty/composable_kernel/include/ck_tile/core/utility/reduce_operator_accumulate.hpp -> /perf_apps/xiaoming/MegaMoE/3rdparty/composable_kernel/include/ck_tile/core/utility/reduce_operator_accumulate.hpp [skipped, no changes]
  /perf_apps/xiaoming/MegaMoE/3rdparty/composable_kernel/include/ck_tile/core/utility/static_counter.hpp -> /perf_apps/xiaoming/MegaMoE/3rdparty/composable_kernel/include/ck_tile/core/utility/static_counter.hpp [skipped, no changes]
  /perf_apps/xiaoming/MegaMoE/3rdparty/composable_kernel/include/ck_tile/core/utility/unary_element_function.hpp -> /perf_apps/xiaoming/MegaMoE/3rdparty/composable_kernel/include/ck_tile/core/utility/unary_element_function_hip.hpp [skipped, already hipified]
  /perf_apps/xiaoming/MegaMoE/3rdparty/composable_kernel/include/ck_tile/core.hpp -> /perf_apps/xiaoming/MegaMoE/3rdparty/composable_kernel/include/ck_tile/core_hip.hpp [skipped, already hipified]
  /perf_apps/xiaoming/MegaMoE/3rdparty/composable_kernel/include/ck_tile/host/arg_parser.hpp -> /perf_apps/xiaoming/MegaMoE/3rdparty/composable_kernel/include/ck_tile/host/arg_parser.hpp [skipped, no changes]
  /perf_apps/xiaoming/MegaMoE/3rdparty/composable_kernel/include/ck_tile/host/ranges.hpp -> /perf_apps/xiaoming/MegaMoE/3rdparty/composable_kernel/include/ck_tile/host/ranges.hpp [skipped, no changes]
  /perf_apps/xiaoming/MegaMoE/3rdparty/composable_kernel/include/ck_tile/host/check_err.hpp -> /perf_apps/xiaoming/MegaMoE/3rdparty/composable_kernel/include/ck_tile/host/check_err_hip.hpp [skipped, already hipified]
  /perf_apps/xiaoming/MegaMoE/3rdparty/composable_kernel/include/ck_tile/ops/gemm/pipeline/gemm_pipeline_ag_bg_cr_scheduler.hpp -> /perf_apps/xiaoming/MegaMoE/3rdparty/composable_kernel/include/ck_tile/ops/gemm/pipeline/gemm_pipeline_ag_bg_cr_scheduler_hip.hpp [skipped, already hipified]
  /perf_apps/xiaoming/MegaMoE/3rdparty/composable_kernel/include/ck_tile/host/concat.hpp -> /perf_apps/xiaoming/MegaMoE/3rdparty/composable_kernel/include/ck_tile/host/concat_hip.hpp [skipped, already hipified]
  /perf_apps/xiaoming/MegaMoE/3rdparty/composable_kernel/include/ck_tile/ops/common/tensor_layout.hpp -> /perf_apps/xiaoming/MegaMoE/3rdparty/composable_kernel/include/ck_tile/ops/common/tensor_layout.hpp [skipped, no changes]
  /perf_apps/xiaoming/MegaMoE/3rdparty/composable_kernel/include/ck_tile/host/convolution_parameter.hpp -> /perf_apps/xiaoming/MegaMoE/3rdparty/composable_kernel/include/ck_tile/host/convolution_parameter.hpp [skipped, no changes]
  /perf_apps/xiaoming/MegaMoE/3rdparty/composable_kernel/include/ck_tile/host/joinable_thread.hpp -> /perf_apps/xiaoming/MegaMoE/3rdparty/composable_kernel/include/ck_tile/host/joinable_thread.hpp [skipped, no changes]
  /perf_apps/xiaoming/MegaMoE/3rdparty/composable_kernel/include/ck_tile/host/host_tensor.hpp -> /perf_apps/xiaoming/MegaMoE/3rdparty/composable_kernel/include/ck_tile/host/host_tensor_hip.hpp [skipped, already hipified]
  /perf_apps/xiaoming/MegaMoE/3rdparty/composable_kernel/include/ck_tile/host/convolution_host_tensor_descriptor_helper.hpp -> /perf_apps/xiaoming/MegaMoE/3rdparty/composable_kernel/include/ck_tile/host/convolution_host_tensor_descriptor_helper_hip.hpp [skipped, already hipified]
  /perf_apps/xiaoming/MegaMoE/3rdparty/composable_kernel/include/ck_tile/host/hip_check_error.hpp -> /perf_apps/xiaoming/MegaMoE/3rdparty/composable_kernel/include/ck_tile/host/hip_check_error.hpp [skipped, no changes]
  /perf_apps/xiaoming/MegaMoE/3rdparty/composable_kernel/include/ck_tile/host/device_memory.hpp -> /perf_apps/xiaoming/MegaMoE/3rdparty/composable_kernel/include/ck_tile/host/device_memory_hip.hpp [skipped, already hipified]
  /perf_apps/xiaoming/MegaMoE/3rdparty/composable_kernel/include/ck_tile/host/device_prop.hpp -> /perf_apps/xiaoming/MegaMoE/3rdparty/composable_kernel/include/ck_tile/host/device_prop.hpp [skipped, no changes]
  /perf_apps/xiaoming/MegaMoE/3rdparty/composable_kernel/include/ck_tile/host/fill.hpp -> /perf_apps/xiaoming/MegaMoE/3rdparty/composable_kernel/include/ck_tile/host/fill_hip.hpp [skipped, already hipified]
  /perf_apps/xiaoming/MegaMoE/3rdparty/composable_kernel/include/ck_tile/host/flush_icache.hpp -> /perf_apps/xiaoming/MegaMoE/3rdparty/composable_kernel/include/ck_tile/host/flush_icache.hpp [skipped, no changes]
  /perf_apps/xiaoming/MegaMoE/3rdparty/composable_kernel/include/ck_tile/host/high_res_cpu_clock.hpp -> /perf_apps/xiaoming/MegaMoE/3rdparty/composable_kernel/include/ck_tile/host/high_res_cpu_clock.hpp [skipped, no changes]
  /perf_apps/xiaoming/MegaMoE/3rdparty/composable_kernel/include/ck_tile/host/stream_config.hpp -> /perf_apps/xiaoming/MegaMoE/3rdparty/composable_kernel/include/ck_tile/host/stream_config.hpp [skipped, no changes]
  /perf_apps/xiaoming/MegaMoE/3rdparty/composable_kernel/include/ck_tile/host/timer.hpp -> /perf_apps/xiaoming/MegaMoE/3rdparty/composable_kernel/include/ck_tile/host/timer.hpp [skipped, no changes]
  /perf_apps/xiaoming/MegaMoE/3rdparty/composable_kernel/include/ck_tile/host/kernel_launch.hpp -> /perf_apps/xiaoming/MegaMoE/3rdparty/composable_kernel/include/ck_tile/host/kernel_launch_hip.hpp [skipped, already hipified]
  /perf_apps/xiaoming/MegaMoE/3rdparty/composable_kernel/include/ck_tile/host/permute_pk_int4.hpp -> /perf_apps/xiaoming/MegaMoE/3rdparty/composable_kernel/include/ck_tile/host/permute_pk_int4.hpp [skipped, no changes]
  /perf_apps/xiaoming/MegaMoE/3rdparty/composable_kernel/include/ck_tile/host/reference/reference_batched_contraction.hpp -> /perf_apps/xiaoming/MegaMoE/3rdparty/composable_kernel/include/ck_tile/host/reference/reference_batched_contraction_hip.hpp [skipped, already hipified]
  /perf_apps/xiaoming/MegaMoE/3rdparty/composable_kernel/include/ck_tile/host/reference/reference_batched_dropout.hpp -> /perf_apps/xiaoming/MegaMoE/3rdparty/composable_kernel/include/ck_tile/host/reference/reference_batched_dropout_hip.hpp [skipped, already hipified]
  /perf_apps/xiaoming/MegaMoE/3rdparty/composable_kernel/include/ck_tile/host/reference/reference_batched_dropout_randval.hpp -> /perf_apps/xiaoming/MegaMoE/3rdparty/composable_kernel/include/ck_tile/host/reference/reference_batched_dropout_randval_hip.hpp [skipped, already hipified]
  /perf_apps/xiaoming/MegaMoE/3rdparty/composable_kernel/include/ck_tile/host/reference/reference_batched_elementwise.hpp -> /perf_apps/xiaoming/MegaMoE/3rdparty/composable_kernel/include/ck_tile/host/reference/reference_batched_elementwise_hip.hpp [skipped, already hipified]
  /perf_apps/xiaoming/MegaMoE/3rdparty/composable_kernel/include/ck_tile/host/reference/reference_batched_gemm.hpp -> /perf_apps/xiaoming/MegaMoE/3rdparty/composable_kernel/include/ck_tile/host/reference/reference_batched_gemm_hip.hpp [skipped, already hipified]
  /perf_apps/xiaoming/MegaMoE/3rdparty/composable_kernel/include/ck_tile/host/reference/reference_batched_masking.hpp -> /perf_apps/xiaoming/MegaMoE/3rdparty/composable_kernel/include/ck_tile/host/reference/reference_batched_masking_hip.hpp [skipped, already hipified]
  /perf_apps/xiaoming/MegaMoE/3rdparty/composable_kernel/include/ck_tile/host/reference/reference_batched_rotary_position_embedding.hpp -> /perf_apps/xiaoming/MegaMoE/3rdparty/composable_kernel/include/ck_tile/host/reference/reference_batched_rotary_position_embedding_hip.hpp [skipped, already hipified]
  /perf_apps/xiaoming/MegaMoE/3rdparty/composable_kernel/include/ck_tile/host/reference/reference_batched_softmax.hpp -> /perf_apps/xiaoming/MegaMoE/3rdparty/composable_kernel/include/ck_tile/host/reference/reference_batched_softmax_hip.hpp [skipped, already hipified]
  /perf_apps/xiaoming/MegaMoE/3rdparty/composable_kernel/include/ck_tile/host/reference/reference_batched_transpose.hpp -> /perf_apps/xiaoming/MegaMoE/3rdparty/composable_kernel/include/ck_tile/host/reference/reference_batched_transpose_hip.hpp [skipped, already hipified]
  /perf_apps/xiaoming/MegaMoE/3rdparty/composable_kernel/include/ck_tile/host/reference/reference_blocked_attention.hpp -> /perf_apps/xiaoming/MegaMoE/3rdparty/composable_kernel/include/ck_tile/host/reference/reference_blocked_attention_hip.hpp [skipped, already hipified]
  /perf_apps/xiaoming/MegaMoE/3rdparty/composable_kernel/include/ck_tile/host/reference/reference_elementwise.hpp -> /perf_apps/xiaoming/MegaMoE/3rdparty/composable_kernel/include/ck_tile/host/reference/reference_elementwise_hip.hpp [skipped, already hipified]
  /perf_apps/xiaoming/MegaMoE/3rdparty/composable_kernel/include/ck_tile/host/reference/reference_fused_moe.hpp -> /perf_apps/xiaoming/MegaMoE/3rdparty/composable_kernel/include/ck_tile/host/reference/reference_fused_moe_hip.hpp [skipped, already hipified]
  /perf_apps/xiaoming/MegaMoE/3rdparty/composable_kernel/include/ck_tile/host/reference/reference_gemm.hpp -> /perf_apps/xiaoming/MegaMoE/3rdparty/composable_kernel/include/ck_tile/host/reference/reference_gemm_hip.hpp [skipped, already hipified]
  /perf_apps/xiaoming/MegaMoE/3rdparty/composable_kernel/include/ck_tile/host/reference/reference_grouped_conv_bwd_data.hpp -> /perf_apps/xiaoming/MegaMoE/3rdparty/composable_kernel/include/ck_tile/host/reference/reference_grouped_conv_bwd_data_hip.hpp [skipped, already hipified]
  /perf_apps/xiaoming/MegaMoE/3rdparty/composable_kernel/include/ck_tile/host/reference/reference_grouped_conv_bwd_weight.hpp -> /perf_apps/xiaoming/MegaMoE/3rdparty/composable_kernel/include/ck_tile/host/reference/reference_grouped_conv_bwd_weight_hip.hpp [skipped, already hipified]
  /perf_apps/xiaoming/MegaMoE/3rdparty/composable_kernel/include/ck_tile/ops/elementwise/binary_elementwise_operation.hpp -> /perf_apps/xiaoming/MegaMoE/3rdparty/composable_kernel/include/ck_tile/ops/elementwise/binary_elementwise_operation_hip.hpp [skipped, already hipified]
  /perf_apps/xiaoming/MegaMoE/3rdparty/composable_kernel/include/ck_tile/ops/common/generic_2d_block_shape.hpp -> /perf_apps/xiaoming/MegaMoE/3rdparty/composable_kernel/include/ck_tile/ops/common/generic_2d_block_shape.hpp [skipped, no changes]
  /perf_apps/xiaoming/MegaMoE/3rdparty/composable_kernel/include/ck_tile/ops/elementwise/unary_element_wise_operation.hpp -> /perf_apps/xiaoming/MegaMoE/3rdparty/composable_kernel/include/ck_tile/ops/elementwise/unary_element_wise_operation_hip.hpp [skipped, already hipified]
  /perf_apps/xiaoming/MegaMoE/3rdparty/composable_kernel/include/ck_tile/ops/common/load_interleaved_pk_type.hpp -> /perf_apps/xiaoming/MegaMoE/3rdparty/composable_kernel/include/ck_tile/ops/common/load_interleaved_pk_type_hip.hpp [skipped, already hipified]
  /perf_apps/xiaoming/MegaMoE/3rdparty/composable_kernel/include/ck_tile/ops/common/streamk_common.hpp -> /perf_apps/xiaoming/MegaMoE/3rdparty/composable_kernel/include/ck_tile/ops/common/streamk_common_hip.hpp [skipped, already hipified]
  /perf_apps/xiaoming/MegaMoE/3rdparty/composable_kernel/include/ck_tile/ops/common/utils.hpp -> /perf_apps/xiaoming/MegaMoE/3rdparty/composable_kernel/include/ck_tile/ops/common/utils_hip.hpp [skipped, already hipified]
  /perf_apps/xiaoming/MegaMoE/3rdparty/composable_kernel/include/ck_tile/ops/common.hpp -> /perf_apps/xiaoming/MegaMoE/3rdparty/composable_kernel/include/ck_tile/ops/common_hip.hpp [skipped, already hipified]
  /perf_apps/xiaoming/MegaMoE/3rdparty/composable_kernel/include/ck_tile/ops/elementwise/pipeline/elementwise_pipeline_problem.hpp -> /perf_apps/xiaoming/MegaMoE/3rdparty/composable_kernel/include/ck_tile/ops/elementwise/pipeline/elementwise_pipeline_problem.hpp [skipped, no changes]
  /perf_apps/xiaoming/MegaMoE/3rdparty/composable_kernel/include/ck_tile/ops/elementwise/pipeline/elementwise_pipeline_default_policy.hpp -> /perf_apps/xiaoming/MegaMoE/3rdparty/composable_kernel/include/ck_tile/ops/elementwise/pipeline/elementwise_pipeline_default_policy_hip.hpp [skipped, already hipified]
  /perf_apps/xiaoming/MegaMoE/3rdparty/composable_kernel/include/ck_tile/ops/elementwise/kernel/elementwise_kernel.hpp -> /perf_apps/xiaoming/MegaMoE/3rdparty/composable_kernel/include/ck_tile/ops/elementwise/kernel/elementwise_kernel_hip.hpp [skipped, already hipified]
  /perf_apps/xiaoming/MegaMoE/3rdparty/composable_kernel/include/ck_tile/ops/elementwise/pipeline/elementwise_shape.hpp -> /perf_apps/xiaoming/MegaMoE/3rdparty/composable_kernel/include/ck_tile/ops/elementwise/pipeline/elementwise_shape.hpp [skipped, no changes]
  /perf_apps/xiaoming/MegaMoE/3rdparty/composable_kernel/include/ck_tile/ops/elementwise.hpp -> /perf_apps/xiaoming/MegaMoE/3rdparty/composable_kernel/include/ck_tile/ops/elementwise_hip.hpp [skipped, already hipified]
  /perf_apps/xiaoming/MegaMoE/3rdparty/composable_kernel/include/ck_tile/host/reference/reference_grouped_conv_fwd.hpp -> /perf_apps/xiaoming/MegaMoE/3rdparty/composable_kernel/include/ck_tile/host/reference/reference_grouped_conv_fwd_hip.hpp [skipped, already hipified]
  /perf_apps/xiaoming/MegaMoE/3rdparty/composable_kernel/include/ck_tile/host/reference/reference_im2col.hpp -> /perf_apps/xiaoming/MegaMoE/3rdparty/composable_kernel/include/ck_tile/host/reference/reference_im2col_hip.hpp [skipped, already hipified]
  /perf_apps/xiaoming/MegaMoE/3rdparty/composable_kernel/include/ck_tile/host/reference/reference_layernorm2d_fwd.hpp -> /perf_apps/xiaoming/MegaMoE/3rdparty/composable_kernel/include/ck_tile/host/reference/reference_layernorm2d_fwd_hip.hpp [skipped, already hipified]
  /perf_apps/xiaoming/MegaMoE/3rdparty/composable_kernel/include/ck_tile/host/reference/reference_moe_gemm.hpp -> /perf_apps/xiaoming/MegaMoE/3rdparty/composable_kernel/include/ck_tile/host/reference/reference_moe_gemm_hip.hpp [skipped, already hipified]
  /perf_apps/xiaoming/MegaMoE/3rdparty/composable_kernel/include/ck_tile/host/reference/reference_moe_sorting.hpp -> /perf_apps/xiaoming/MegaMoE/3rdparty/composable_kernel/include/ck_tile/host/reference/reference_moe_sorting_hip.hpp [skipped, already hipified]
  /perf_apps/xiaoming/MegaMoE/3rdparty/composable_kernel/include/ck_tile/host/reference/reference_permute.hpp -> /perf_apps/xiaoming/MegaMoE/3rdparty/composable_kernel/include/ck_tile/host/reference/reference_permute_hip.hpp [skipped, already hipified]
  /perf_apps/xiaoming/MegaMoE/3rdparty/composable_kernel/include/ck_tile/ops/reduce/block/block_reduce2d_problem.hpp -> /perf_apps/xiaoming/MegaMoE/3rdparty/composable_kernel/include/ck_tile/ops/reduce/block/block_reduce2d_problem_hip.hpp [skipped, already hipified]
  /perf_apps/xiaoming/MegaMoE/3rdparty/composable_kernel/include/ck_tile/ops/reduce/block/block_reduce2d.hpp -> /perf_apps/xiaoming/MegaMoE/3rdparty/composable_kernel/include/ck_tile/ops/reduce/block/block_reduce2d_hip.hpp [skipped, already hipified]
  /perf_apps/xiaoming/MegaMoE/3rdparty/composable_kernel/include/ck_tile/ops/pooling/pipeline/pool_default_policy.hpp -> /perf_apps/xiaoming/MegaMoE/3rdparty/composable_kernel/include/ck_tile/ops/pooling/pipeline/pool_default_policy_hip.hpp [skipped, already hipified]
  /perf_apps/xiaoming/MegaMoE/3rdparty/composable_kernel/include/ck_tile/ops/pooling/kernel/pool_kernel.hpp -> /perf_apps/xiaoming/MegaMoE/3rdparty/composable_kernel/include/ck_tile/ops/pooling/kernel/pool_kernel_hip.hpp [skipped, already hipified]
  /perf_apps/xiaoming/MegaMoE/3rdparty/composable_kernel/include/ck_tile/host/reference/reference_pool.hpp -> /perf_apps/xiaoming/MegaMoE/3rdparty/composable_kernel/include/ck_tile/host/reference/reference_pool_hip.hpp [skipped, already hipified]
  /perf_apps/xiaoming/MegaMoE/3rdparty/composable_kernel/include/ck_tile/host/reference/reference_reduce.hpp -> /perf_apps/xiaoming/MegaMoE/3rdparty/composable_kernel/include/ck_tile/host/reference/reference_reduce_hip.hpp [skipped, already hipified]
  /perf_apps/xiaoming/MegaMoE/3rdparty/composable_kernel/include/ck_tile/ops/rmsnorm2d/pipeline/rmsnorm2d_fwd_traits.hpp -> /perf_apps/xiaoming/MegaMoE/3rdparty/composable_kernel/include/ck_tile/ops/rmsnorm2d/pipeline/rmsnorm2d_fwd_traits.hpp [skipped, no changes]
  /perf_apps/xiaoming/MegaMoE/3rdparty/composable_kernel/include/ck_tile/host/reference/reference_rmsnorm2d_fwd.hpp -> /perf_apps/xiaoming/MegaMoE/3rdparty/composable_kernel/include/ck_tile/host/reference/reference_rmsnorm2d_fwd_hip.hpp [skipped, already hipified]
  /perf_apps/xiaoming/MegaMoE/3rdparty/composable_kernel/include/ck_tile/host/reference/reference_rowwise_quantization2d.hpp -> /perf_apps/xiaoming/MegaMoE/3rdparty/composable_kernel/include/ck_tile/host/reference/reference_rowwise_quantization2d_hip.hpp [skipped, already hipified]
  /perf_apps/xiaoming/MegaMoE/3rdparty/composable_kernel/include/ck_tile/host/reference/reference_softmax.hpp -> /perf_apps/xiaoming/MegaMoE/3rdparty/composable_kernel/include/ck_tile/host/reference/reference_softmax_hip.hpp [skipped, already hipified]
  /perf_apps/xiaoming/MegaMoE/3rdparty/composable_kernel/include/ck_tile/host/reference/reference_topk.hpp -> /perf_apps/xiaoming/MegaMoE/3rdparty/composable_kernel/include/ck_tile/host/reference/reference_topk_hip.hpp [skipped, already hipified]
  /perf_apps/xiaoming/MegaMoE/3rdparty/composable_kernel/include/ck_tile/host/reference/reference_transpose.hpp -> /perf_apps/xiaoming/MegaMoE/3rdparty/composable_kernel/include/ck_tile/host/reference/reference_transpose_hip.hpp [skipped, already hipified]
  /perf_apps/xiaoming/MegaMoE/3rdparty/composable_kernel/include/ck_tile/host/rotating_buffers.hpp -> /perf_apps/xiaoming/MegaMoE/3rdparty/composable_kernel/include/ck_tile/host/rotating_buffers_hip.hpp [skipped, already hipified]
  /perf_apps/xiaoming/MegaMoE/3rdparty/composable_kernel/include/ck_tile/host/stream_utils.hpp -> /perf_apps/xiaoming/MegaMoE/3rdparty/composable_kernel/include/ck_tile/host/stream_utils.hpp [skipped, no changes]
  /perf_apps/xiaoming/MegaMoE/3rdparty/composable_kernel/include/ck_tile/host/tensor_shuffle_utils.hpp -> /perf_apps/xiaoming/MegaMoE/3rdparty/composable_kernel/include/ck_tile/host/tensor_shuffle_utils.hpp [skipped, no changes]
  /perf_apps/xiaoming/MegaMoE/3rdparty/composable_kernel/include/ck_tile/host.hpp -> /perf_apps/xiaoming/MegaMoE/3rdparty/composable_kernel/include/ck_tile/host_hip.hpp [skipped, already hipified]
  /perf_apps/xiaoming/MegaMoE/3rdparty/composable_kernel/include/ck_tile/ops/epilogue/chainer/common_epilogue_ops.hpp -> /perf_apps/xiaoming/MegaMoE/3rdparty/composable_kernel/include/ck_tile/ops/epilogue/chainer/common_epilogue_ops_hip.hpp [skipped, already hipified]
  /perf_apps/xiaoming/MegaMoE/3rdparty/composable_kernel/include/ck_tile/ops/gemm/warp/warp_gemm_impl.hpp -> /perf_apps/xiaoming/MegaMoE/3rdparty/composable_kernel/include/ck_tile/ops/gemm/warp/warp_gemm_impl_hip.hpp [skipped, already hipified]
  /perf_apps/xiaoming/MegaMoE/3rdparty/composable_kernel/include/ck_tile/ops/gemm/warp/warp_gemm_attribute_mfma_impl.hpp -> /perf_apps/xiaoming/MegaMoE/3rdparty/composable_kernel/include/ck_tile/ops/gemm/warp/warp_gemm_attribute_mfma_impl_hip.hpp [skipped, already hipified]
  /perf_apps/xiaoming/MegaMoE/3rdparty/composable_kernel/include/ck_tile/ops/gemm/warp/warp_gemm_attribute_mfma.hpp -> /perf_apps/xiaoming/MegaMoE/3rdparty/composable_kernel/include/ck_tile/ops/gemm/warp/warp_gemm_attribute_mfma_hip.hpp [skipped, already hipified]
  /perf_apps/xiaoming/MegaMoE/3rdparty/composable_kernel/include/ck_tile/ops/gemm/warp/warp_gemm_smfmac_impl.hpp -> /perf_apps/xiaoming/MegaMoE/3rdparty/composable_kernel/include/ck_tile/ops/gemm/warp/warp_gemm_smfmac_impl_hip.hpp [skipped, already hipified]
  /perf_apps/xiaoming/MegaMoE/3rdparty/composable_kernel/include/ck_tile/ops/gemm/warp/warp_gemm_attribute_smfmac_impl.hpp -> /perf_apps/xiaoming/MegaMoE/3rdparty/composable_kernel/include/ck_tile/ops/gemm/warp/warp_gemm_attribute_smfmac_impl_hip.hpp [skipped, already hipified]
  /perf_apps/xiaoming/MegaMoE/3rdparty/composable_kernel/include/ck_tile/ops/gemm/warp/warp_gemm_attribute_smfmac.hpp -> /perf_apps/xiaoming/MegaMoE/3rdparty/composable_kernel/include/ck_tile/ops/gemm/warp/warp_gemm_attribute_smfmac_hip.hpp [skipped, already hipified]
  /perf_apps/xiaoming/MegaMoE/3rdparty/composable_kernel/include/ck_tile/ops/gemm/warp/warp_gemm.hpp -> /perf_apps/xiaoming/MegaMoE/3rdparty/composable_kernel/include/ck_tile/ops/gemm/warp/warp_gemm_hip.hpp [skipped, already hipified]
  /perf_apps/xiaoming/MegaMoE/3rdparty/composable_kernel/include/ck_tile/ops/gemm/warp/warp_gemm_attribute_wmma_impl.hpp -> /perf_apps/xiaoming/MegaMoE/3rdparty/composable_kernel/include/ck_tile/ops/gemm/warp/warp_gemm_attribute_wmma_impl_hip.hpp [skipped, already hipified]
  /perf_apps/xiaoming/MegaMoE/3rdparty/composable_kernel/include/ck_tile/ops/gemm/warp/warp_gemm_attribute_wmma.hpp -> /perf_apps/xiaoming/MegaMoE/3rdparty/composable_kernel/include/ck_tile/ops/gemm/warp/warp_gemm_attribute_wmma_hip.hpp [skipped, already hipified]
  /perf_apps/xiaoming/MegaMoE/3rdparty/composable_kernel/include/ck_tile/ops/gemm/warp/warp_gemm_attribute_wmma_impl_base_traits.hpp -> /perf_apps/xiaoming/MegaMoE/3rdparty/composable_kernel/include/ck_tile/ops/gemm/warp/warp_gemm_attribute_wmma_impl_base_traits.hpp [skipped, no changes]
  /perf_apps/xiaoming/MegaMoE/3rdparty/composable_kernel/include/ck_tile/ops/gemm/warp/warp_gemm_attribute_wmma_impl_16bit_traits.hpp -> /perf_apps/xiaoming/MegaMoE/3rdparty/composable_kernel/include/ck_tile/ops/gemm/warp/warp_gemm_attribute_wmma_impl_16bit_traits.hpp [skipped, no changes]
  /perf_apps/xiaoming/MegaMoE/3rdparty/composable_kernel/include/ck_tile/ops/gemm/warp/warp_gemm_attribute_wmma_impl_8bit_traits.hpp -> /perf_apps/xiaoming/MegaMoE/3rdparty/composable_kernel/include/ck_tile/ops/gemm/warp/warp_gemm_attribute_wmma_impl_8bit_traits.hpp [skipped, no changes]
  /perf_apps/xiaoming/MegaMoE/3rdparty/composable_kernel/include/ck_tile/ops/gemm/warp/warp_wmma_gemm.hpp -> /perf_apps/xiaoming/MegaMoE/3rdparty/composable_kernel/include/ck_tile/ops/gemm/warp/warp_wmma_gemm_hip.hpp [skipped, already hipified]
  /perf_apps/xiaoming/MegaMoE/3rdparty/composable_kernel/include/ck_tile/ops/gemm/warp/warp_gemm_dispatcher.hpp -> /perf_apps/xiaoming/MegaMoE/3rdparty/composable_kernel/include/ck_tile/ops/gemm/warp/warp_gemm_dispatcher_hip.hpp [skipped, already hipified]
  /perf_apps/xiaoming/MegaMoE/3rdparty/composable_kernel/include/ck_tile/ops/epilogue/chainer/cshuffle_epilogue_chainer_ops.hpp -> /perf_apps/xiaoming/MegaMoE/3rdparty/composable_kernel/include/ck_tile/ops/epilogue/chainer/cshuffle_epilogue_chainer_ops_hip.hpp [skipped, already hipified]
  /perf_apps/xiaoming/MegaMoE/3rdparty/composable_kernel/include/ck_tile/ops/epilogue/chainer/epilogue_chainer.hpp -> /perf_apps/xiaoming/MegaMoE/3rdparty/composable_kernel/include/ck_tile/ops/epilogue/chainer/epilogue_chainer_hip.hpp [skipped, already hipified]
  /perf_apps/xiaoming/MegaMoE/3rdparty/composable_kernel/include/ck_tile/ops/epilogue/chainer/cshuffle_epilogue_schedule.hpp -> /perf_apps/xiaoming/MegaMoE/3rdparty/composable_kernel/include/ck_tile/ops/epilogue/chainer/cshuffle_epilogue_schedule_hip.hpp [skipped, already hipified]
  /perf_apps/xiaoming/MegaMoE/3rdparty/composable_kernel/include/ck_tile/ops/epilogue/cshuffle_epilogue.hpp -> /perf_apps/xiaoming/MegaMoE/3rdparty/composable_kernel/include/ck_tile/ops/epilogue/cshuffle_epilogue_hip.hpp [skipped, already hipified]
  /perf_apps/xiaoming/MegaMoE/3rdparty/composable_kernel/include/ck_tile/ops/epilogue/default_2d_epilogue.hpp -> /perf_apps/xiaoming/MegaMoE/3rdparty/composable_kernel/include/ck_tile/ops/epilogue/default_2d_epilogue_hip.hpp [skipped, already hipified]
  /perf_apps/xiaoming/MegaMoE/3rdparty/composable_kernel/include/ck_tile/ops/reduce/block/block_reduce.hpp -> /perf_apps/xiaoming/MegaMoE/3rdparty/composable_kernel/include/ck_tile/ops/reduce/block/block_reduce_hip.hpp [skipped, already hipified]
  /perf_apps/xiaoming/MegaMoE/3rdparty/composable_kernel/include/ck_tile/ops/reduce/pipeline/reduce2d_default_policy.hpp -> /perf_apps/xiaoming/MegaMoE/3rdparty/composable_kernel/include/ck_tile/ops/reduce/pipeline/reduce2d_default_policy_hip.hpp [skipped, already hipified]
  /perf_apps/xiaoming/MegaMoE/3rdparty/composable_kernel/include/ck_tile/ops/reduce/pipeline/reduce2d_problem.hpp -> /perf_apps/xiaoming/MegaMoE/3rdparty/composable_kernel/include/ck_tile/ops/reduce/pipeline/reduce2d_problem_hip.hpp [skipped, already hipified]
  /perf_apps/xiaoming/MegaMoE/3rdparty/composable_kernel/include/ck_tile/ops/reduce/kernel/multi_reduce2d_tile_partitioner.hpp -> /perf_apps/xiaoming/MegaMoE/3rdparty/composable_kernel/include/ck_tile/ops/reduce/kernel/multi_reduce2d_tile_partitioner_hip.hpp [skipped, already hipified]
  /perf_apps/xiaoming/MegaMoE/3rdparty/composable_kernel/include/ck_tile/ops/reduce/kernel/multi_reduce2d_kernel.hpp -> /perf_apps/xiaoming/MegaMoE/3rdparty/composable_kernel/include/ck_tile/ops/reduce/kernel/multi_reduce2d_kernel_hip.hpp [skipped, already hipified]
  /perf_apps/xiaoming/MegaMoE/3rdparty/composable_kernel/include/ck_tile/ops/reduce/kernel/multi_reduce2d_multiblock_kernel.hpp -> /perf_apps/xiaoming/MegaMoE/3rdparty/composable_kernel/include/ck_tile/ops/reduce/kernel/multi_reduce2d_multiblock_kernel_hip.hpp [skipped, already hipified]
  /perf_apps/xiaoming/MegaMoE/3rdparty/composable_kernel/include/ck_tile/ops/reduce/kernel/multi_reduce2d_threadwise_kernel.hpp -> /perf_apps/xiaoming/MegaMoE/3rdparty/composable_kernel/include/ck_tile/ops/reduce/kernel/multi_reduce2d_threadwise_kernel_hip.hpp [skipped, already hipified]
  /perf_apps/xiaoming/MegaMoE/3rdparty/composable_kernel/include/ck_tile/ops/reduce/kernel/reduce2d_kernel.hpp -> /perf_apps/xiaoming/MegaMoE/3rdparty/composable_kernel/include/ck_tile/ops/reduce/kernel/reduce2d_kernel_hip.hpp [skipped, already hipified]
  /perf_apps/xiaoming/MegaMoE/3rdparty/composable_kernel/include/ck_tile/ops/reduce/pipeline/reduce2d_shape.hpp -> /perf_apps/xiaoming/MegaMoE/3rdparty/composable_kernel/include/ck_tile/ops/reduce/pipeline/reduce2d_shape_hip.hpp [skipped, already hipified]
  /perf_apps/xiaoming/MegaMoE/3rdparty/composable_kernel/include/ck_tile/ops/reduce.hpp -> /perf_apps/xiaoming/MegaMoE/3rdparty/composable_kernel/include/ck_tile/ops/reduce_hip.hpp [skipped, already hipified]
  /perf_apps/xiaoming/MegaMoE/3rdparty/composable_kernel/include/ck_tile/ops/epilogue/dynamic_quant_epilogue.hpp -> /perf_apps/xiaoming/MegaMoE/3rdparty/composable_kernel/include/ck_tile/ops/epilogue/dynamic_quant_epilogue_hip.hpp [skipped, already hipified]
  /perf_apps/xiaoming/MegaMoE/3rdparty/composable_kernel/include/ck_tile/ops/epilogue/default_2d_and_dynamic_quant_epilogue.hpp -> /perf_apps/xiaoming/MegaMoE/3rdparty/composable_kernel/include/ck_tile/ops/epilogue/default_2d_and_dynamic_quant_epilogue_hip.hpp [skipped, already hipified]
  /perf_apps/xiaoming/MegaMoE/3rdparty/composable_kernel/include/ck_tile/ops/epilogue.hpp -> /perf_apps/xiaoming/MegaMoE/3rdparty/composable_kernel/include/ck_tile/ops/epilogue_hip.hpp [skipped, already hipified]
  /perf_apps/xiaoming/MegaMoE/3rdparty/composable_kernel/include/ck_tile/ops/gemm/block/block_gemm_areg_bgmem_creg_v1_default_policy.hpp -> /perf_apps/xiaoming/MegaMoE/3rdparty/composable_kernel/include/ck_tile/ops/gemm/block/block_gemm_areg_bgmem_creg_v1_default_policy_hip.hpp [skipped, already hipified]
  /perf_apps/xiaoming/MegaMoE/3rdparty/composable_kernel/include/ck_tile/ops/gemm/block/block_gemm_problem.hpp -> /perf_apps/xiaoming/MegaMoE/3rdparty/composable_kernel/include/ck_tile/ops/gemm/block/block_gemm_problem_hip.hpp [skipped, already hipified]
  /perf_apps/xiaoming/MegaMoE/3rdparty/composable_kernel/include/ck_tile/ops/gemm/block/block_gemm_areg_bgmem_creg_v1.hpp -> /perf_apps/xiaoming/MegaMoE/3rdparty/composable_kernel/include/ck_tile/ops/gemm/block/block_gemm_areg_bgmem_creg_v1_hip.hpp [skipped, already hipified]
  /perf_apps/xiaoming/MegaMoE/3rdparty/composable_kernel/include/ck_tile/ops/gemm/block/block_gemm_areg_breg_creg_v1_default_policy.hpp -> /perf_apps/xiaoming/MegaMoE/3rdparty/composable_kernel/include/ck_tile/ops/gemm/block/block_gemm_areg_breg_creg_v1_default_policy_hip.hpp [skipped, already hipified]
  /perf_apps/xiaoming/MegaMoE/3rdparty/composable_kernel/include/ck_tile/ops/gemm/block/block_gemm_areg_breg_creg_v1.hpp -> /perf_apps/xiaoming/MegaMoE/3rdparty/composable_kernel/include/ck_tile/ops/gemm/block/block_gemm_areg_breg_creg_v1_hip.hpp [skipped, already hipified]
  /perf_apps/xiaoming/MegaMoE/3rdparty/composable_kernel/include/ck_tile/ops/gemm/block/block_gemm_areg_breg_creg_v1_custom_policy.hpp -> /perf_apps/xiaoming/MegaMoE/3rdparty/composable_kernel/include/ck_tile/ops/gemm/block/block_gemm_areg_breg_creg_v1_custom_policy_hip.hpp [skipped, already hipified]
  /perf_apps/xiaoming/MegaMoE/3rdparty/composable_kernel/include/ck_tile/ops/gemm/block/block_gemm_areg_breg_creg_v2_custom_policy.hpp -> /perf_apps/xiaoming/MegaMoE/3rdparty/composable_kernel/include/ck_tile/ops/gemm/block/block_gemm_areg_breg_creg_v2_custom_policy_hip.hpp [skipped, already hipified]
  /perf_apps/xiaoming/MegaMoE/3rdparty/composable_kernel/include/ck_tile/ops/gemm/block/block_gemm_areg_breg_creg_v2.hpp -> /perf_apps/xiaoming/MegaMoE/3rdparty/composable_kernel/include/ck_tile/ops/gemm/block/block_gemm_areg_breg_creg_v2_hip.hpp [skipped, already hipified]
  /perf_apps/xiaoming/MegaMoE/3rdparty/composable_kernel/include/ck_tile/ops/gemm/block/block_gemm_areg_bsmem_creg_v1_default_policy.hpp -> /perf_apps/xiaoming/MegaMoE/3rdparty/composable_kernel/include/ck_tile/ops/gemm/block/block_gemm_areg_bsmem_creg_v1_default_policy_hip.hpp [skipped, already hipified]
  /perf_apps/xiaoming/MegaMoE/3rdparty/composable_kernel/include/ck_tile/ops/gemm/block/block_gemm_areg_bsmem_creg_one_warp_v1.hpp -> /perf_apps/xiaoming/MegaMoE/3rdparty/composable_kernel/include/ck_tile/ops/gemm/block/block_gemm_areg_bsmem_creg_one_warp_v1_hip.hpp [skipped, already hipified]
  /perf_apps/xiaoming/MegaMoE/3rdparty/composable_kernel/include/ck_tile/ops/gemm/block/block_gemm_areg_bsmem_creg_v1.hpp -> /perf_apps/xiaoming/MegaMoE/3rdparty/composable_kernel/include/ck_tile/ops/gemm/block/block_gemm_areg_bsmem_creg_v1_hip.hpp [skipped, already hipified]
  /perf_apps/xiaoming/MegaMoE/3rdparty/composable_kernel/include/ck_tile/ops/gemm/block/block_gemm_areg_bsmem_creg_v1_custom_policy.hpp -> /perf_apps/xiaoming/MegaMoE/3rdparty/composable_kernel/include/ck_tile/ops/gemm/block/block_gemm_areg_bsmem_creg_v1_custom_policy_hip.hpp [skipped, already hipified]
  /perf_apps/xiaoming/MegaMoE/3rdparty/composable_kernel/include/ck_tile/ops/gemm/block/block_gemm_areg_bsmem_creg_v2_default_policy.hpp -> /perf_apps/xiaoming/MegaMoE/3rdparty/composable_kernel/include/ck_tile/ops/gemm/block/block_gemm_areg_bsmem_creg_v2_default_policy_hip.hpp [skipped, already hipified]
  /perf_apps/xiaoming/MegaMoE/3rdparty/composable_kernel/include/ck_tile/ops/gemm/block/block_gemm_areg_bsmem_creg_v2.hpp -> /perf_apps/xiaoming/MegaMoE/3rdparty/composable_kernel/include/ck_tile/ops/gemm/block/block_gemm_areg_bsmem_creg_v2_hip.hpp [skipped, already hipified]
  /perf_apps/xiaoming/MegaMoE/3rdparty/composable_kernel/include/ck_tile/ops/gemm/block/block_gemm_areg_bsmem_creg_v2_custom_policy.hpp -> /perf_apps/xiaoming/MegaMoE/3rdparty/composable_kernel/include/ck_tile/ops/gemm/block/block_gemm_areg_bsmem_creg_v2_custom_policy_hip.hpp [skipped, already hipified]
  /perf_apps/xiaoming/MegaMoE/3rdparty/composable_kernel/include/ck_tile/ops/gemm/block/block_gemm_areg_bsmem_creg_v2r1.hpp -> /perf_apps/xiaoming/MegaMoE/3rdparty/composable_kernel/include/ck_tile/ops/gemm/block/block_gemm_areg_bsmem_creg_v2r1_hip.hpp [skipped, already hipified]
  /perf_apps/xiaoming/MegaMoE/3rdparty/composable_kernel/include/ck_tile/ops/gemm/block/block_gemm_asmem_breg_creg_v1_default_policy.hpp -> /perf_apps/xiaoming/MegaMoE/3rdparty/composable_kernel/include/ck_tile/ops/gemm/block/block_gemm_asmem_breg_creg_v1_default_policy_hip.hpp [skipped, already hipified]
  /perf_apps/xiaoming/MegaMoE/3rdparty/composable_kernel/include/ck_tile/ops/gemm/block/block_gemm_asmem_breg_creg_v1.hpp -> /perf_apps/xiaoming/MegaMoE/3rdparty/composable_kernel/include/ck_tile/ops/gemm/block/block_gemm_asmem_breg_creg_v1_hip.hpp [skipped, already hipified]
  /perf_apps/xiaoming/MegaMoE/3rdparty/composable_kernel/include/ck_tile/ops/gemm/block/block_gemm_asmem_breg_creg_v1_custom_policy.hpp -> /perf_apps/xiaoming/MegaMoE/3rdparty/composable_kernel/include/ck_tile/ops/gemm/block/block_gemm_asmem_breg_creg_v1_custom_policy_hip.hpp [skipped, already hipified]
  /perf_apps/xiaoming/MegaMoE/3rdparty/composable_kernel/include/ck_tile/ops/gemm/block/block_gemm_asmem_bsmem_creg_v1_default_policy.hpp -> /perf_apps/xiaoming/MegaMoE/3rdparty/composable_kernel/include/ck_tile/ops/gemm/block/block_gemm_asmem_bsmem_creg_v1_default_policy_hip.hpp [skipped, already hipified]
  /perf_apps/xiaoming/MegaMoE/3rdparty/composable_kernel/include/ck_tile/ops/gemm/block/block_gemm_asmem_bsmem_creg_v1.hpp -> /perf_apps/xiaoming/MegaMoE/3rdparty/composable_kernel/include/ck_tile/ops/gemm/block/block_gemm_asmem_bsmem_creg_v1_hip.hpp [skipped, already hipified]
  /perf_apps/xiaoming/MegaMoE/3rdparty/composable_kernel/include/ck_tile/ops/gemm/block/block_gemm_asmem_bsmem_creg_v1_custom_policy.hpp -> /perf_apps/xiaoming/MegaMoE/3rdparty/composable_kernel/include/ck_tile/ops/gemm/block/block_gemm_asmem_bsmem_creg_v1_custom_policy_hip.hpp [skipped, already hipified]
  /perf_apps/xiaoming/MegaMoE/3rdparty/composable_kernel/include/ck_tile/ops/gemm/block/block_universal_gemm_as_bs_cr.hpp -> /perf_apps/xiaoming/MegaMoE/3rdparty/composable_kernel/include/ck_tile/ops/gemm/block/block_universal_gemm_as_bs_cr_hip.hpp [skipped, already hipified]
  /perf_apps/xiaoming/MegaMoE/3rdparty/composable_kernel/include/ck_tile/ops/gemm/block/block_wp_asmem_bsmem_creg_v1_custom_policy.hpp -> /perf_apps/xiaoming/MegaMoE/3rdparty/composable_kernel/include/ck_tile/ops/gemm/block/block_wp_asmem_bsmem_creg_v1_custom_policy_hip.hpp [skipped, already hipified]
  /perf_apps/xiaoming/MegaMoE/3rdparty/composable_kernel/include/ck_tile/ops/gemm/block/block_wp_asmem_breg_creg.hpp -> /perf_apps/xiaoming/MegaMoE/3rdparty/composable_kernel/include/ck_tile/ops/gemm/block/block_wp_asmem_breg_creg_hip.hpp [skipped, already hipified]
  /perf_apps/xiaoming/MegaMoE/3rdparty/composable_kernel/include/ck_tile/ops/gemm/block/block_wp_asmem_bsmem_creg_v1.hpp -> /perf_apps/xiaoming/MegaMoE/3rdparty/composable_kernel/include/ck_tile/ops/gemm/block/block_wp_asmem_bsmem_creg_v1_hip.hpp [skipped, already hipified]
  /perf_apps/xiaoming/MegaMoE/3rdparty/composable_kernel/include/ck_tile/ops/gemm/kernel/universal_gemm_kernel.hpp -> /perf_apps/xiaoming/MegaMoE/3rdparty/composable_kernel/include/ck_tile/ops/gemm/kernel/universal_gemm_kernel_hip.hpp [skipped, already hipified]
  /perf_apps/xiaoming/MegaMoE/3rdparty/composable_kernel/include/ck_tile/ops/gemm/kernel/gemm_kernel.hpp -> /perf_apps/xiaoming/MegaMoE/3rdparty/composable_kernel/include/ck_tile/ops/gemm/kernel/gemm_kernel_hip.hpp [skipped, already hipified]
  /perf_apps/xiaoming/MegaMoE/3rdparty/composable_kernel/include/ck_tile/ops/gemm/kernel/batched_gemm_kernel.hpp -> /perf_apps/xiaoming/MegaMoE/3rdparty/composable_kernel/include/ck_tile/ops/gemm/kernel/batched_gemm_kernel_hip.hpp [skipped, already hipified]
  /perf_apps/xiaoming/MegaMoE/3rdparty/composable_kernel/include/ck_tile/ops/gemm/kernel/gemm_multi_abd_kernel.hpp -> /perf_apps/xiaoming/MegaMoE/3rdparty/composable_kernel/include/ck_tile/ops/gemm/kernel/gemm_multi_abd_kernel_hip.hpp [skipped, already hipified]
  /perf_apps/xiaoming/MegaMoE/3rdparty/composable_kernel/include/ck_tile/ops/gemm/kernel/gemm_multi_d_kernel.hpp -> /perf_apps/xiaoming/MegaMoE/3rdparty/composable_kernel/include/ck_tile/ops/gemm/kernel/gemm_multi_d_kernel_hip.hpp [skipped, already hipified]
  /perf_apps/xiaoming/MegaMoE/3rdparty/composable_kernel/include/ck_tile/ops/gemm/kernel/gemm_tile_partitioner.hpp -> /perf_apps/xiaoming/MegaMoE/3rdparty/composable_kernel/include/ck_tile/ops/gemm/kernel/gemm_tile_partitioner_hip.hpp [skipped, already hipified]
  /perf_apps/xiaoming/MegaMoE/3rdparty/composable_kernel/include/ck_tile/ops/gemm/pipeline/gemm_universal_pipeline_ag_bg_cr_policy.hpp -> /perf_apps/xiaoming/MegaMoE/3rdparty/composable_kernel/include/ck_tile/ops/gemm/pipeline/gemm_universal_pipeline_ag_bg_cr_policy_hip.hpp [skipped, already hipified]
  /perf_apps/xiaoming/MegaMoE/3rdparty/composable_kernel/include/ck_tile/ops/gemm/pipeline/gemm_pipeline_ag_bg_cr_base.hpp -> /perf_apps/xiaoming/MegaMoE/3rdparty/composable_kernel/include/ck_tile/ops/gemm/pipeline/gemm_pipeline_ag_bg_cr_base_hip.hpp [skipped, already hipified]
  /perf_apps/xiaoming/MegaMoE/3rdparty/composable_kernel/include/ck_tile/ops/gemm/pipeline/gemm_pipeline_ag_bg_cr_comp_v3.hpp -> /perf_apps/xiaoming/MegaMoE/3rdparty/composable_kernel/include/ck_tile/ops/gemm/pipeline/gemm_pipeline_ag_bg_cr_comp_v3_hip.hpp [skipped, already hipified]
  /perf_apps/xiaoming/MegaMoE/3rdparty/composable_kernel/include/ck_tile/ops/gemm/kernel/grouped_gemm_kernel.hpp -> /perf_apps/xiaoming/MegaMoE/3rdparty/composable_kernel/include/ck_tile/ops/gemm/kernel/grouped_gemm_kernel_hip.hpp [skipped, already hipified]
  /perf_apps/xiaoming/MegaMoE/3rdparty/composable_kernel/include/ck_tile/ops/gemm/kernel/streamk_gemm/streamk_gemm_coherency.hpp -> /perf_apps/xiaoming/MegaMoE/3rdparty/composable_kernel/include/ck_tile/ops/gemm/kernel/streamk_gemm/streamk_gemm_coherency_hip.hpp [skipped, already hipified]
  /perf_apps/xiaoming/MegaMoE/3rdparty/composable_kernel/include/ck_tile/ops/gemm/kernel/streamk_gemm/streamk_gemm_kernel.hpp -> /perf_apps/xiaoming/MegaMoE/3rdparty/composable_kernel/include/ck_tile/ops/gemm/kernel/streamk_gemm/streamk_gemm_kernel_hip.hpp [skipped, already hipified]
  /perf_apps/xiaoming/MegaMoE/3rdparty/composable_kernel/include/ck_tile/ops/gemm/kernel/streamk_gemm/streamk_gemm_tile_partitioner_impl.hpp -> /perf_apps/xiaoming/MegaMoE/3rdparty/composable_kernel/include/ck_tile/ops/gemm/kernel/streamk_gemm/streamk_gemm_tile_partitioner_impl_hip.hpp [skipped, already hipified]
  /perf_apps/xiaoming/MegaMoE/3rdparty/composable_kernel/include/ck_tile/ops/gemm/kernel/streamk_gemm/streamk_gemm_tile_partitioner.hpp -> /perf_apps/xiaoming/MegaMoE/3rdparty/composable_kernel/include/ck_tile/ops/gemm/kernel/streamk_gemm/streamk_gemm_tile_partitioner_hip.hpp [skipped, already hipified]
  /perf_apps/xiaoming/MegaMoE/3rdparty/composable_kernel/include/ck_tile/ops/gemm/pipeline/gemm_pipeline_ag_bg_cr_comp_async_default_policy.hpp -> /perf_apps/xiaoming/MegaMoE/3rdparty/composable_kernel/include/ck_tile/ops/gemm/pipeline/gemm_pipeline_ag_bg_cr_comp_async_default_policy_hip.hpp [skipped, already hipified]
  /perf_apps/xiaoming/MegaMoE/3rdparty/composable_kernel/include/ck_tile/ops/gemm/pipeline/gemm_pipeline_ag_bg_cr_comp_async.hpp -> /perf_apps/xiaoming/MegaMoE/3rdparty/composable_kernel/include/ck_tile/ops/gemm/pipeline/gemm_pipeline_ag_bg_cr_comp_async_hip.hpp [skipped, already hipified]
  /perf_apps/xiaoming/MegaMoE/3rdparty/composable_kernel/include/ck_tile/ops/gemm/pipeline/gemm_pipeline_ag_bg_cr_comp_v4_default_policy.hpp -> /perf_apps/xiaoming/MegaMoE/3rdparty/composable_kernel/include/ck_tile/ops/gemm/pipeline/gemm_pipeline_ag_bg_cr_comp_v4_default_policy_hip.hpp [skipped, already hipified]
  /perf_apps/xiaoming/MegaMoE/3rdparty/composable_kernel/include/ck_tile/ops/gemm/pipeline/gemm_pipeline_ag_bg_cr_comp_v4.hpp -> /perf_apps/xiaoming/MegaMoE/3rdparty/composable_kernel/include/ck_tile/ops/gemm/pipeline/gemm_pipeline_ag_bg_cr_comp_v4_hip.hpp [skipped, already hipified]
  /perf_apps/xiaoming/MegaMoE/3rdparty/composable_kernel/include/ck_tile/ops/gemm/pipeline/gemm_pipeline_ag_bg_cr_comp_v5_default_policy.hpp -> /perf_apps/xiaoming/MegaMoE/3rdparty/composable_kernel/include/ck_tile/ops/gemm/pipeline/gemm_pipeline_ag_bg_cr_comp_v5_default_policy_hip.hpp [skipped, already hipified]
  /perf_apps/xiaoming/MegaMoE/3rdparty/composable_kernel/include/ck_tile/ops/gemm/pipeline/gemm_pipeline_ag_bg_cr_comp_v5.hpp -> /perf_apps/xiaoming/MegaMoE/3rdparty/composable_kernel/include/ck_tile/ops/gemm/pipeline/gemm_pipeline_ag_bg_cr_comp_v5_hip.hpp [skipped, already hipified]
  /perf_apps/xiaoming/MegaMoE/3rdparty/composable_kernel/include/ck_tile/ops/gemm/pipeline/gemm_pipeline_ag_bg_cr_comp_v6_default_policy.hpp -> /perf_apps/xiaoming/MegaMoE/3rdparty/composable_kernel/include/ck_tile/ops/gemm/pipeline/gemm_pipeline_ag_bg_cr_comp_v6_default_policy_hip.hpp [skipped, already hipified]
  /perf_apps/xiaoming/MegaMoE/3rdparty/composable_kernel/include/ck_tile/ops/gemm/pipeline/gemm_pipeline_ag_bg_cr_comp_v6.hpp -> /perf_apps/xiaoming/MegaMoE/3rdparty/composable_kernel/include/ck_tile/ops/gemm/pipeline/gemm_pipeline_ag_bg_cr_comp_v6_hip.hpp [skipped, already hipified]
  /perf_apps/xiaoming/MegaMoE/3rdparty/composable_kernel/include/ck_tile/ops/gemm/pipeline/gemm_pipeline_agmem_bgmem_creg_v1_default_policy.hpp -> /perf_apps/xiaoming/MegaMoE/3rdparty/composable_kernel/include/ck_tile/ops/gemm/pipeline/gemm_pipeline_agmem_bgmem_creg_v1_default_policy_hip.hpp [skipped, already hipified]
  /perf_apps/xiaoming/MegaMoE/3rdparty/composable_kernel/include/ck_tile/ops/gemm/pipeline/gemm_pipeline_ag_bg_cr_mem.hpp -> /perf_apps/xiaoming/MegaMoE/3rdparty/composable_kernel/include/ck_tile/ops/gemm/pipeline/gemm_pipeline_ag_bg_cr_mem_hip.hpp [skipped, already hipified]
  /perf_apps/xiaoming/MegaMoE/3rdparty/composable_kernel/include/ck_tile/ops/gemm/pipeline/gemm_pipeline_agmem_bgmem_creg_v1.hpp -> /perf_apps/xiaoming/MegaMoE/3rdparty/composable_kernel/include/ck_tile/ops/gemm/pipeline/gemm_pipeline_agmem_bgmem_creg_v1_hip.hpp [skipped, already hipified]
  /perf_apps/xiaoming/MegaMoE/3rdparty/composable_kernel/include/ck_tile/ops/gemm/pipeline/gemm_pipeline_agmem_bgmem_creg_async_v1.hpp -> /perf_apps/xiaoming/MegaMoE/3rdparty/composable_kernel/include/ck_tile/ops/gemm/pipeline/gemm_pipeline_agmem_bgmem_creg_async_v1_hip.hpp [skipped, already hipified]
  /perf_apps/xiaoming/MegaMoE/3rdparty/composable_kernel/include/ck_tile/ops/gemm/pipeline/gemm_pipeline_agmem_bgmem_creg_v2_default_policy.hpp -> /perf_apps/xiaoming/MegaMoE/3rdparty/composable_kernel/include/ck_tile/ops/gemm/pipeline/gemm_pipeline_agmem_bgmem_creg_v2_default_policy_hip.hpp [skipped, already hipified]
  /perf_apps/xiaoming/MegaMoE/3rdparty/composable_kernel/include/ck_tile/ops/gemm/pipeline/gemm_pipeline_agmem_bgmem_creg_v2.hpp -> /perf_apps/xiaoming/MegaMoE/3rdparty/composable_kernel/include/ck_tile/ops/gemm/pipeline/gemm_pipeline_agmem_bgmem_creg_v2_hip.hpp [skipped, already hipified]
  /perf_apps/xiaoming/MegaMoE/3rdparty/composable_kernel/include/ck_tile/ops/gemm/pipeline/gemm_pipeline_problem.hpp -> /perf_apps/xiaoming/MegaMoE/3rdparty/composable_kernel/include/ck_tile/ops/gemm/pipeline/gemm_pipeline_problem_hip.hpp [skipped, already hipified]
  /perf_apps/xiaoming/MegaMoE/3rdparty/composable_kernel/include/ck_tile/ops/gemm/pipeline/gemm_pipelines.hpp -> /perf_apps/xiaoming/MegaMoE/3rdparty/composable_kernel/include/ck_tile/ops/gemm/pipeline/gemm_pipelines.hpp [skipped, no changes]
  /perf_apps/xiaoming/MegaMoE/3rdparty/composable_kernel/include/ck_tile/ops/gemm/pipeline/tile_gemm_shape.hpp -> /perf_apps/xiaoming/MegaMoE/3rdparty/composable_kernel/include/ck_tile/ops/gemm/pipeline/tile_gemm_shape_hip.hpp [skipped, already hipified]
  /perf_apps/xiaoming/MegaMoE/3rdparty/composable_kernel/include/ck_tile/ops/gemm/pipeline/tile_gemm_traits.hpp -> /perf_apps/xiaoming/MegaMoE/3rdparty/composable_kernel/include/ck_tile/ops/gemm/pipeline/tile_gemm_traits_hip.hpp [skipped, already hipified]
  /perf_apps/xiaoming/MegaMoE/3rdparty/composable_kernel/include/ck_tile/ops/gemm/pipeline/wp_pipeline_agmem_bgmem_creg_base_policy.hpp -> /perf_apps/xiaoming/MegaMoE/3rdparty/composable_kernel/include/ck_tile/ops/gemm/pipeline/wp_pipeline_agmem_bgmem_creg_base_policy_hip.hpp [skipped, already hipified]
  /perf_apps/xiaoming/MegaMoE/3rdparty/composable_kernel/include/ck_tile/ops/gemm/pipeline/wp_pipeline_agmem_bgmem_creg_v2.hpp -> /perf_apps/xiaoming/MegaMoE/3rdparty/composable_kernel/include/ck_tile/ops/gemm/pipeline/wp_pipeline_agmem_bgmem_creg_v2_hip.hpp [skipped, already hipified]
  /perf_apps/xiaoming/MegaMoE/3rdparty/composable_kernel/include/ck_tile/ops/gemm/warp/warp_wmma_gemm_gfx11_utils.hpp -> /perf_apps/xiaoming/MegaMoE/3rdparty/composable_kernel/include/ck_tile/ops/gemm/warp/warp_wmma_gemm_gfx11_utils_hip.hpp [skipped, already hipified]
  /perf_apps/xiaoming/MegaMoE/3rdparty/composable_kernel/include/ck_tile/ops/gemm.hpp -> /perf_apps/xiaoming/MegaMoE/3rdparty/composable_kernel/include/ck_tile/ops/gemm_hip.hpp [skipped, already hipified]
  /perf_apps/xiaoming/MegaMoE/3rdparty/composable_kernel/include/ck_tile/ops/gemm_quant/block/block_gemm_quant_common.hpp -> /perf_apps/xiaoming/MegaMoE/3rdparty/composable_kernel/include/ck_tile/ops/gemm_quant/block/block_gemm_quant_common_hip.hpp [skipped, already hipified]
  /perf_apps/xiaoming/MegaMoE/3rdparty/composable_kernel/include/ck_tile/ops/gemm_quant/block/block_universal_gemm_ar_aquant_flatbr_bquant_cr.hpp -> /perf_apps/xiaoming/MegaMoE/3rdparty/composable_kernel/include/ck_tile/ops/gemm_quant/block/block_universal_gemm_ar_aquant_flatbr_bquant_cr_hip.hpp [skipped, already hipified]
  /perf_apps/xiaoming/MegaMoE/3rdparty/composable_kernel/include/ck_tile/ops/gemm_quant/block/block_universal_gemm_ar_flatbr_bquant_cr.hpp -> /perf_apps/xiaoming/MegaMoE/3rdparty/composable_kernel/include/ck_tile/ops/gemm_quant/block/block_universal_gemm_ar_flatbr_bquant_cr_hip.hpp [skipped, already hipified]
  /perf_apps/xiaoming/MegaMoE/3rdparty/composable_kernel/include/ck_tile/ops/gemm_quant/block/block_universal_gemm_as_aquant_bs_bquant_cr.hpp -> /perf_apps/xiaoming/MegaMoE/3rdparty/composable_kernel/include/ck_tile/ops/gemm_quant/block/block_universal_gemm_as_aquant_bs_bquant_cr_hip.hpp [skipped, already hipified]
  /perf_apps/xiaoming/MegaMoE/3rdparty/composable_kernel/include/ck_tile/ops/gemm_quant/block/block_universal_gemm_as_aquant_bs_bquant_cr_async.hpp -> /perf_apps/xiaoming/MegaMoE/3rdparty/composable_kernel/include/ck_tile/ops/gemm_quant/block/block_universal_gemm_as_aquant_bs_bquant_cr_async_hip.hpp [skipped, already hipified]
  /perf_apps/xiaoming/MegaMoE/3rdparty/composable_kernel/include/ck_tile/ops/gemm_quant/block/block_universal_gemm_as_aquant_bs_cr.hpp -> /perf_apps/xiaoming/MegaMoE/3rdparty/composable_kernel/include/ck_tile/ops/gemm_quant/block/block_universal_gemm_as_aquant_bs_cr_hip.hpp [skipped, already hipified]
  /perf_apps/xiaoming/MegaMoE/3rdparty/composable_kernel/include/ck_tile/ops/gemm_quant/block/block_universal_gemm_as_bs_bquant_cr.hpp -> /perf_apps/xiaoming/MegaMoE/3rdparty/composable_kernel/include/ck_tile/ops/gemm_quant/block/block_universal_gemm_as_bs_bquant_cr_hip.hpp [skipped, already hipified]
  /perf_apps/xiaoming/MegaMoE/3rdparty/composable_kernel/include/ck_tile/ops/gemm_quant/pipeline/tile_gemm_quant_traits.hpp -> /perf_apps/xiaoming/MegaMoE/3rdparty/composable_kernel/include/ck_tile/ops/gemm_quant/pipeline/tile_gemm_quant_traits_hip.hpp [skipped, already hipified]
  /perf_apps/xiaoming/MegaMoE/3rdparty/composable_kernel/include/ck_tile/ops/gemm_quant/kernel/gemm_quant_kernel.hpp -> /perf_apps/xiaoming/MegaMoE/3rdparty/composable_kernel/include/ck_tile/ops/gemm_quant/kernel/gemm_quant_kernel_hip.hpp [skipped, already hipified]
  /perf_apps/xiaoming/MegaMoE/3rdparty/composable_kernel/include/ck_tile/ops/gemm_quant/kernel/grouped_gemm_quant_kernel.hpp -> /perf_apps/xiaoming/MegaMoE/3rdparty/composable_kernel/include/ck_tile/ops/gemm_quant/kernel/grouped_gemm_quant_kernel_hip.hpp [skipped, already hipified]
  /perf_apps/xiaoming/MegaMoE/3rdparty/composable_kernel/include/ck_tile/ops/gemm_quant/pipeline/gemm_aquant_pipeline_ag_bg_cr_base.hpp -> /perf_apps/xiaoming/MegaMoE/3rdparty/composable_kernel/include/ck_tile/ops/gemm_quant/pipeline/gemm_aquant_pipeline_ag_bg_cr_base_hip.hpp [skipped, already hipified]
  /perf_apps/xiaoming/MegaMoE/3rdparty/composable_kernel/include/ck_tile/ops/gemm_quant/pipeline/gemm_bquant_pipeline_ag_bg_cr_base.hpp -> /perf_apps/xiaoming/MegaMoE/3rdparty/composable_kernel/include/ck_tile/ops/gemm_quant/pipeline/gemm_bquant_pipeline_ag_bg_cr_base_hip.hpp [skipped, already hipified]
  /perf_apps/xiaoming/MegaMoE/3rdparty/composable_kernel/include/ck_tile/ops/gemm_quant/pipeline/gemm_abquant_pipeline_ag_bg_cr_base.hpp -> /perf_apps/xiaoming/MegaMoE/3rdparty/composable_kernel/include/ck_tile/ops/gemm_quant/pipeline/gemm_abquant_pipeline_ag_bg_cr_base_hip.hpp [skipped, already hipified]
  /perf_apps/xiaoming/MegaMoE/3rdparty/composable_kernel/include/ck_tile/ops/gemm_quant/pipeline/gemm_group_quant_utils.hpp -> /perf_apps/xiaoming/MegaMoE/3rdparty/composable_kernel/include/ck_tile/ops/gemm_quant/pipeline/gemm_group_quant_utils_hip.hpp [skipped, already hipified]
  /perf_apps/xiaoming/MegaMoE/3rdparty/composable_kernel/include/ck_tile/ops/gemm_quant/pipeline/gemm_aquant_pipeline_ag_bg_cr_policy.hpp -> /perf_apps/xiaoming/MegaMoE/3rdparty/composable_kernel/include/ck_tile/ops/gemm_quant/pipeline/gemm_aquant_pipeline_ag_bg_cr_policy_hip.hpp [skipped, already hipified]
  /perf_apps/xiaoming/MegaMoE/3rdparty/composable_kernel/include/ck_tile/ops/gemm_quant/pipeline/gemm_bquant_pipeline_ag_bg_cr_policy.hpp -> /perf_apps/xiaoming/MegaMoE/3rdparty/composable_kernel/include/ck_tile/ops/gemm_quant/pipeline/gemm_bquant_pipeline_ag_bg_cr_policy_hip.hpp [skipped, already hipified]
  /perf_apps/xiaoming/MegaMoE/3rdparty/composable_kernel/include/ck_tile/ops/gemm_quant/pipeline/gemm_abquant_pipeline_ag_bg_cr_async_policy.hpp -> /perf_apps/xiaoming/MegaMoE/3rdparty/composable_kernel/include/ck_tile/ops/gemm_quant/pipeline/gemm_abquant_pipeline_ag_bg_cr_async_policy_hip.hpp [skipped, already hipified]
  /perf_apps/xiaoming/MegaMoE/3rdparty/composable_kernel/include/ck_tile/ops/gemm_quant/pipeline/gemm_abquant_pipeline_ag_bg_cr_async.hpp -> /perf_apps/xiaoming/MegaMoE/3rdparty/composable_kernel/include/ck_tile/ops/gemm_quant/pipeline/gemm_abquant_pipeline_ag_bg_cr_async_hip.hpp [skipped, already hipified]
  /perf_apps/xiaoming/MegaMoE/3rdparty/composable_kernel/include/ck_tile/ops/gemm_quant/pipeline/gemm_abquant_pipeline_ag_bg_cr_policy.hpp -> /perf_apps/xiaoming/MegaMoE/3rdparty/composable_kernel/include/ck_tile/ops/gemm_quant/pipeline/gemm_abquant_pipeline_ag_bg_cr_policy_hip.hpp [skipped, already hipified]
  /perf_apps/xiaoming/MegaMoE/3rdparty/composable_kernel/include/ck_tile/ops/gemm_quant/pipeline/gemm_abquant_pipeline_ag_bg_cr_v3.hpp -> /perf_apps/xiaoming/MegaMoE/3rdparty/composable_kernel/include/ck_tile/ops/gemm_quant/pipeline/gemm_abquant_pipeline_ag_bg_cr_v3_hip.hpp [skipped, already hipified]
  /perf_apps/xiaoming/MegaMoE/3rdparty/composable_kernel/include/ck_tile/ops/gemm_quant/pipeline/gemm_aquant_pipeline_ag_bg_cr_mem.hpp -> /perf_apps/xiaoming/MegaMoE/3rdparty/composable_kernel/include/ck_tile/ops/gemm_quant/pipeline/gemm_aquant_pipeline_ag_bg_cr_mem_hip.hpp [skipped, already hipified]
  /perf_apps/xiaoming/MegaMoE/3rdparty/composable_kernel/include/ck_tile/ops/gemm_quant/pipeline/gemm_aquant_pipeline_ag_bg_cr_v3.hpp -> /perf_apps/xiaoming/MegaMoE/3rdparty/composable_kernel/include/ck_tile/ops/gemm_quant/pipeline/gemm_aquant_pipeline_ag_bg_cr_v3_hip.hpp [skipped, already hipified]
  /perf_apps/xiaoming/MegaMoE/3rdparty/composable_kernel/include/ck_tile/ops/gemm_quant/pipeline/gemm_bquant_pipeline_ag_bg_cr_v3.hpp -> /perf_apps/xiaoming/MegaMoE/3rdparty/composable_kernel/include/ck_tile/ops/gemm_quant/pipeline/gemm_bquant_pipeline_ag_bg_cr_v3_hip.hpp [skipped, already hipified]
  /perf_apps/xiaoming/MegaMoE/3rdparty/composable_kernel/include/ck_tile/ops/gemm_quant/pipeline/gemm_microscale_pipeline_ag_bg_cr_base.hpp -> /perf_apps/xiaoming/MegaMoE/3rdparty/composable_kernel/include/ck_tile/ops/gemm_quant/pipeline/gemm_microscale_pipeline_ag_bg_cr_base_hip.hpp [skipped, already hipified]
  /perf_apps/xiaoming/MegaMoE/3rdparty/composable_kernel/include/ck_tile/ops/gemm_quant/pipeline/gemm_microscale_pipeline_ag_bg_cr_policy.hpp -> /perf_apps/xiaoming/MegaMoE/3rdparty/composable_kernel/include/ck_tile/ops/gemm_quant/pipeline/gemm_microscale_pipeline_ag_bg_cr_policy_hip.hpp [skipped, already hipified]
  /perf_apps/xiaoming/MegaMoE/3rdparty/composable_kernel/include/ck_tile/ops/gemm_quant/pipeline/gemm_microscale_pipeline_ag_bg_cr_v3.hpp -> /perf_apps/xiaoming/MegaMoE/3rdparty/composable_kernel/include/ck_tile/ops/gemm_quant/pipeline/gemm_microscale_pipeline_ag_bg_cr_v3_hip.hpp [skipped, already hipified]
  /perf_apps/xiaoming/MegaMoE/3rdparty/composable_kernel/include/ck_tile/ops/gemm_quant/pipeline/gemm_quant_pipeline_problem.hpp -> /perf_apps/xiaoming/MegaMoE/3rdparty/composable_kernel/include/ck_tile/ops/gemm_quant/pipeline/gemm_quant_pipeline_problem_hip.hpp [skipped, already hipified]
  /perf_apps/xiaoming/MegaMoE/3rdparty/composable_kernel/include/ck_tile/ops/gemm_quant/pipeline/gemm_wp_abquant_pipeline_ag_bg_cr_base_policy.hpp -> /perf_apps/xiaoming/MegaMoE/3rdparty/composable_kernel/include/ck_tile/ops/gemm_quant/pipeline/gemm_wp_abquant_pipeline_ag_bg_cr_base_policy_hip.hpp [skipped, already hipified]
  /perf_apps/xiaoming/MegaMoE/3rdparty/composable_kernel/include/ck_tile/ops/gemm_quant/pipeline/gemm_wp_abquant_pipeline_ag_bg_cr_v2.hpp -> /perf_apps/xiaoming/MegaMoE/3rdparty/composable_kernel/include/ck_tile/ops/gemm_quant/pipeline/gemm_wp_abquant_pipeline_ag_bg_cr_v2_hip.hpp [skipped, already hipified]
  /perf_apps/xiaoming/MegaMoE/3rdparty/composable_kernel/include/ck_tile/ops/gemm_quant/pipeline/gemm_wp_bquant_pipeline_ag_bg_cr_base_policy.hpp -> /perf_apps/xiaoming/MegaMoE/3rdparty/composable_kernel/include/ck_tile/ops/gemm_quant/pipeline/gemm_wp_bquant_pipeline_ag_bg_cr_base_policy_hip.hpp [skipped, already hipified]
  /perf_apps/xiaoming/MegaMoE/3rdparty/composable_kernel/include/ck_tile/ops/gemm_quant/pipeline/gemm_wp_bquant_pipeline_ag_bg_cr_v2.hpp -> /perf_apps/xiaoming/MegaMoE/3rdparty/composable_kernel/include/ck_tile/ops/gemm_quant/pipeline/gemm_wp_bquant_pipeline_ag_bg_cr_v2_hip.hpp [skipped, already hipified]
  /perf_apps/xiaoming/MegaMoE/3rdparty/composable_kernel/include/ck_tile/ops/gemm_quant.hpp -> /perf_apps/xiaoming/MegaMoE/3rdparty/composable_kernel/include/ck_tile/ops/gemm_quant_hip.hpp [skipped, already hipified]
  /perf_apps/xiaoming/MegaMoE/csrc/kernels/gemm/ck/ck_gemm_kernel_config.h -> /perf_apps/xiaoming/MegaMoE/csrc/kernels/gemm/ck/ck_gemm_kernel_config_hip.h [skipped, already hipified]
  /perf_apps/xiaoming/MegaMoE/csrc/kernels/gemm/ck/ck_gemm_kernel_template.h -> /perf_apps/xiaoming/MegaMoE/csrc/kernels/gemm/ck/ck_gemm_kernel_template_hip.h [skipped, already hipified]
  /perf_apps/xiaoming/MegaMoE/csrc/kernels/gemm/ck/ck_gemm_kernel_instance_factory.h -> /perf_apps/xiaoming/MegaMoE/csrc/kernels/gemm/ck/ck_gemm_kernel_instance_factory_hip.h [skipped, already hipified]
  /perf_apps/xiaoming/MegaMoE/csrc/include/primus_turbo/gemm.h -> /perf_apps/xiaoming/MegaMoE/csrc/include/primus_turbo/gemm_hip.h [skipped, already hipified]
  /perf_apps/xiaoming/MegaMoE/csrc/kernels/gemm/ck_gemm.cu -> /perf_apps/xiaoming/MegaMoE/csrc/kernels/gemm/ck_gemm.hip [skipped, already hipified]
  /perf_apps/xiaoming/MegaMoE/csrc/kernels/gemm/hipblaslt_gemm.cu -> /perf_apps/xiaoming/MegaMoE/csrc/kernels/gemm/hipblaslt_gemm.hip [skipped, already hipified]
  /perf_apps/xiaoming/MegaMoE/csrc/include/primus_turbo/device/memory.cuh -> /perf_apps/xiaoming/MegaMoE/csrc/include/primus_turbo/device/memory.cuh [skipped, no changes]
  /perf_apps/xiaoming/MegaMoE/csrc/include/primus_turbo/device/mfma.cuh -> /perf_apps/xiaoming/MegaMoE/csrc/include/primus_turbo/device/mfma.cuh [skipped, no changes]
  /perf_apps/xiaoming/MegaMoE/csrc/include/primus_turbo/device/register.cuh -> /perf_apps/xiaoming/MegaMoE/csrc/include/primus_turbo/device/register.cuh [skipped, no changes]
  /perf_apps/xiaoming/MegaMoE/csrc/kernels/gemm/turbo/turbo_gemm_mxfp8_kernel.h -> /perf_apps/xiaoming/MegaMoE/csrc/kernels/gemm/turbo/turbo_gemm_mxfp8_kernel_hip.h [skipped, already hipified]
  /perf_apps/xiaoming/MegaMoE/csrc/kernels/gemm/turbo_gemm.cu -> /perf_apps/xiaoming/MegaMoE/csrc/kernels/gemm/turbo_gemm.hip [skipped, already hipified]
  /perf_apps/xiaoming/MegaMoE/csrc/kernels/gemm/ck/ck_gemm_kernel_instance_factory.cu -> /perf_apps/xiaoming/MegaMoE/csrc/kernels/gemm/ck/ck_gemm_kernel_instance_factory.hip [skipped, already hipified]
  /perf_apps/xiaoming/MegaMoE/csrc/kernels/gemm/ck/instantiations/ck_gemm_kernel_fp8_e4m3_bf16_gfx950.cu -> /perf_apps/xiaoming/MegaMoE/csrc/kernels/gemm/ck/instantiations/ck_gemm_kernel_fp8_e4m3_bf16_gfx950.hip [skipped, already hipified]
  /perf_apps/xiaoming/MegaMoE/csrc/kernels/gemm/ck/instantiations/ck_gemm_kernel_fp8_e4m3_fp16_gfx950.cu -> /perf_apps/xiaoming/MegaMoE/csrc/kernels/gemm/ck/instantiations/ck_gemm_kernel_fp8_e4m3_fp16_gfx950.hip [skipped, already hipified]
  /perf_apps/xiaoming/MegaMoE/csrc/kernels/gemm/ck/instantiations/ck_gemm_kernel_fp8_e4m3xe5m2_bf16_gfx950.cu -> /perf_apps/xiaoming/MegaMoE/csrc/kernels/gemm/ck/instantiations/ck_gemm_kernel_fp8_e4m3xe5m2_bf16_gfx950.hip [skipped, already hipified]
  /perf_apps/xiaoming/MegaMoE/csrc/kernels/gemm/ck/instantiations/ck_gemm_kernel_fp8_e4m3xe5m2_fp16_gfx950.cu -> /perf_apps/xiaoming/MegaMoE/csrc/kernels/gemm/ck/instantiations/ck_gemm_kernel_fp8_e4m3xe5m2_fp16_gfx950.hip [skipped, already hipified]
  /perf_apps/xiaoming/MegaMoE/csrc/kernels/gemm/ck/instantiations/ck_gemm_kernel_fp8_e5m2_bf16_gfx950.cu -> /perf_apps/xiaoming/MegaMoE/csrc/kernels/gemm/ck/instantiations/ck_gemm_kernel_fp8_e5m2_bf16_gfx950.hip [skipped, already hipified]
  /perf_apps/xiaoming/MegaMoE/csrc/kernels/gemm/ck/instantiations/ck_gemm_kernel_fp8_e5m2_fp16_gfx950.cu -> /perf_apps/xiaoming/MegaMoE/csrc/kernels/gemm/ck/instantiations/ck_gemm_kernel_fp8_e5m2_fp16_gfx950.hip [skipped, already hipified]
  /perf_apps/xiaoming/MegaMoE/csrc/kernels/gemm/ck/instantiations/ck_gemm_kernel_fp8_e5m2xe4m3_bf16_gfx950.cu -> /perf_apps/xiaoming/MegaMoE/csrc/kernels/gemm/ck/instantiations/ck_gemm_kernel_fp8_e5m2xe4m3_bf16_gfx950.hip [skipped, already hipified]
  /perf_apps/xiaoming/MegaMoE/csrc/kernels/gemm/ck/instantiations/ck_gemm_kernel_fp8_e5m2xe4m3_fp16_gfx950.cu -> /perf_apps/xiaoming/MegaMoE/csrc/kernels/gemm/ck/instantiations/ck_gemm_kernel_fp8_e5m2xe4m3_fp16_gfx950.hip [skipped, already hipified]
  /perf_apps/xiaoming/MegaMoE/csrc/kernels/grouped_gemm/ck/ck_grouped_gemm_kernel_config.h -> /perf_apps/xiaoming/MegaMoE/csrc/kernels/grouped_gemm/ck/ck_grouped_gemm_kernel_config_hip.h [skipped, already hipified]
  /perf_apps/xiaoming/MegaMoE/csrc/kernels/grouped_gemm/ck/grouped_gemm_kernel_ws.hpp -> /perf_apps/xiaoming/MegaMoE/csrc/kernels/grouped_gemm/ck/grouped_gemm_kernel_ws_hip.hpp [skipped, already hipified]
  /perf_apps/xiaoming/MegaMoE/csrc/kernels/grouped_gemm/ck/ck_grouped_gemm_kernel_template.h -> /perf_apps/xiaoming/MegaMoE/csrc/kernels/grouped_gemm/ck/ck_grouped_gemm_kernel_template_hip.h [skipped, already hipified]
  /perf_apps/xiaoming/MegaMoE/csrc/kernels/grouped_gemm/ck/ck_grouped_gemm_kernel_instance_factory.h -> /perf_apps/xiaoming/MegaMoE/csrc/kernels/grouped_gemm/ck/ck_grouped_gemm_kernel_instance_factory_hip.h [skipped, already hipified]
  /perf_apps/xiaoming/MegaMoE/csrc/include/primus_turbo/grouped_gemm.h -> /perf_apps/xiaoming/MegaMoE/csrc/include/primus_turbo/grouped_gemm_hip.h [skipped, already hipified]
  /perf_apps/xiaoming/MegaMoE/csrc/kernels/grouped_gemm/ck_grouped_gemm.cu -> /perf_apps/xiaoming/MegaMoE/csrc/kernels/grouped_gemm/ck_grouped_gemm.hip [skipped, already hipified]
  /perf_apps/xiaoming/MegaMoE/csrc/kernels/grouped_gemm/hipblaslt_grouped_gemm.cu -> /perf_apps/xiaoming/MegaMoE/csrc/kernels/grouped_gemm/hipblaslt_grouped_gemm.hip [skipped, already hipified]
  /perf_apps/xiaoming/MegaMoE/csrc/kernels/grouped_gemm/ck/ck_grouped_gemm_kernel_instance_factory.cu -> /perf_apps/xiaoming/MegaMoE/csrc/kernels/grouped_gemm/ck/ck_grouped_gemm_kernel_instance_factory.hip [skipped, already hipified]
  /perf_apps/xiaoming/MegaMoE/csrc/kernels/grouped_gemm/ck/instantiations/ck_grouped_gemm_kernel_bf16.cu -> /perf_apps/xiaoming/MegaMoE/csrc/kernels/grouped_gemm/ck/instantiations/ck_grouped_gemm_kernel_bf16.hip [skipped, already hipified]
  /perf_apps/xiaoming/MegaMoE/csrc/kernels/grouped_gemm/ck/instantiations/ck_grouped_gemm_kernel_fp16.cu -> /perf_apps/xiaoming/MegaMoE/csrc/kernels/grouped_gemm/ck/instantiations/ck_grouped_gemm_kernel_fp16.hip [skipped, already hipified]
  /perf_apps/xiaoming/MegaMoE/csrc/kernels/grouped_gemm/ck/instantiations/ck_grouped_gemm_kernel_fp8_e4m3_bf16_gfx950.cu -> /perf_apps/xiaoming/MegaMoE/csrc/kernels/grouped_gemm/ck/instantiations/ck_grouped_gemm_kernel_fp8_e4m3_bf16_gfx950.hip [skipped, already hipified]
  /perf_apps/xiaoming/MegaMoE/csrc/kernels/grouped_gemm/ck/instantiations/ck_grouped_gemm_kernel_fp8_e4m3_fp16_gfx950.cu -> /perf_apps/xiaoming/MegaMoE/csrc/kernels/grouped_gemm/ck/instantiations/ck_grouped_gemm_kernel_fp8_e4m3_fp16_gfx950.hip [skipped, already hipified]
  /perf_apps/xiaoming/MegaMoE/csrc/kernels/grouped_gemm/ck/instantiations/ck_grouped_gemm_kernel_fp8_e4m3xe5m2_bf16_gfx950.cu -> /perf_apps/xiaoming/MegaMoE/csrc/kernels/grouped_gemm/ck/instantiations/ck_grouped_gemm_kernel_fp8_e4m3xe5m2_bf16_gfx950.hip [skipped, already hipified]
  /perf_apps/xiaoming/MegaMoE/csrc/kernels/grouped_gemm/ck/instantiations/ck_grouped_gemm_kernel_fp8_e4m3xe5m2_fp16_gfx950.cu -> /perf_apps/xiaoming/MegaMoE/csrc/kernels/grouped_gemm/ck/instantiations/ck_grouped_gemm_kernel_fp8_e4m3xe5m2_fp16_gfx950.hip [skipped, already hipified]
  /perf_apps/xiaoming/MegaMoE/csrc/kernels/grouped_gemm/ck/instantiations/ck_grouped_gemm_kernel_fp8_e5m2_bf16_gfx950.cu -> /perf_apps/xiaoming/MegaMoE/csrc/kernels/grouped_gemm/ck/instantiations/ck_grouped_gemm_kernel_fp8_e5m2_bf16_gfx950.hip [skipped, already hipified]
  /perf_apps/xiaoming/MegaMoE/csrc/kernels/grouped_gemm/ck/instantiations/ck_grouped_gemm_kernel_fp8_e5m2_fp16_gfx950.cu -> /perf_apps/xiaoming/MegaMoE/csrc/kernels/grouped_gemm/ck/instantiations/ck_grouped_gemm_kernel_fp8_e5m2_fp16_gfx950.hip [skipped, already hipified]
  /perf_apps/xiaoming/MegaMoE/csrc/kernels/grouped_gemm/ck/instantiations/ck_grouped_gemm_kernel_fp8_e5m2xe4m3_bf16_gfx950.cu -> /perf_apps/xiaoming/MegaMoE/csrc/kernels/grouped_gemm/ck/instantiations/ck_grouped_gemm_kernel_fp8_e5m2xe4m3_bf16_gfx950.hip [skipped, already hipified]
  /perf_apps/xiaoming/MegaMoE/csrc/kernels/grouped_gemm/ck/instantiations/ck_grouped_gemm_kernel_fp8_e5m2xe4m3_fp16_gfx950.cu -> /perf_apps/xiaoming/MegaMoE/csrc/kernels/grouped_gemm/ck/instantiations/ck_grouped_gemm_kernel_fp8_e5m2xe4m3_fp16_gfx950.hip [skipped, already hipified]
  /perf_apps/xiaoming/MegaMoE/csrc/kernels/moe_permute/moe_permute.cuh -> /perf_apps/xiaoming/MegaMoE/csrc/kernels/moe_permute/moe_permute_hip.cuh [skipped, already hipified]
  /perf_apps/xiaoming/MegaMoE/csrc/include/primus_turbo/moe_permute.h -> /perf_apps/xiaoming/MegaMoE/csrc/include/primus_turbo/moe_permute.h [skipped, no changes]
  /perf_apps/xiaoming/MegaMoE/csrc/kernels/moe_permute/moe_permute.cu -> /perf_apps/xiaoming/MegaMoE/csrc/kernels/moe_permute/moe_permute.hip [skipped, already hipified]
  /perf_apps/xiaoming/MegaMoE/csrc/include/primus_turbo/device/utils.cuh -> /perf_apps/xiaoming/MegaMoE/csrc/include/primus_turbo/device/utils.cuh [skipped, no changes]
  /perf_apps/xiaoming/MegaMoE/csrc/include/primus_turbo/device/reduce.cuh -> /perf_apps/xiaoming/MegaMoE/csrc/include/primus_turbo/device/reduce_hip.cuh [skipped, already hipified]
  /perf_apps/xiaoming/MegaMoE/csrc/include/primus_turbo/normalization.h -> /perf_apps/xiaoming/MegaMoE/csrc/include/primus_turbo/normalization.h [skipped, no changes]
  /perf_apps/xiaoming/MegaMoE/csrc/kernels/normalization/normalization_bwd.cu -> /perf_apps/xiaoming/MegaMoE/csrc/kernels/normalization/normalization_bwd.hip [skipped, already hipified]
  /perf_apps/xiaoming/MegaMoE/csrc/kernels/normalization/normalization_fwd.cu -> /perf_apps/xiaoming/MegaMoE/csrc/kernels/normalization/normalization_fwd.hip [skipped, already hipified]
  /perf_apps/xiaoming/MegaMoE/csrc/include/primus_turbo/odc_rocshmem/api.h -> /perf_apps/xiaoming/MegaMoE/csrc/include/primus_turbo/odc_rocshmem/api.h [skipped, no changes]
  /perf_apps/xiaoming/MegaMoE/csrc/kernels/odc_rocshmem/odc_rocshmem_gda.cu -> /perf_apps/xiaoming/MegaMoE/csrc/kernels/odc_rocshmem/odc_rocshmem_gda.hip [skipped, already hipified]
  /perf_apps/xiaoming/MegaMoE/csrc/kernels/odc_rocshmem/odc_rocshmem_host.cu -> /perf_apps/xiaoming/MegaMoE/csrc/kernels/odc_rocshmem/odc_rocshmem_host.cu [skipped, no changes]
  /perf_apps/xiaoming/MegaMoE/csrc/include/primus_turbo/quantization.h -> /perf_apps/xiaoming/MegaMoE/csrc/include/primus_turbo/quantization.h [skipped, no changes]
  /perf_apps/xiaoming/MegaMoE/csrc/kernels/quantization/dequantization_mxfp4.cu -> /perf_apps/xiaoming/MegaMoE/csrc/kernels/quantization/dequantization_mxfp4.hip [skipped, already hipified]
  /perf_apps/xiaoming/MegaMoE/csrc/kernels/quantization/dequantization_mxfp8.cu -> /perf_apps/xiaoming/MegaMoE/csrc/kernels/quantization/dequantization_mxfp8.hip [skipped, already hipified]
  /perf_apps/xiaoming/MegaMoE/csrc/kernels/quantization/quantization_blockwise.cu -> /perf_apps/xiaoming/MegaMoE/csrc/kernels/quantization/quantization_blockwise.hip [skipped, already hipified]
  /perf_apps/xiaoming/MegaMoE/csrc/include/primus_turbo/shuffle.h -> /perf_apps/xiaoming/MegaMoE/csrc/include/primus_turbo/shuffle.h [skipped, no changes]
  /perf_apps/xiaoming/MegaMoE/csrc/include/primus_turbo/device/shuffle.cuh -> /perf_apps/xiaoming/MegaMoE/csrc/include/primus_turbo/device/shuffle.cuh [skipped, no changes]
  /perf_apps/xiaoming/MegaMoE/csrc/include/primus_turbo/memory_pack.h -> /perf_apps/xiaoming/MegaMoE/csrc/include/primus_turbo/memory_pack.h [skipped, no changes]
  /perf_apps/xiaoming/MegaMoE/csrc/kernels/quantization/quantization_mxfp4.cu -> /perf_apps/xiaoming/MegaMoE/csrc/kernels/quantization/quantization_mxfp4.hip [skipped, already hipified]
  /perf_apps/xiaoming/MegaMoE/csrc/kernels/quantization/quantization_mxfp8.cu -> /perf_apps/xiaoming/MegaMoE/csrc/kernels/quantization/quantization_mxfp8.hip [skipped, already hipified]
  /perf_apps/xiaoming/MegaMoE/csrc/include/primus_turbo/device/quant_utils.cuh -> /perf_apps/xiaoming/MegaMoE/csrc/include/primus_turbo/device/quant_utils_hip.cuh [skipped, already hipified]
  /perf_apps/xiaoming/MegaMoE/csrc/kernels/quantization/quantization_rowwise.cu -> /perf_apps/xiaoming/MegaMoE/csrc/kernels/quantization/quantization_rowwise.hip [skipped, already hipified]
  /perf_apps/xiaoming/MegaMoE/csrc/include/primus_turbo/elementwise/unary_kernel_template.cuh -> /perf_apps/xiaoming/MegaMoE/csrc/include/primus_turbo/elementwise/unary_kernel_template.cuh [skipped, no changes]
  /perf_apps/xiaoming/MegaMoE/csrc/kernels/quantization/quantization_tensorwise.cu -> /perf_apps/xiaoming/MegaMoE/csrc/kernels/quantization/quantization_tensorwise.hip [skipped, already hipified]
  /perf_apps/xiaoming/MegaMoE/csrc/include/primus_turbo/reduce.h -> /perf_apps/xiaoming/MegaMoE/csrc/include/primus_turbo/reduce.h [skipped, no changes]
  /perf_apps/xiaoming/MegaMoE/csrc/kernels/reduce/reduce_col.cuh -> /perf_apps/xiaoming/MegaMoE/csrc/kernels/reduce/reduce_col_hip.cuh [skipped, already hipified]
  /perf_apps/xiaoming/MegaMoE/csrc/kernels/reduce/reduce_row.cuh -> /perf_apps/xiaoming/MegaMoE/csrc/kernels/reduce/reduce_row_hip.cuh [skipped, already hipified]
  /perf_apps/xiaoming/MegaMoE/csrc/kernels/reduce/reduce.cu -> /perf_apps/xiaoming/MegaMoE/csrc/kernels/reduce/reduce.hip [skipped, already hipified]
  /perf_apps/xiaoming/MegaMoE/csrc/kernels/shuffle/shuffle.cu -> /perf_apps/xiaoming/MegaMoE/csrc/kernels/shuffle/shuffle.hip [skipped, already hipified]
  /perf_apps/xiaoming/MegaMoE/csrc/include/primus_turbo/transpose.h -> /perf_apps/xiaoming/MegaMoE/csrc/include/primus_turbo/transpose.h [skipped, no changes]
  /perf_apps/xiaoming/MegaMoE/csrc/kernels/transpose/transpose_2d.cu -> /perf_apps/xiaoming/MegaMoE/csrc/kernels/transpose/transpose_2d.hip [skipped, already hipified]
  [92mSuccessfully preprocessed all matching files.[0m
  Total number of unsupported CUDA function calls: 0


  Total number of replaced kernel launches: 98
  /perf_apps/xiaoming/MegaMoE/csrc/include/primus_turbo/macros.h -> /perf_apps/xiaoming/MegaMoE/csrc/include/primus_turbo/macros.h [skipped, no changes]
  /perf_apps/xiaoming/MegaMoE/csrc/include/primus_turbo/arch.h -> /perf_apps/xiaoming/MegaMoE/csrc/include/primus_turbo/arch.h [skipped, no changes]
  /perf_apps/xiaoming/MegaMoE/csrc/include/primus_turbo/platform.h -> /perf_apps/xiaoming/MegaMoE/csrc/include/primus_turbo/platform.h [skipped, no changes]
  /perf_apps/xiaoming/MegaMoE/csrc/include/primus_turbo/floating_point_utils.h -> /perf_apps/xiaoming/MegaMoE/csrc/include/primus_turbo/floating_point_utils.h [skipped, no changes]
  /perf_apps/xiaoming/MegaMoE/csrc/include/primus_turbo/float4.h -> /perf_apps/xiaoming/MegaMoE/csrc/include/primus_turbo/float4.h [skipped, no changes]
  /perf_apps/xiaoming/MegaMoE/csrc/include/primus_turbo/float8.h -> /perf_apps/xiaoming/MegaMoE/csrc/include/primus_turbo/float8.h [skipped, no changes]
  /perf_apps/xiaoming/MegaMoE/csrc/include/primus_turbo/dtype.h -> /perf_apps/xiaoming/MegaMoE/csrc/include/primus_turbo/dtype.h [skipped, no changes]
  /perf_apps/xiaoming/MegaMoE/csrc/include/primus_turbo/common.h -> /perf_apps/xiaoming/MegaMoE/csrc/include/primus_turbo/common.h [skipped, no changes]
  /perf_apps/xiaoming/MegaMoE/csrc/include/primus_turbo/deep_ep/api.h -> /perf_apps/xiaoming/MegaMoE/csrc/include/primus_turbo/deep_ep/api.h [skipped, no changes]
  /perf_apps/xiaoming/MegaMoE/csrc/include/primus_turbo/deep_ep/configs.h -> /perf_apps/xiaoming/MegaMoE/csrc/include/primus_turbo/deep_ep/configs.h [skipped, no changes]
  /perf_apps/xiaoming/MegaMoE/csrc/include/primus_turbo/deep_ep/config.hpp -> /perf_apps/xiaoming/MegaMoE/csrc/include/primus_turbo/deep_ep/config.hpp [skipped, no changes]
  /perf_apps/xiaoming/MegaMoE/csrc/pytorch/deep_ep/event.hpp -> /perf_apps/xiaoming/MegaMoE/csrc/pytorch/deep_ep/event_hip.hpp [skipped, already hipified]
  /perf_apps/xiaoming/MegaMoE/csrc/pytorch/deep_ep/deep_ep.hpp -> /perf_apps/xiaoming/MegaMoE/csrc/pytorch/deep_ep/deep_ep_hip.hpp [skipped, already hipified]
  /perf_apps/xiaoming/MegaMoE/csrc/pytorch/extensions.h -> /perf_apps/xiaoming/MegaMoE/csrc/pytorch/extensions_hip.h [skipped, already hipified]
  /perf_apps/xiaoming/MegaMoE/csrc/pytorch/bindings_pytorch.cpp -> /perf_apps/xiaoming/MegaMoE/csrc/pytorch/bindings_pytorch_hip.cpp [skipped, already hipified]
  /perf_apps/xiaoming/MegaMoE/csrc/pytorch/deep_ep/deep_ep.cpp -> /perf_apps/xiaoming/MegaMoE/csrc/pytorch/deep_ep/deep_ep_hip.cpp [skipped, already hipified]
  /perf_apps/xiaoming/MegaMoE/csrc/include/primus_turbo/odc_rocshmem/api.h -> /perf_apps/xiaoming/MegaMoE/csrc/include/primus_turbo/odc_rocshmem/api.h [skipped, no changes]
  /perf_apps/xiaoming/MegaMoE/csrc/pytorch/dist/odc_rocshmem_gda.cpp -> /perf_apps/xiaoming/MegaMoE/csrc/pytorch/dist/odc_rocshmem_gda_hip.cpp [skipped, already hipified]
  /perf_apps/xiaoming/MegaMoE/csrc/pytorch/dist/odc_rocshmem_host.cpp -> /perf_apps/xiaoming/MegaMoE/csrc/pytorch/dist/odc_rocshmem_host_hip.cpp [skipped, already hipified]
  /perf_apps/xiaoming/MegaMoE/3rdparty/composable_kernel/include/ck_tile/core/config.hpp -> /perf_apps/xiaoming/MegaMoE/3rdparty/composable_kernel/include/ck_tile/core/config.hpp [skipped, no changes]
  /perf_apps/xiaoming/MegaMoE/3rdparty/composable_kernel/include/ck_tile/core/numeric/integer.hpp -> /perf_apps/xiaoming/MegaMoE/3rdparty/composable_kernel/include/ck_tile/core/numeric/integer.hpp [skipped, no changes]
  /perf_apps/xiaoming/MegaMoE/3rdparty/composable_kernel/include/ck_tile/core/numeric/integral_constant.hpp -> /perf_apps/xiaoming/MegaMoE/3rdparty/composable_kernel/include/ck_tile/core/numeric/integral_constant.hpp [skipped, no changes]
  /perf_apps/xiaoming/MegaMoE/3rdparty/composable_kernel/include/ck_tile/core/numeric/numeric.hpp -> /perf_apps/xiaoming/MegaMoE/3rdparty/composable_kernel/include/ck_tile/core/numeric/numeric.hpp [skipped, no changes]
  /perf_apps/xiaoming/MegaMoE/3rdparty/composable_kernel/include/ck_tile/core/utility/type_traits.hpp -> /perf_apps/xiaoming/MegaMoE/3rdparty/composable_kernel/include/ck_tile/core/utility/type_traits.hpp [skipped, no changes]
  /perf_apps/xiaoming/MegaMoE/3rdparty/composable_kernel/include/ck_tile/core/container/static_array.hpp -> /perf_apps/xiaoming/MegaMoE/3rdparty/composable_kernel/include/ck_tile/core/container/static_array.hpp [skipped, no changes]
  /perf_apps/xiaoming/MegaMoE/3rdparty/composable_kernel/include/ck_tile/core/utility/bit_cast.hpp -> /perf_apps/xiaoming/MegaMoE/3rdparty/composable_kernel/include/ck_tile/core/utility/bit_cast.hpp [skipped, no changes]
  /perf_apps/xiaoming/MegaMoE/3rdparty/composable_kernel/include/ck_tile/core/numeric/half.hpp -> /perf_apps/xiaoming/MegaMoE/3rdparty/composable_kernel/include/ck_tile/core/numeric/half.hpp [skipped, no changes]
  /perf_apps/xiaoming/MegaMoE/3rdparty/composable_kernel/include/ck_tile/core/numeric/bfloat16.hpp -> /perf_apps/xiaoming/MegaMoE/3rdparty/composable_kernel/include/ck_tile/core/numeric/bfloat16.hpp [skipped, no changes]
  /perf_apps/xiaoming/MegaMoE/3rdparty/composable_kernel/include/ck_tile/core/utility/random.hpp -> /perf_apps/xiaoming/MegaMoE/3rdparty/composable_kernel/include/ck_tile/core/utility/random.hpp [skipped, no changes]
  /perf_apps/xiaoming/MegaMoE/3rdparty/composable_kernel/include/ck_tile/core/numeric/float8.hpp -> /perf_apps/xiaoming/MegaMoE/3rdparty/composable_kernel/include/ck_tile/core/numeric/float8_hip.hpp [skipped, already hipified]
  /perf_apps/xiaoming/MegaMoE/3rdparty/composable_kernel/include/ck_tile/core/numeric/int8.hpp -> /perf_apps/xiaoming/MegaMoE/3rdparty/composable_kernel/include/ck_tile/core/numeric/int8_hip.hpp [skipped, already hipified]
  /perf_apps/xiaoming/MegaMoE/3rdparty/composable_kernel/include/ck_tile/core/numeric/mxfp_convert.hpp -> /perf_apps/xiaoming/MegaMoE/3rdparty/composable_kernel/include/ck_tile/core/numeric/mxfp_convert.hpp [skipped, no changes]
  /perf_apps/xiaoming/MegaMoE/3rdparty/composable_kernel/include/ck_tile/core/numeric/pk_fp4.hpp -> /perf_apps/xiaoming/MegaMoE/3rdparty/composable_kernel/include/ck_tile/core/numeric/pk_fp4_hip.hpp [skipped, already hipified]
  /perf_apps/xiaoming/MegaMoE/3rdparty/composable_kernel/include/ck_tile/core/numeric/pk_fp6.hpp -> /perf_apps/xiaoming/MegaMoE/3rdparty/composable_kernel/include/ck_tile/core/numeric/pk_fp6.hpp [skipped, no changes]
  /perf_apps/xiaoming/MegaMoE/3rdparty/composable_kernel/include/ck_tile/core/numeric/type_convert.hpp -> /perf_apps/xiaoming/MegaMoE/3rdparty/composable_kernel/include/ck_tile/core/numeric/type_convert_hip.hpp [skipped, already hipified]
  /perf_apps/xiaoming/MegaMoE/3rdparty/composable_kernel/include/ck_tile/core/numeric/math.hpp -> /perf_apps/xiaoming/MegaMoE/3rdparty/composable_kernel/include/ck_tile/core/numeric/math_hip.hpp [skipped, already hipified]
  /perf_apps/xiaoming/MegaMoE/3rdparty/composable_kernel/include/ck_tile/core/utility/to_sequence.hpp -> /perf_apps/xiaoming/MegaMoE/3rdparty/composable_kernel/include/ck_tile/core/utility/to_sequence_hip.hpp [skipped, already hipified]
  /perf_apps/xiaoming/MegaMoE/3rdparty/composable_kernel/include/ck_tile/core/utility/print.hpp -> /perf_apps/xiaoming/MegaMoE/3rdparty/composable_kernel/include/ck_tile/core/utility/print.hpp [skipped, no changes]
  /perf_apps/xiaoming/MegaMoE/3rdparty/composable_kernel/include/ck_tile/core/container/sequence.hpp -> /perf_apps/xiaoming/MegaMoE/3rdparty/composable_kernel/include/ck_tile/core/container/sequence_hip.hpp [skipped, already hipified]
  /perf_apps/xiaoming/MegaMoE/3rdparty/composable_kernel/include/ck_tile/core/utility/functional.hpp -> /perf_apps/xiaoming/MegaMoE/3rdparty/composable_kernel/include/ck_tile/core/utility/functional_hip.hpp [skipped, already hipified]
  /perf_apps/xiaoming/MegaMoE/3rdparty/composable_kernel/include/ck_tile/core/container/array.hpp -> /perf_apps/xiaoming/MegaMoE/3rdparty/composable_kernel/include/ck_tile/core/container/array_hip.hpp [skipped, already hipified]
  /perf_apps/xiaoming/MegaMoE/3rdparty/composable_kernel/include/ck_tile/core/container/tuple.hpp -> /perf_apps/xiaoming/MegaMoE/3rdparty/composable_kernel/include/ck_tile/core/container/tuple_hip.hpp [skipped, already hipified]
  /perf_apps/xiaoming/MegaMoE/3rdparty/composable_kernel/include/ck_tile/core/container/multi_index.hpp -> /perf_apps/xiaoming/MegaMoE/3rdparty/composable_kernel/include/ck_tile/core/container/multi_index_hip.hpp [skipped, already hipified]
  /perf_apps/xiaoming/MegaMoE/3rdparty/composable_kernel/include/ck_tile/core/container/map.hpp -> /perf_apps/xiaoming/MegaMoE/3rdparty/composable_kernel/include/ck_tile/core/container/map_hip.hpp [skipped, already hipified]
  /perf_apps/xiaoming/MegaMoE/3rdparty/composable_kernel/include/ck_tile/core/container/container_helper.hpp -> /perf_apps/xiaoming/MegaMoE/3rdparty/composable_kernel/include/ck_tile/core/container/container_helper_hip.hpp [skipped, already hipified]
  /perf_apps/xiaoming/MegaMoE/3rdparty/composable_kernel/include/ck_tile/core/utility/magic_div.hpp -> /perf_apps/xiaoming/MegaMoE/3rdparty/composable_kernel/include/ck_tile/core/utility/magic_div_hip.hpp [skipped, already hipified]
  /perf_apps/xiaoming/MegaMoE/3rdparty/composable_kernel/include/ck_tile/core/algorithm/indexing_adaptor.hpp -> /perf_apps/xiaoming/MegaMoE/3rdparty/composable_kernel/include/ck_tile/core/algorithm/indexing_adaptor_hip.hpp [skipped, already hipified]
  /perf_apps/xiaoming/MegaMoE/3rdparty/composable_kernel/include/ck_tile/core/algorithm/coordinate_transform.hpp -> /perf_apps/xiaoming/MegaMoE/3rdparty/composable_kernel/include/ck_tile/core/algorithm/coordinate_transform_hip.hpp [skipped, already hipified]
  /perf_apps/xiaoming/MegaMoE/3rdparty/composable_kernel/include/ck_tile/core/tensor/tensor_adaptor.hpp -> /perf_apps/xiaoming/MegaMoE/3rdparty/composable_kernel/include/ck_tile/core/tensor/tensor_adaptor_hip.hpp [skipped, already hipified]
  /perf_apps/xiaoming/MegaMoE/3rdparty/composable_kernel/include/ck_tile/core/algorithm/cluster_descriptor.hpp -> /perf_apps/xiaoming/MegaMoE/3rdparty/composable_kernel/include/ck_tile/core/algorithm/cluster_descriptor_hip.hpp [skipped, already hipified]
  /perf_apps/xiaoming/MegaMoE/3rdparty/composable_kernel/include/ck_tile/core/container/statically_indexed_array.hpp -> /perf_apps/xiaoming/MegaMoE/3rdparty/composable_kernel/include/ck_tile/core/container/statically_indexed_array_hip.hpp [skipped, already hipified]
  /perf_apps/xiaoming/MegaMoE/3rdparty/composable_kernel/include/ck_tile/core/algorithm/space_filling_curve.hpp -> /perf_apps/xiaoming/MegaMoE/3rdparty/composable_kernel/include/ck_tile/core/algorithm/space_filling_curve_hip.hpp [skipped, already hipified]
  /perf_apps/xiaoming/MegaMoE/3rdparty/composable_kernel/include/ck_tile/core/numeric/pk_int4.hpp -> /perf_apps/xiaoming/MegaMoE/3rdparty/composable_kernel/include/ck_tile/core/numeric/pk_int4_hip.hpp [skipped, already hipified]
  /perf_apps/xiaoming/MegaMoE/3rdparty/composable_kernel/include/ck_tile/core/numeric/e8m0.hpp -> /perf_apps/xiaoming/MegaMoE/3rdparty/composable_kernel/include/ck_tile/core/numeric/e8m0.hpp [skipped, no changes]
  /perf_apps/xiaoming/MegaMoE/3rdparty/composable_kernel/include/ck_tile/core/numeric/vector_type.hpp -> /perf_apps/xiaoming/MegaMoE/3rdparty/composable_kernel/include/ck_tile/core/numeric/vector_type_hip.hpp [skipped, already hipified]
  /perf_apps/xiaoming/MegaMoE/3rdparty/composable_kernel/include/ck_tile/core/container/thread_buffer.hpp -> /perf_apps/xiaoming/MegaMoE/3rdparty/composable_kernel/include/ck_tile/core/container/thread_buffer_hip.hpp [skipped, already hipified]
  /perf_apps/xiaoming/MegaMoE/3rdparty/composable_kernel/include/ck_tile/core/utility/ignore.hpp -> /perf_apps/xiaoming/MegaMoE/3rdparty/composable_kernel/include/ck_tile/core/utility/ignore.hpp [skipped, no changes]
  /perf_apps/xiaoming/MegaMoE/3rdparty/composable_kernel/include/ck_tile/core/arch/amd_buffer_coherence.hpp -> /perf_apps/xiaoming/MegaMoE/3rdparty/composable_kernel/include/ck_tile/core/arch/amd_buffer_coherence.hpp [skipped, no changes]
  /perf_apps/xiaoming/MegaMoE/3rdparty/composable_kernel/include/ck_tile/core/arch/amd_buffer_addressing_builtins.hpp -> /perf_apps/xiaoming/MegaMoE/3rdparty/composable_kernel/include/ck_tile/core/arch/amd_buffer_addressing_builtins_hip.hpp [skipped, already hipified]
  /perf_apps/xiaoming/MegaMoE/3rdparty/composable_kernel/include/ck_tile/core/arch/amd_buffer_addressing.hpp -> /perf_apps/xiaoming/MegaMoE/3rdparty/composable_kernel/include/ck_tile/core/arch/amd_buffer_addressing_hip.hpp [skipped, already hipified]
  /perf_apps/xiaoming/MegaMoE/3rdparty/composable_kernel/include/ck_tile/core/arch/arch.hpp -> /perf_apps/xiaoming/MegaMoE/3rdparty/composable_kernel/include/ck_tile/core/arch/arch_hip.hpp [skipped, already hipified]
  /perf_apps/xiaoming/MegaMoE/3rdparty/composable_kernel/include/ck_tile/core/container/meta_data_buffer.hpp -> /perf_apps/xiaoming/MegaMoE/3rdparty/composable_kernel/include/ck_tile/core/container/meta_data_buffer_hip.hpp [skipped, already hipified]
  /perf_apps/xiaoming/MegaMoE/3rdparty/composable_kernel/include/ck_tile/core/tensor/tensor_adaptor_coordinate.hpp -> /perf_apps/xiaoming/MegaMoE/3rdparty/composable_kernel/include/ck_tile/core/tensor/tensor_adaptor_coordinate_hip.hpp [skipped, already hipified]
  /perf_apps/xiaoming/MegaMoE/3rdparty/composable_kernel/include/ck_tile/core/tensor/tile_distribution_encoding.hpp -> /perf_apps/xiaoming/MegaMoE/3rdparty/composable_kernel/include/ck_tile/core/tensor/tile_distribution_encoding_hip.hpp [skipped, already hipified]
  /perf_apps/xiaoming/MegaMoE/3rdparty/composable_kernel/include/ck_tile/core/tensor/tile_distribution.hpp -> /perf_apps/xiaoming/MegaMoE/3rdparty/composable_kernel/include/ck_tile/core/tensor/tile_distribution_hip.hpp [skipped, already hipified]
  /perf_apps/xiaoming/MegaMoE/3rdparty/composable_kernel/include/ck_tile/core/algorithm/static_encoding_pattern.hpp -> /perf_apps/xiaoming/MegaMoE/3rdparty/composable_kernel/include/ck_tile/core/algorithm/static_encoding_pattern_hip.hpp [skipped, already hipified]
  /perf_apps/xiaoming/MegaMoE/3rdparty/composable_kernel/include/ck_tile/core/arch/amd_transpose_load_encoding.hpp -> /perf_apps/xiaoming/MegaMoE/3rdparty/composable_kernel/include/ck_tile/core/arch/amd_transpose_load_encoding_hip.hpp [skipped, already hipified]
  /perf_apps/xiaoming/MegaMoE/3rdparty/composable_kernel/include/ck_tile/core/arch/generic_memory_space_atomic.hpp -> /perf_apps/xiaoming/MegaMoE/3rdparty/composable_kernel/include/ck_tile/core/arch/generic_memory_space_atomic_hip.hpp [skipped, already hipified]
  /perf_apps/xiaoming/MegaMoE/3rdparty/composable_kernel/include/ck_tile/core/arch/mma/wmma/wmma_traits.hpp -> /perf_apps/xiaoming/MegaMoE/3rdparty/composable_kernel/include/ck_tile/core/arch/mma/wmma/wmma_traits.hpp [skipped, no changes]
  /perf_apps/xiaoming/MegaMoE/3rdparty/composable_kernel/include/ck_tile/core/arch/mma/wmma/wmma_gfx11.hpp -> /perf_apps/xiaoming/MegaMoE/3rdparty/composable_kernel/include/ck_tile/core/arch/mma/wmma/wmma_gfx11_hip.hpp [skipped, already hipified]
  /perf_apps/xiaoming/MegaMoE/3rdparty/composable_kernel/include/ck_tile/core/arch/mma/wmma/wmma_gfx12.hpp -> /perf_apps/xiaoming/MegaMoE/3rdparty/composable_kernel/include/ck_tile/core/arch/mma/wmma/wmma_gfx12_hip.hpp [skipped, already hipified]
  /perf_apps/xiaoming/MegaMoE/3rdparty/composable_kernel/include/ck_tile/core/arch/mma/mfma/mfma_traits.hpp -> /perf_apps/xiaoming/MegaMoE/3rdparty/composable_kernel/include/ck_tile/core/arch/mma/mfma/mfma_traits.hpp [skipped, no changes]
  /perf_apps/xiaoming/MegaMoE/3rdparty/composable_kernel/include/ck_tile/core/arch/mma/mma_traits.hpp -> /perf_apps/xiaoming/MegaMoE/3rdparty/composable_kernel/include/ck_tile/core/arch/mma/mma_traits_hip.hpp [skipped, already hipified]
  /perf_apps/xiaoming/MegaMoE/3rdparty/composable_kernel/include/ck_tile/core/arch/mma/mfma/mfma_gfx9.hpp -> /perf_apps/xiaoming/MegaMoE/3rdparty/composable_kernel/include/ck_tile/core/arch/mma/mfma/mfma_gfx9_hip.hpp [skipped, already hipified]
  /perf_apps/xiaoming/MegaMoE/3rdparty/composable_kernel/include/ck_tile/core/arch/mma/mfma/mfma_selector.hpp -> /perf_apps/xiaoming/MegaMoE/3rdparty/composable_kernel/include/ck_tile/core/arch/mma/mfma/mfma_selector_hip.hpp [skipped, already hipified]
  /perf_apps/xiaoming/MegaMoE/3rdparty/composable_kernel/include/ck_tile/core/arch/mma/mma_selector.hpp -> /perf_apps/xiaoming/MegaMoE/3rdparty/composable_kernel/include/ck_tile/core/arch/mma/mma_selector_hip.hpp [skipped, already hipified]
  /perf_apps/xiaoming/MegaMoE/3rdparty/composable_kernel/include/ck_tile/core/arch/mma/wmma/wmma_selector.hpp -> /perf_apps/xiaoming/MegaMoE/3rdparty/composable_kernel/include/ck_tile/core/arch/mma/wmma/wmma_selector_hip.hpp [skipped, already hipified]
  /perf_apps/xiaoming/MegaMoE/3rdparty/composable_kernel/include/ck_tile/core/arch/mma/mma_transforms.hpp -> /perf_apps/xiaoming/MegaMoE/3rdparty/composable_kernel/include/ck_tile/core/arch/mma/mma_transforms_hip.hpp [skipped, already hipified]
  /perf_apps/xiaoming/MegaMoE/3rdparty/composable_kernel/include/ck_tile/core/arch/mma/wmma/wmma_transforms.hpp -> /perf_apps/xiaoming/MegaMoE/3rdparty/composable_kernel/include/ck_tile/core/arch/mma/wmma/wmma_transforms_hip.hpp [skipped, already hipified]
  /perf_apps/xiaoming/MegaMoE/3rdparty/composable_kernel/include/ck_tile/core/arch/mma/wmma/wmma.hpp -> /perf_apps/xiaoming/MegaMoE/3rdparty/composable_kernel/include/ck_tile/core/arch/mma/wmma/wmma_hip.hpp [skipped, already hipified]
  /perf_apps/xiaoming/MegaMoE/3rdparty/composable_kernel/include/ck_tile/core/arch/mma/mfma/mfma_transforms.hpp -> /perf_apps/xiaoming/MegaMoE/3rdparty/composable_kernel/include/ck_tile/core/arch/mma/mfma/mfma_transforms_hip.hpp [skipped, already hipified]
  /perf_apps/xiaoming/MegaMoE/3rdparty/composable_kernel/include/ck_tile/core/arch/mma/mfma/mfma.hpp -> /perf_apps/xiaoming/MegaMoE/3rdparty/composable_kernel/include/ck_tile/core/arch/mma/mfma/mfma_hip.hpp [skipped, already hipified]
  /perf_apps/xiaoming/MegaMoE/3rdparty/composable_kernel/include/ck_tile/core/arch/mma/amdgcn_mma.hpp -> /perf_apps/xiaoming/MegaMoE/3rdparty/composable_kernel/include/ck_tile/core/arch/mma/amdgcn_mma_hip.hpp [skipped, already hipified]
  /perf_apps/xiaoming/MegaMoE/3rdparty/composable_kernel/include/ck_tile/core/arch/mma/mma.hpp -> /perf_apps/xiaoming/MegaMoE/3rdparty/composable_kernel/include/ck_tile/core/arch/mma/mma_hip.hpp [skipped, already hipified]
  /perf_apps/xiaoming/MegaMoE/3rdparty/composable_kernel/include/ck_tile/core/arch/utility.hpp -> /perf_apps/xiaoming/MegaMoE/3rdparty/composable_kernel/include/ck_tile/core/arch/utility.hpp [skipped, no changes]
  /perf_apps/xiaoming/MegaMoE/3rdparty/composable_kernel/include/ck_tile/core/arch/workgroup_barrier.hpp -> /perf_apps/xiaoming/MegaMoE/3rdparty/composable_kernel/include/ck_tile/core/arch/workgroup_barrier_hip.hpp [skipped, already hipified]
  /perf_apps/xiaoming/MegaMoE/3rdparty/composable_kernel/include/ck_tile/core/container/span.hpp -> /perf_apps/xiaoming/MegaMoE/3rdparty/composable_kernel/include/ck_tile/core/container/span.hpp [skipped, no changes]
  /perf_apps/xiaoming/MegaMoE/3rdparty/composable_kernel/include/ck_tile/core/numeric/null_type.hpp -> /perf_apps/xiaoming/MegaMoE/3rdparty/composable_kernel/include/ck_tile/core/numeric/null_type.hpp [skipped, no changes]
  /perf_apps/xiaoming/MegaMoE/3rdparty/composable_kernel/include/ck_tile/core/tensor/buffer_view.hpp -> /perf_apps/xiaoming/MegaMoE/3rdparty/composable_kernel/include/ck_tile/core/tensor/buffer_view_hip.hpp [skipped, already hipified]
  /perf_apps/xiaoming/MegaMoE/3rdparty/composable_kernel/include/ck_tile/core/tensor/static_distributed_tensor.hpp -> /perf_apps/xiaoming/MegaMoE/3rdparty/composable_kernel/include/ck_tile/core/tensor/static_distributed_tensor_hip.hpp [skipped, already hipified]
  /perf_apps/xiaoming/MegaMoE/3rdparty/composable_kernel/include/ck_tile/core/tensor/tensor_descriptor.hpp -> /perf_apps/xiaoming/MegaMoE/3rdparty/composable_kernel/include/ck_tile/core/tensor/tensor_descriptor_hip.hpp [skipped, already hipified]
  /perf_apps/xiaoming/MegaMoE/3rdparty/composable_kernel/include/ck_tile/core/tensor/tensor_view.hpp -> /perf_apps/xiaoming/MegaMoE/3rdparty/composable_kernel/include/ck_tile/core/tensor/tensor_view_hip.hpp [skipped, already hipified]
  /perf_apps/xiaoming/MegaMoE/3rdparty/composable_kernel/include/ck_tile/core/tensor/tile_window_base.hpp -> /perf_apps/xiaoming/MegaMoE/3rdparty/composable_kernel/include/ck_tile/core/tensor/tile_window_base_hip.hpp [skipped, already hipified]
  /perf_apps/xiaoming/MegaMoE/3rdparty/composable_kernel/include/ck_tile/core/tensor/tile_window.hpp -> /perf_apps/xiaoming/MegaMoE/3rdparty/composable_kernel/include/ck_tile/core/tensor/tile_window_hip.hpp [ok]
  /perf_apps/xiaoming/MegaMoE/3rdparty/composable_kernel/include/ck_tile/core/tensor/tile_window_linear.hpp -> /perf_apps/xiaoming/MegaMoE/3rdparty/composable_kernel/include/ck_tile/core/tensor/tile_window_linear_hip.hpp [skipped, already hipified]
  /perf_apps/xiaoming/MegaMoE/3rdparty/composable_kernel/include/ck_tile/core/tensor/null_tile_window.hpp -> /perf_apps/xiaoming/MegaMoE/3rdparty/composable_kernel/include/ck_tile/core/tensor/null_tile_window_hip.hpp [skipped, already hipified]
  /perf_apps/xiaoming/MegaMoE/3rdparty/composable_kernel/include/ck_tile/core/tensor/null_tensor.hpp -> /perf_apps/xiaoming/MegaMoE/3rdparty/composable_kernel/include/ck_tile/core/tensor/null_tensor.hpp [skipped, no changes]
  /perf_apps/xiaoming/MegaMoE/3rdparty/composable_kernel/include/ck_tile/core/tensor/load_tile.hpp -> /perf_apps/xiaoming/MegaMoE/3rdparty/composable_kernel/include/ck_tile/core/tensor/load_tile_hip.hpp [ok]
  /perf_apps/xiaoming/MegaMoE/3rdparty/composable_kernel/include/ck_tile/core/tensor/load_tile_transpose.hpp -> /perf_apps/xiaoming/MegaMoE/3rdparty/composable_kernel/include/ck_tile/core/tensor/load_tile_transpose_hip.hpp [ok]
  /perf_apps/xiaoming/MegaMoE/3rdparty/composable_kernel/include/ck_tile/core/tensor/tile_elementwise.hpp -> /perf_apps/xiaoming/MegaMoE/3rdparty/composable_kernel/include/ck_tile/core/tensor/tile_elementwise_hip.hpp [skipped, already hipified]
  /perf_apps/xiaoming/MegaMoE/3rdparty/composable_kernel/include/ck_tile/core/utility/transpose_vectors.hpp -> /perf_apps/xiaoming/MegaMoE/3rdparty/composable_kernel/include/ck_tile/core/utility/transpose_vectors_hip.hpp [skipped, already hipified]
  /perf_apps/xiaoming/MegaMoE/3rdparty/composable_kernel/include/ck_tile/core/tensor/shuffle_tile.hpp -> /perf_apps/xiaoming/MegaMoE/3rdparty/composable_kernel/include/ck_tile/core/tensor/shuffle_tile_hip.hpp [skipped, already hipified]
  /perf_apps/xiaoming/MegaMoE/3rdparty/composable_kernel/include/ck_tile/core/tensor/slice_tile.hpp -> /perf_apps/xiaoming/MegaMoE/3rdparty/composable_kernel/include/ck_tile/core/tensor/slice_tile_hip.hpp [skipped, already hipified]
  /perf_apps/xiaoming/MegaMoE/3rdparty/composable_kernel/include/ck_tile/core/tensor/store_tile.hpp -> /perf_apps/xiaoming/MegaMoE/3rdparty/composable_kernel/include/ck_tile/core/tensor/store_tile_hip.hpp [skipped, already hipified]
  /perf_apps/xiaoming/MegaMoE/3rdparty/composable_kernel/include/ck_tile/core/utility/functional_with_tuple.hpp -> /perf_apps/xiaoming/MegaMoE/3rdparty/composable_kernel/include/ck_tile/core/utility/functional_with_tuple_hip.hpp [skipped, already hipified]
  /perf_apps/xiaoming/MegaMoE/3rdparty/composable_kernel/include/ck_tile/core/tensor/sweep_tile.hpp -> /perf_apps/xiaoming/MegaMoE/3rdparty/composable_kernel/include/ck_tile/core/tensor/sweep_tile_hip.hpp [skipped, already hipified]
  /perf_apps/xiaoming/MegaMoE/3rdparty/composable_kernel/include/ck_tile/core/tensor/tensor_coordinate.hpp -> /perf_apps/xiaoming/MegaMoE/3rdparty/composable_kernel/include/ck_tile/core/tensor/tensor_coordinate_hip.hpp [skipped, already hipified]
  /perf_apps/xiaoming/MegaMoE/3rdparty/composable_kernel/include/ck_tile/core/tensor/tile_scatter_gather.hpp -> /perf_apps/xiaoming/MegaMoE/3rdparty/composable_kernel/include/ck_tile/core/tensor/tile_scatter_gather_hip.hpp [skipped, already hipified]
  /perf_apps/xiaoming/MegaMoE/3rdparty/composable_kernel/include/ck_tile/core/tensor/tile_window_utils.hpp -> /perf_apps/xiaoming/MegaMoE/3rdparty/composable_kernel/include/ck_tile/core/tensor/tile_window_utils_hip.hpp [skipped, already hipified]
  /perf_apps/xiaoming/MegaMoE/3rdparty/composable_kernel/include/ck_tile/core/tensor/transpose_tile.hpp -> /perf_apps/xiaoming/MegaMoE/3rdparty/composable_kernel/include/ck_tile/core/tensor/transpose_tile_hip.hpp [skipped, already hipified]
  /perf_apps/xiaoming/MegaMoE/3rdparty/composable_kernel/include/ck_tile/core/tensor/update_tile.hpp -> /perf_apps/xiaoming/MegaMoE/3rdparty/composable_kernel/include/ck_tile/core/tensor/update_tile_hip.hpp [skipped, already hipified]
  /perf_apps/xiaoming/MegaMoE/3rdparty/composable_kernel/include/ck_tile/core/utility/debug.hpp -> /perf_apps/xiaoming/MegaMoE/3rdparty/composable_kernel/include/ck_tile/core/utility/debug_hip.hpp [ok]
  /perf_apps/xiaoming/MegaMoE/3rdparty/composable_kernel/include/ck_tile/core/utility/env.hpp -> /perf_apps/xiaoming/MegaMoE/3rdparty/composable_kernel/include/ck_tile/core/utility/env.hpp [skipped, no changes]
  /perf_apps/xiaoming/MegaMoE/3rdparty/composable_kernel/include/ck_tile/core/utility/gemm_validation.hpp -> /perf_apps/xiaoming/MegaMoE/3rdparty/composable_kernel/include/ck_tile/core/utility/gemm_validation.hpp [skipped, no changes]
  /perf_apps/xiaoming/MegaMoE/3rdparty/composable_kernel/include/ck_tile/core/utility/literals.hpp -> /perf_apps/xiaoming/MegaMoE/3rdparty/composable_kernel/include/ck_tile/core/utility/literals.hpp [skipped, no changes]
  /perf_apps/xiaoming/MegaMoE/3rdparty/composable_kernel/include/ck_tile/core/utility/mixed_prec_compute_type.hpp -> /perf_apps/xiaoming/MegaMoE/3rdparty/composable_kernel/include/ck_tile/core/utility/mixed_prec_compute_type.hpp [skipped, no changes]
  /perf_apps/xiaoming/MegaMoE/3rdparty/composable_kernel/include/ck_tile/core/utility/persistent_async_input_scheduler.hpp -> /perf_apps/xiaoming/MegaMoE/3rdparty/composable_kernel/include/ck_tile/core/utility/persistent_async_input_scheduler.hpp [skipped, no changes]
  /perf_apps/xiaoming/MegaMoE/3rdparty/composable_kernel/include/ck_tile/core/utility/philox_rand.hpp -> /perf_apps/xiaoming/MegaMoE/3rdparty/composable_kernel/include/ck_tile/core/utility/philox_rand.hpp [skipped, no changes]
  /perf_apps/xiaoming/MegaMoE/3rdparty/composable_kernel/include/ck_tile/core/utility/reduce_operator.hpp -> /perf_apps/xiaoming/MegaMoE/3rdparty/composable_kernel/include/ck_tile/core/utility/reduce_operator_hip.hpp [skipped, already hipified]
  /perf_apps/xiaoming/MegaMoE/3rdparty/composable_kernel/include/ck_tile/core/utility/reduce_operator_accumulate.hpp -> /perf_apps/xiaoming/MegaMoE/3rdparty/composable_kernel/include/ck_tile/core/utility/reduce_operator_accumulate.hpp [skipped, no changes]
  /perf_apps/xiaoming/MegaMoE/3rdparty/composable_kernel/include/ck_tile/core/utility/static_counter.hpp -> /perf_apps/xiaoming/MegaMoE/3rdparty/composable_kernel/include/ck_tile/core/utility/static_counter.hpp [skipped, no changes]
  /perf_apps/xiaoming/MegaMoE/3rdparty/composable_kernel/include/ck_tile/core/utility/unary_element_function.hpp -> /perf_apps/xiaoming/MegaMoE/3rdparty/composable_kernel/include/ck_tile/core/utility/unary_element_function_hip.hpp [skipped, already hipified]
  /perf_apps/xiaoming/MegaMoE/3rdparty/composable_kernel/include/ck_tile/core.hpp -> /perf_apps/xiaoming/MegaMoE/3rdparty/composable_kernel/include/ck_tile/core_hip.hpp [skipped, already hipified]
  /perf_apps/xiaoming/MegaMoE/csrc/pytorch/type_traits.h -> /perf_apps/xiaoming/MegaMoE/csrc/pytorch/type_traits_hip.h [skipped, already hipified]
  /perf_apps/xiaoming/MegaMoE/3rdparty/composable_kernel/include/ck_tile/ops/gemm_quant/pipeline/tile_gemm_quant_traits.hpp -> /perf_apps/xiaoming/MegaMoE/3rdparty/composable_kernel/include/ck_tile/ops/gemm_quant/pipeline/tile_gemm_quant_traits_hip.hpp [skipped, already hipified]
  /perf_apps/xiaoming/MegaMoE/csrc/include/primus_turbo/gemm.h -> /perf_apps/xiaoming/MegaMoE/csrc/include/primus_turbo/gemm_hip.h [skipped, already hipified]
  /perf_apps/xiaoming/MegaMoE/csrc/pytorch/gemm/ck_gemm.cpp -> /perf_apps/xiaoming/MegaMoE/csrc/pytorch/gemm/ck_gemm_hip.cpp [skipped, already hipified]
  /perf_apps/xiaoming/MegaMoE/csrc/pytorch/gemm/gemm_meta.cpp -> /perf_apps/xiaoming/MegaMoE/csrc/pytorch/gemm/gemm_meta_hip.cpp [skipped, already hipified]
  /perf_apps/xiaoming/MegaMoE/csrc/pytorch/gemm/hipblaslt_gemm.cpp -> /perf_apps/xiaoming/MegaMoE/csrc/pytorch/gemm/hipblaslt_gemm_hip.cpp [skipped, already hipified]
  /perf_apps/xiaoming/MegaMoE/csrc/pytorch/utils.h -> /perf_apps/xiaoming/MegaMoE/csrc/pytorch/utils.h [skipped, no changes]
  /perf_apps/xiaoming/MegaMoE/csrc/pytorch/gemm/turbo_gemm.cpp -> /perf_apps/xiaoming/MegaMoE/csrc/pytorch/gemm/turbo_gemm_hip.cpp [skipped, already hipified]
  /perf_apps/xiaoming/MegaMoE/csrc/include/primus_turbo/grouped_gemm.h -> /perf_apps/xiaoming/MegaMoE/csrc/include/primus_turbo/grouped_gemm_hip.h [skipped, already hipified]
  /perf_apps/xiaoming/MegaMoE/csrc/pytorch/grouped_gemm/ck_grouped_gemm.cpp -> /perf_apps/xiaoming/MegaMoE/csrc/pytorch/grouped_gemm/ck_grouped_gemm_hip.cpp [skipped, already hipified]
  /perf_apps/xiaoming/MegaMoE/csrc/pytorch/grouped_gemm/grouped_gemm_meta.cpp -> /perf_apps/xiaoming/MegaMoE/csrc/pytorch/grouped_gemm/grouped_gemm_meta_hip.cpp [skipped, already hipified]
  /perf_apps/xiaoming/MegaMoE/csrc/pytorch/grouped_gemm/hipblaslt_grouped_gemm.cpp -> /perf_apps/xiaoming/MegaMoE/csrc/pytorch/grouped_gemm/hipblaslt_grouped_gemm_hip.cpp [skipped, already hipified]
  /perf_apps/xiaoming/MegaMoE/csrc/include/primus_turbo/moe_permute.h -> /perf_apps/xiaoming/MegaMoE/csrc/include/primus_turbo/moe_permute.h [skipped, no changes]
  /perf_apps/xiaoming/MegaMoE/csrc/pytorch/moe_permute/moe_permute.cpp -> /perf_apps/xiaoming/MegaMoE/csrc/pytorch/moe_permute/moe_permute_hip.cpp [skipped, already hipified]
  /perf_apps/xiaoming/MegaMoE/csrc/pytorch/moe_permute/moe_permute_meta.cpp -> /perf_apps/xiaoming/MegaMoE/csrc/pytorch/moe_permute/moe_permute_meta.cpp [skipped, no changes]
  /perf_apps/xiaoming/MegaMoE/csrc/include/primus_turbo/quantization.h -> /perf_apps/xiaoming/MegaMoE/csrc/include/primus_turbo/quantization.h [skipped, no changes]
  /perf_apps/xiaoming/MegaMoE/csrc/include/primus_turbo/reduce.h -> /perf_apps/xiaoming/MegaMoE/csrc/include/primus_turbo/reduce.h [skipped, no changes]
  /perf_apps/xiaoming/MegaMoE/csrc/include/primus_turbo/shuffle.h -> /perf_apps/xiaoming/MegaMoE/csrc/include/primus_turbo/shuffle.h [skipped, no changes]
  /perf_apps/xiaoming/MegaMoE/csrc/pytorch/quantization/quantization.cpp -> /perf_apps/xiaoming/MegaMoE/csrc/pytorch/quantization/quantization_hip.cpp [skipped, already hipified]
  /perf_apps/xiaoming/MegaMoE/csrc/pytorch/quantization/quantization_meta.cpp -> /perf_apps/xiaoming/MegaMoE/csrc/pytorch/quantization/quantization_meta_hip.cpp [skipped, already hipified]
  /perf_apps/xiaoming/MegaMoE/csrc/pytorch/runtime/stream.cpp -> /perf_apps/xiaoming/MegaMoE/csrc/pytorch/runtime/stream_hip.cpp [skipped, already hipified]
  /perf_apps/xiaoming/MegaMoE/csrc/pytorch/shuffle/shuffle.cpp -> /perf_apps/xiaoming/MegaMoE/csrc/pytorch/shuffle/shuffle_hip.cpp [skipped, already hipified]
  /perf_apps/xiaoming/MegaMoE/csrc/pytorch/shuffle/shuffle_meta.cpp -> /perf_apps/xiaoming/MegaMoE/csrc/pytorch/shuffle/shuffle_meta_hip.cpp [skipped, already hipified]
  /perf_apps/xiaoming/MegaMoE/csrc/include/primus_turbo/transpose.h -> /perf_apps/xiaoming/MegaMoE/csrc/include/primus_turbo/transpose.h [skipped, no changes]
  /perf_apps/xiaoming/MegaMoE/csrc/pytorch/transpose/transpose.cpp -> /perf_apps/xiaoming/MegaMoE/csrc/pytorch/transpose/transpose_hip.cpp [skipped, already hipified]
  /perf_apps/xiaoming/MegaMoE/csrc/pytorch/transpose/transpose_meta.cpp -> /perf_apps/xiaoming/MegaMoE/csrc/pytorch/transpose/transpose_meta_hip.cpp [skipped, already hipified]
  [92mSuccessfully preprocessed all matching files.[0m
  /opt/venv/lib/python3.12/site-packages/setuptools/_distutils/dist.py:261: UserWarning: Unknown distribution option: 'use_scm_version'
    warnings.warn(msg)
  Total number of unsupported CUDA function calls: 0


  Total number of replaced kernel launches: 0
  [Primus-Turbo Setup] Found optional origami installation.
  running editable_wheel
  creating /tmp/pip-ephem-wheel-cache-_rxb0_qg/wheels/71/25/82/05e3e11843d6e294e93cc290b85144a6a4a64939145af7b1db/tmpn7kahe3c/.tmp-7j5psygd/primus_turbo.egg-info
  writing /tmp/pip-ephem-wheel-cache-_rxb0_qg/wheels/71/25/82/05e3e11843d6e294e93cc290b85144a6a4a64939145af7b1db/tmpn7kahe3c/.tmp-7j5psygd/primus_turbo.egg-info/PKG-INFO
  writing dependency_links to /tmp/pip-ephem-wheel-cache-_rxb0_qg/wheels/71/25/82/05e3e11843d6e294e93cc290b85144a6a4a64939145af7b1db/tmpn7kahe3c/.tmp-7j5psygd/primus_turbo.egg-info/dependency_links.txt
  writing requirements to /tmp/pip-ephem-wheel-cache-_rxb0_qg/wheels/71/25/82/05e3e11843d6e294e93cc290b85144a6a4a64939145af7b1db/tmpn7kahe3c/.tmp-7j5psygd/primus_turbo.egg-info/requires.txt
  writing top-level names to /tmp/pip-ephem-wheel-cache-_rxb0_qg/wheels/71/25/82/05e3e11843d6e294e93cc290b85144a6a4a64939145af7b1db/tmpn7kahe3c/.tmp-7j5psygd/primus_turbo.egg-info/top_level.txt
  writing manifest file '/tmp/pip-ephem-wheel-cache-_rxb0_qg/wheels/71/25/82/05e3e11843d6e294e93cc290b85144a6a4a64939145af7b1db/tmpn7kahe3c/.tmp-7j5psygd/primus_turbo.egg-info/SOURCES.txt'
  reading manifest file '/tmp/pip-ephem-wheel-cache-_rxb0_qg/wheels/71/25/82/05e3e11843d6e294e93cc290b85144a6a4a64939145af7b1db/tmpn7kahe3c/.tmp-7j5psygd/primus_turbo.egg-info/SOURCES.txt'
  reading manifest template 'MANIFEST.in'
  no previously-included directories found matching 'agent'
  no previously-included directories found matching 'benchmark'
  no previously-included directories found matching '.github'
  no previously-included directories found matching '.cursor'
  warning: no previously-included files matching '__pycache__' found anywhere in distribution
  adding license file 'LICENSE'
  writing manifest file '/tmp/pip-ephem-wheel-cache-_rxb0_qg/wheels/71/25/82/05e3e11843d6e294e93cc290b85144a6a4a64939145af7b1db/tmpn7kahe3c/.tmp-7j5psygd/primus_turbo.egg-info/SOURCES.txt'
  creating '/tmp/pip-ephem-wheel-cache-_rxb0_qg/wheels/71/25/82/05e3e11843d6e294e93cc290b85144a6a4a64939145af7b1db/tmpn7kahe3c/.tmp-7j5psygd/primus_turbo-0.0.0.dist-info'
  creating /tmp/pip-ephem-wheel-cache-_rxb0_qg/wheels/71/25/82/05e3e11843d6e294e93cc290b85144a6a4a64939145af7b1db/tmpn7kahe3c/.tmp-7j5psygd/primus_turbo-0.0.0.dist-info/WHEEL
  running build_py
  running build_ext
  building 'libprimus_turbo_kernels' extension
  creating /perf_apps/xiaoming/MegaMoE/build/temp/csrc/kernels/deep_ep
  creating /perf_apps/xiaoming/MegaMoE/build/temp/csrc/kernels/gemm/ck
  creating /perf_apps/xiaoming/MegaMoE/build/temp/csrc/kernels/gemm/ck/instantiations
  creating /perf_apps/xiaoming/MegaMoE/build/temp/csrc/kernels/grouped_gemm/ck
  creating /perf_apps/xiaoming/MegaMoE/build/temp/csrc/kernels/grouped_gemm/ck/instantiations
  creating /perf_apps/xiaoming/MegaMoE/build/temp/csrc/kernels/moe_permute
  creating /perf_apps/xiaoming/MegaMoE/build/temp/csrc/kernels/normalization
  creating /perf_apps/xiaoming/MegaMoE/build/temp/csrc/kernels/odc_rocshmem
  creating /perf_apps/xiaoming/MegaMoE/build/temp/csrc/kernels/quantization
  creating /perf_apps/xiaoming/MegaMoE/build/temp/csrc/kernels/reduce
  creating /perf_apps/xiaoming/MegaMoE/build/temp/csrc/kernels/shuffle
  creating /perf_apps/xiaoming/MegaMoE/build/temp/csrc/kernels/transpose
  [1/44] /opt/rocm-7.2.1/bin/hipcc  -I/perf_apps/xiaoming/MegaMoE/csrc -I/perf_apps/xiaoming/MegaMoE/csrc/include -I/perf_apps/xiaoming/MegaMoE/3rdparty/composable_kernel/include -I/opt/rocshmem/include -I/usr/lib/x86_64-linux-gnu/openmpi/include -I/opt/rocm/include -I/opt/venv/include -I/usr/include/python3.12 -c -c /perf_apps/xiaoming/MegaMoE/csrc/kernels/odc_rocshmem/odc_rocshmem_host.cu -o /perf_apps/xiaoming/MegaMoE/build/temp/csrc/kernels/odc_rocshmem/odc_rocshmem_host.o -D__HIP_PLATFORM_AMD__=1 -DUSE_ROCM=1 -DHIPBLAS_V2 -fPIC -DCUDA_HAS_FP16=1 -D__HIP_NO_HALF_OPERATORS__=1 -D__HIP_NO_HALF_CONVERSIONS__=1 -DHIP_ENABLE_WARP_SYNC_BUILTINS=1 -O3 -DHIP_ENABLE_WARP_SYNC_BUILTINS=1 -U__HIP_NO_HALF_OPERATORS__ -U__HIP_NO_HALF_CONVERSIONS__ -U__HIP_NO_BFLOAT16_OPERATORS__ -U__HIP_NO_BFLOAT16_CONVERSIONS__ -U__HIP_NO_BFLOAT162_OPERATORS__ -U__HIP_NO_BFLOAT162_CONVERSIONS__ -fno-offload-uniform-block -mllvm --lsr-drop-solution=1 -mllvm -enable-post-misched=0 -mllvm -amdgpu-early-inline-all=true -std=c++20 -fgpu-rdc -Wno-unknown-warning-option -DPRIMUS_TURBO_GFX950 --offload-arch=gfx950 -parallel-jobs=128 -DCK_TILE_USE_OCP_FP8 -fgpu-rdc -DTORCH_API_INCLUDE_EXTENSION_H -DTORCH_EXTENSION_NAME=libprimus_turbo_kernels
  /perf_apps/xiaoming/MegaMoE/csrc/kernels/odc_rocshmem/odc_rocshmem_host.cu:46:5: warning: ignoring return value of type 'hipError_t' declared with 'nodiscard' attribute [-Wunused-value]
     46 |     hipMemcpy(&h, dctx, sizeof(rocshmem_ctx_t), hipMemcpyDeviceToHost);
        |     ^~~~~~~~~~~~~~~~~~~~~~~~~~~~~~~~~~~~~~~~~~~~~~~~~~~~~~~~~~~~~~~~~~
  /perf_apps/xiaoming/MegaMoE/csrc/kernels/odc_rocshmem/odc_rocshmem_host.cu:46:5: warning: ignoring return value of type 'hipError_t' declared with 'nodiscard' attribute [-Wunused-value]
     46 |     hipMemcpy(&h, dctx, sizeof(rocshmem_ctx_t), hipMemcpyDeviceToHost);
        |     ^~~~~~~~~~~~~~~~~~~~~~~~~~~~~~~~~~~~~~~~~~~~~~~~~~~~~~~~~~~~~~~~~~
  1 warning generated when compiling for host.
  1 warning generated when compiling for gfx950.
  [2/44] /opt/rocm-7.2.1/bin/hipcc  -I/perf_apps/xiaoming/MegaMoE/csrc -I/perf_apps/xiaoming/MegaMoE/csrc/include -I/perf_apps/xiaoming/MegaMoE/3rdparty/composable_kernel/include -I/opt/rocshmem/include -I/usr/lib/x86_64-linux-gnu/openmpi/include -I/opt/rocm/include -I/opt/venv/include -I/usr/include/python3.12 -c -c /perf_apps/xiaoming/MegaMoE/csrc/kernels/normalization/normalization_fwd.hip -o /perf_apps/xiaoming/MegaMoE/build/temp/csrc/kernels/normalization/normalization_fwd.o -D__HIP_PLATFORM_AMD__=1 -DUSE_ROCM=1 -DHIPBLAS_V2 -fPIC -DCUDA_HAS_FP16=1 -D__HIP_NO_HALF_OPERATORS__=1 -D__HIP_NO_HALF_CONVERSIONS__=1 -DHIP_ENABLE_WARP_SYNC_BUILTINS=1 -O3 -DHIP_ENABLE_WARP_SYNC_BUILTINS=1 -U__HIP_NO_HALF_OPERATORS__ -U__HIP_NO_HALF_CONVERSIONS__ -U__HIP_NO_BFLOAT16_OPERATORS__ -U__HIP_NO_BFLOAT16_CONVERSIONS__ -U__HIP_NO_BFLOAT162_OPERATORS__ -U__HIP_NO_BFLOAT162_CONVERSIONS__ -fno-offload-uniform-block -mllvm --lsr-drop-solution=1 -mllvm -enable-post-misched=0 -mllvm -amdgpu-early-inline-all=true -std=c++20 -fgpu-rdc -Wno-unknown-warning-option -DPRIMUS_TURBO_GFX950 --offload-arch=gfx950 -parallel-jobs=128 -DCK_TILE_USE_OCP_FP8 -fgpu-rdc -DTORCH_API_INCLUDE_EXTENSION_H -DTORCH_EXTENSION_NAME=libprimus_turbo_kernels
  [3/44] /opt/rocm-7.2.1/bin/hipcc  -I/perf_apps/xiaoming/MegaMoE/csrc -I/perf_apps/xiaoming/MegaMoE/csrc/include -I/perf_apps/xiaoming/MegaMoE/3rdparty/composable_kernel/include -I/opt/rocshmem/include -I/usr/lib/x86_64-linux-gnu/openmpi/include -I/opt/rocm/include -I/opt/venv/include -I/usr/include/python3.12 -c -c /perf_apps/xiaoming/MegaMoE/csrc/kernels/quantization/dequantization_mxfp4.hip -o /perf_apps/xiaoming/MegaMoE/build/temp/csrc/kernels/quantization/dequantization_mxfp4.o -D__HIP_PLATFORM_AMD__=1 -DUSE_ROCM=1 -DHIPBLAS_V2 -fPIC -DCUDA_HAS_FP16=1 -D__HIP_NO_HALF_OPERATORS__=1 -D__HIP_NO_HALF_CONVERSIONS__=1 -DHIP_ENABLE_WARP_SYNC_BUILTINS=1 -O3 -DHIP_ENABLE_WARP_SYNC_BUILTINS=1 -U__HIP_NO_HALF_OPERATORS__ -U__HIP_NO_HALF_CONVERSIONS__ -U__HIP_NO_BFLOAT16_OPERATORS__ -U__HIP_NO_BFLOAT16_CONVERSIONS__ -U__HIP_NO_BFLOAT162_OPERATORS__ -U__HIP_NO_BFLOAT162_CONVERSIONS__ -fno-offload-uniform-block -mllvm --lsr-drop-solution=1 -mllvm -enable-post-misched=0 -mllvm -amdgpu-early-inline-all=true -std=c++20 -fgpu-rdc -Wno-unknown-warning-option -DPRIMUS_TURBO_GFX950 --offload-arch=gfx950 -parallel-jobs=128 -DCK_TILE_USE_OCP_FP8 -fgpu-rdc -DTORCH_API_INCLUDE_EXTENSION_H -DTORCH_EXTENSION_NAME=libprimus_turbo_kernels
  [4/44] /opt/rocm-7.2.1/bin/hipcc  -I/perf_apps/xiaoming/MegaMoE/csrc -I/perf_apps/xiaoming/MegaMoE/csrc/include -I/perf_apps/xiaoming/MegaMoE/3rdparty/composable_kernel/include -I/opt/rocshmem/include -I/usr/lib/x86_64-linux-gnu/openmpi/include -I/opt/rocm/include -I/opt/venv/include -I/usr/include/python3.12 -c -c /perf_apps/xiaoming/MegaMoE/csrc/kernels/normalization/normalization_bwd.hip -o /perf_apps/xiaoming/MegaMoE/build/temp/csrc/kernels/normalization/normalization_bwd.o -D__HIP_PLATFORM_AMD__=1 -DUSE_ROCM=1 -DHIPBLAS_V2 -fPIC -DCUDA_HAS_FP16=1 -D__HIP_NO_HALF_OPERATORS__=1 -D__HIP_NO_HALF_CONVERSIONS__=1 -DHIP_ENABLE_WARP_SYNC_BUILTINS=1 -O3 -DHIP_ENABLE_WARP_SYNC_BUILTINS=1 -U__HIP_NO_HALF_OPERATORS__ -U__HIP_NO_HALF_CONVERSIONS__ -U__HIP_NO_BFLOAT16_OPERATORS__ -U__HIP_NO_BFLOAT16_CONVERSIONS__ -U__HIP_NO_BFLOAT162_OPERATORS__ -U__HIP_NO_BFLOAT162_CONVERSIONS__ -fno-offload-uniform-block -mllvm --lsr-drop-solution=1 -mllvm -enable-post-misched=0 -mllvm -amdgpu-early-inline-all=true -std=c++20 -fgpu-rdc -Wno-unknown-warning-option -DPRIMUS_TURBO_GFX950 --offload-arch=gfx950 -parallel-jobs=128 -DCK_TILE_USE_OCP_FP8 -fgpu-rdc -DTORCH_API_INCLUDE_EXTENSION_H -DTORCH_EXTENSION_NAME=libprimus_turbo_kernels
  [5/44] /opt/rocm-7.2.1/bin/hipcc  -I/perf_apps/xiaoming/MegaMoE/csrc -I/perf_apps/xiaoming/MegaMoE/csrc/include -I/perf_apps/xiaoming/MegaMoE/3rdparty/composable_kernel/include -I/opt/rocshmem/include -I/usr/lib/x86_64-linux-gnu/openmpi/include -I/opt/rocm/include -I/opt/venv/include -I/usr/include/python3.12 -c -c /perf_apps/xiaoming/MegaMoE/csrc/kernels/transpose/transpose_2d.hip -o /perf_apps/xiaoming/MegaMoE/build/temp/csrc/kernels/transpose/transpose_2d.o -D__HIP_PLATFORM_AMD__=1 -DUSE_ROCM=1 -DHIPBLAS_V2 -fPIC -DCUDA_HAS_FP16=1 -D__HIP_NO_HALF_OPERATORS__=1 -D__HIP_NO_HALF_CONVERSIONS__=1 -DHIP_ENABLE_WARP_SYNC_BUILTINS=1 -O3 -DHIP_ENABLE_WARP_SYNC_BUILTINS=1 -U__HIP_NO_HALF_OPERATORS__ -U__HIP_NO_HALF_CONVERSIONS__ -U__HIP_NO_BFLOAT16_OPERATORS__ -U__HIP_NO_BFLOAT16_CONVERSIONS__ -U__HIP_NO_BFLOAT162_OPERATORS__ -U__HIP_NO_BFLOAT162_CONVERSIONS__ -fno-offload-uniform-block -mllvm --lsr-drop-solution=1 -mllvm -enable-post-misched=0 -mllvm -amdgpu-early-inline-all=true -std=c++20 -fgpu-rdc -Wno-unknown-warning-option -DPRIMUS_TURBO_GFX950 --offload-arch=gfx950 -parallel-jobs=128 -DCK_TILE_USE_OCP_FP8 -fgpu-rdc -DTORCH_API_INCLUDE_EXTENSION_H -DTORCH_EXTENSION_NAME=libprimus_turbo_kernels
  [6/44] /opt/rocm-7.2.1/bin/hipcc  -I/perf_apps/xiaoming/MegaMoE/csrc -I/perf_apps/xiaoming/MegaMoE/csrc/include -I/perf_apps/xiaoming/MegaMoE/3rdparty/composable_kernel/include -I/opt/rocshmem/include -I/usr/lib/x86_64-linux-gnu/openmpi/include -I/opt/rocm/include -I/opt/venv/include -I/usr/include/python3.12 -c -c /perf_apps/xiaoming/MegaMoE/csrc/kernels/shuffle/shuffle.hip -o /perf_apps/xiaoming/MegaMoE/build/temp/csrc/kernels/shuffle/shuffle.o -D__HIP_PLATFORM_AMD__=1 -DUSE_ROCM=1 -DHIPBLAS_V2 -fPIC -DCUDA_HAS_FP16=1 -D__HIP_NO_HALF_OPERATORS__=1 -D__HIP_NO_HALF_CONVERSIONS__=1 -DHIP_ENABLE_WARP_SYNC_BUILTINS=1 -O3 -DHIP_ENABLE_WARP_SYNC_BUILTINS=1 -U__HIP_NO_HALF_OPERATORS__ -U__HIP_NO_HALF_CONVERSIONS__ -U__HIP_NO_BFLOAT16_OPERATORS__ -U__HIP_NO_BFLOAT16_CONVERSIONS__ -U__HIP_NO_BFLOAT162_OPERATORS__ -U__HIP_NO_BFLOAT162_CONVERSIONS__ -fno-offload-uniform-block -mllvm --lsr-drop-solution=1 -mllvm -enable-post-misched=0 -mllvm -amdgpu-early-inline-all=true -std=c++20 -fgpu-rdc -Wno-unknown-warning-option -DPRIMUS_TURBO_GFX950 --offload-arch=gfx950 -parallel-jobs=128 -DCK_TILE_USE_OCP_FP8 -fgpu-rdc -DTORCH_API_INCLUDE_EXTENSION_H -DTORCH_EXTENSION_NAME=libprimus_turbo_kernels
  [7/44] /opt/rocm-7.2.1/bin/hipcc  -I/perf_apps/xiaoming/MegaMoE/csrc -I/perf_apps/xiaoming/MegaMoE/csrc/include -I/perf_apps/xiaoming/MegaMoE/3rdparty/composable_kernel/include -I/opt/rocshmem/include -I/usr/lib/x86_64-linux-gnu/openmpi/include -I/opt/rocm/include -I/opt/venv/include -I/usr/include/python3.12 -c -c /perf_apps/xiaoming/MegaMoE/csrc/kernels/reduce/reduce.hip -o /perf_apps/xiaoming/MegaMoE/build/temp/csrc/kernels/reduce/reduce.o -D__HIP_PLATFORM_AMD__=1 -DUSE_ROCM=1 -DHIPBLAS_V2 -fPIC -DCUDA_HAS_FP16=1 -D__HIP_NO_HALF_OPERATORS__=1 -D__HIP_NO_HALF_CONVERSIONS__=1 -DHIP_ENABLE_WARP_SYNC_BUILTINS=1 -O3 -DHIP_ENABLE_WARP_SYNC_BUILTINS=1 -U__HIP_NO_HALF_OPERATORS__ -U__HIP_NO_HALF_CONVERSIONS__ -U__HIP_NO_BFLOAT16_OPERATORS__ -U__HIP_NO_BFLOAT16_CONVERSIONS__ -U__HIP_NO_BFLOAT162_OPERATORS__ -U__HIP_NO_BFLOAT162_CONVERSIONS__ -fno-offload-uniform-block -mllvm --lsr-drop-solution=1 -mllvm -enable-post-misched=0 -mllvm -amdgpu-early-inline-all=true -std=c++20 -fgpu-rdc -Wno-unknown-warning-option -DPRIMUS_TURBO_GFX950 --offload-arch=gfx950 -parallel-jobs=128 -DCK_TILE_USE_OCP_FP8 -fgpu-rdc -DTORCH_API_INCLUDE_EXTENSION_H -DTORCH_EXTENSION_NAME=libprimus_turbo_kernels
  [8/44] /opt/rocm-7.2.1/bin/hipcc  -I/perf_apps/xiaoming/MegaMoE/csrc -I/perf_apps/xiaoming/MegaMoE/csrc/include -I/perf_apps/xiaoming/MegaMoE/3rdparty/composable_kernel/include -I/opt/rocshmem/include -I/usr/lib/x86_64-linux-gnu/openmpi/include -I/opt/rocm/include -I/opt/venv/include -I/usr/include/python3.12 -c -c /perf_apps/xiaoming/MegaMoE/csrc/kernels/quantization/dequantization_mxfp8.hip -o /perf_apps/xiaoming/MegaMoE/build/temp/csrc/kernels/quantization/dequantization_mxfp8.o -D__HIP_PLATFORM_AMD__=1 -DUSE_ROCM=1 -DHIPBLAS_V2 -fPIC -DCUDA_HAS_FP16=1 -D__HIP_NO_HALF_OPERATORS__=1 -D__HIP_NO_HALF_CONVERSIONS__=1 -DHIP_ENABLE_WARP_SYNC_BUILTINS=1 -O3 -DHIP_ENABLE_WARP_SYNC_BUILTINS=1 -U__HIP_NO_HALF_OPERATORS__ -U__HIP_NO_HALF_CONVERSIONS__ -U__HIP_NO_BFLOAT16_OPERATORS__ -U__HIP_NO_BFLOAT16_CONVERSIONS__ -U__HIP_NO_BFLOAT162_OPERATORS__ -U__HIP_NO_BFLOAT162_CONVERSIONS__ -fno-offload-uniform-block -mllvm --lsr-drop-solution=1 -mllvm -enable-post-misched=0 -mllvm -amdgpu-early-inline-all=true -std=c++20 -fgpu-rdc -Wno-unknown-warning-option -DPRIMUS_TURBO_GFX950 --offload-arch=gfx950 -parallel-jobs=128 -DCK_TILE_USE_OCP_FP8 -fgpu-rdc -DTORCH_API_INCLUDE_EXTENSION_H -DTORCH_EXTENSION_NAME=libprimus_turbo_kernels
  [9/44] /opt/rocm-7.2.1/bin/hipcc  -I/perf_apps/xiaoming/MegaMoE/csrc -I/perf_apps/xiaoming/MegaMoE/csrc/include -I/perf_apps/xiaoming/MegaMoE/3rdparty/composable_kernel/include -I/opt/rocshmem/include -I/usr/lib/x86_64-linux-gnu/openmpi/include -I/opt/rocm/include -I/opt/venv/include -I/usr/include/python3.12 -c -c /perf_apps/xiaoming/MegaMoE/csrc/kernels/odc_rocshmem/odc_rocshmem_gda.hip -o /perf_apps/xiaoming/MegaMoE/build/temp/csrc/kernels/odc_rocshmem/odc_rocshmem_gda.o -D__HIP_PLATFORM_AMD__=1 -DUSE_ROCM=1 -DHIPBLAS_V2 -fPIC -DCUDA_HAS_FP16=1 -D__HIP_NO_HALF_OPERATORS__=1 -D__HIP_NO_HALF_CONVERSIONS__=1 -DHIP_ENABLE_WARP_SYNC_BUILTINS=1 -O3 -DHIP_ENABLE_WARP_SYNC_BUILTINS=1 -U__HIP_NO_HALF_OPERATORS__ -U__HIP_NO_HALF_CONVERSIONS__ -U__HIP_NO_BFLOAT16_OPERATORS__ -U__HIP_NO_BFLOAT16_CONVERSIONS__ -U__HIP_NO_BFLOAT162_OPERATORS__ -U__HIP_NO_BFLOAT162_CONVERSIONS__ -fno-offload-uniform-block -mllvm --lsr-drop-solution=1 -mllvm -enable-post-misched=0 -mllvm -amdgpu-early-inline-all=true -std=c++20 -fgpu-rdc -Wno-unknown-warning-option -DPRIMUS_TURBO_GFX950 --offload-arch=gfx950 -parallel-jobs=128 -DCK_TILE_USE_OCP_FP8 -fgpu-rdc -DTORCH_API_INCLUDE_EXTENSION_H -DTORCH_EXTENSION_NAME=libprimus_turbo_kernels
  [10/44] /opt/rocm-7.2.1/bin/hipcc  -I/perf_apps/xiaoming/MegaMoE/csrc -I/perf_apps/xiaoming/MegaMoE/csrc/include -I/perf_apps/xiaoming/MegaMoE/3rdparty/composable_kernel/include -I/opt/rocshmem/include -I/usr/lib/x86_64-linux-gnu/openmpi/include -I/opt/rocm/include -I/opt/venv/include -I/usr/include/python3.12 -c -c /perf_apps/xiaoming/MegaMoE/csrc/kernels/quantization/quantization_tensorwise.hip -o /perf_apps/xiaoming/MegaMoE/build/temp/csrc/kernels/quantization/quantization_tensorwise.o -D__HIP_PLATFORM_AMD__=1 -DUSE_ROCM=1 -DHIPBLAS_V2 -fPIC -DCUDA_HAS_FP16=1 -D__HIP_NO_HALF_OPERATORS__=1 -D__HIP_NO_HALF_CONVERSIONS__=1 -DHIP_ENABLE_WARP_SYNC_BUILTINS=1 -O3 -DHIP_ENABLE_WARP_SYNC_BUILTINS=1 -U__HIP_NO_HALF_OPERATORS__ -U__HIP_NO_HALF_CONVERSIONS__ -U__HIP_NO_BFLOAT16_OPERATORS__ -U__HIP_NO_BFLOAT16_CONVERSIONS__ -U__HIP_NO_BFLOAT162_OPERATORS__ -U__HIP_NO_BFLOAT162_CONVERSIONS__ -fno-offload-uniform-block -mllvm --lsr-drop-solution=1 -mllvm -enable-post-misched=0 -mllvm -amdgpu-early-inline-all=true -std=c++20 -fgpu-rdc -Wno-unknown-warning-option -DPRIMUS_TURBO_GFX950 --offload-arch=gfx950 -parallel-jobs=128 -DCK_TILE_USE_OCP_FP8 -fgpu-rdc -DTORCH_API_INCLUDE_EXTENSION_H -DTORCH_EXTENSION_NAME=libprimus_turbo_kernels
  [11/44] /opt/rocm-7.2.1/bin/hipcc  -I/perf_apps/xiaoming/MegaMoE/csrc -I/perf_apps/xiaoming/MegaMoE/csrc/include -I/perf_apps/xiaoming/MegaMoE/3rdparty/composable_kernel/include -I/opt/rocshmem/include -I/usr/lib/x86_64-linux-gnu/openmpi/include -I/opt/rocm/include -I/opt/venv/include -I/usr/include/python3.12 -c -c /perf_apps/xiaoming/MegaMoE/csrc/kernels/deep_ep/runtime.hip -o /perf_apps/xiaoming/MegaMoE/build/temp/csrc/kernels/deep_ep/runtime.o -D__HIP_PLATFORM_AMD__=1 -DUSE_ROCM=1 -DHIPBLAS_V2 -fPIC -DCUDA_HAS_FP16=1 -D__HIP_NO_HALF_OPERATORS__=1 -D__HIP_NO_HALF_CONVERSIONS__=1 -DHIP_ENABLE_WARP_SYNC_BUILTINS=1 -O3 -DHIP_ENABLE_WARP_SYNC_BUILTINS=1 -U__HIP_NO_HALF_OPERATORS__ -U__HIP_NO_HALF_CONVERSIONS__ -U__HIP_NO_BFLOAT16_OPERATORS__ -U__HIP_NO_BFLOAT16_CONVERSIONS__ -U__HIP_NO_BFLOAT162_OPERATORS__ -U__HIP_NO_BFLOAT162_CONVERSIONS__ -fno-offload-uniform-block -mllvm --lsr-drop-solution=1 -mllvm -enable-post-misched=0 -mllvm -amdgpu-early-inline-all=true -std=c++20 -fgpu-rdc -Wno-unknown-warning-option -DPRIMUS_TURBO_GFX950 --offload-arch=gfx950 -parallel-jobs=128 -DCK_TILE_USE_OCP_FP8 -fgpu-rdc -DTORCH_API_INCLUDE_EXTENSION_H -DTORCH_EXTENSION_NAME=libprimus_turbo_kernels
  [12/44] /opt/rocm-7.2.1/bin/hipcc  -I/perf_apps/xiaoming/MegaMoE/csrc -I/perf_apps/xiaoming/MegaMoE/csrc/include -I/perf_apps/xiaoming/MegaMoE/3rdparty/composable_kernel/include -I/opt/rocshmem/include -I/usr/lib/x86_64-linux-gnu/openmpi/include -I/opt/rocm/include -I/opt/venv/include -I/usr/include/python3.12 -c -c /perf_apps/xiaoming/MegaMoE/csrc/kernels/quantization/quantization_blockwise.hip -o /perf_apps/xiaoming/MegaMoE/build/temp/csrc/kernels/quantization/quantization_blockwise.o -D__HIP_PLATFORM_AMD__=1 -DUSE_ROCM=1 -DHIPBLAS_V2 -fPIC -DCUDA_HAS_FP16=1 -D__HIP_NO_HALF_OPERATORS__=1 -D__HIP_NO_HALF_CONVERSIONS__=1 -DHIP_ENABLE_WARP_SYNC_BUILTINS=1 -O3 -DHIP_ENABLE_WARP_SYNC_BUILTINS=1 -U__HIP_NO_HALF_OPERATORS__ -U__HIP_NO_HALF_CONVERSIONS__ -U__HIP_NO_BFLOAT16_OPERATORS__ -U__HIP_NO_BFLOAT16_CONVERSIONS__ -U__HIP_NO_BFLOAT162_OPERATORS__ -U__HIP_NO_BFLOAT162_CONVERSIONS__ -fno-offload-uniform-block -mllvm --lsr-drop-solution=1 -mllvm -enable-post-misched=0 -mllvm -amdgpu-early-inline-all=true -std=c++20 -fgpu-rdc -Wno-unknown-warning-option -DPRIMUS_TURBO_GFX950 --offload-arch=gfx950 -parallel-jobs=128 -DCK_TILE_USE_OCP_FP8 -fgpu-rdc -DTORCH_API_INCLUDE_EXTENSION_H -DTORCH_EXTENSION_NAME=libprimus_turbo_kernels
  [13/44] /opt/rocm-7.2.1/bin/hipcc  -I/perf_apps/xiaoming/MegaMoE/csrc -I/perf_apps/xiaoming/MegaMoE/csrc/include -I/perf_apps/xiaoming/MegaMoE/3rdparty/composable_kernel/include -I/opt/rocshmem/include -I/usr/lib/x86_64-linux-gnu/openmpi/include -I/opt/rocm/include -I/opt/venv/include -I/usr/include/python3.12 -c -c /perf_apps/xiaoming/MegaMoE/csrc/kernels/deep_ep/layout.hip -o /perf_apps/xiaoming/MegaMoE/build/temp/csrc/kernels/deep_ep/layout.o -D__HIP_PLATFORM_AMD__=1 -DUSE_ROCM=1 -DHIPBLAS_V2 -fPIC -DCUDA_HAS_FP16=1 -D__HIP_NO_HALF_OPERATORS__=1 -D__HIP_NO_HALF_CONVERSIONS__=1 -DHIP_ENABLE_WARP_SYNC_BUILTINS=1 -O3 -DHIP_ENABLE_WARP_SYNC_BUILTINS=1 -U__HIP_NO_HALF_OPERATORS__ -U__HIP_NO_HALF_CONVERSIONS__ -U__HIP_NO_BFLOAT16_OPERATORS__ -U__HIP_NO_BFLOAT16_CONVERSIONS__ -U__HIP_NO_BFLOAT162_OPERATORS__ -U__HIP_NO_BFLOAT162_CONVERSIONS__ -fno-offload-uniform-block -mllvm --lsr-drop-solution=1 -mllvm -enable-post-misched=0 -mllvm -amdgpu-early-inline-all=true -std=c++20 -fgpu-rdc -Wno-unknown-warning-option -DPRIMUS_TURBO_GFX950 --offload-arch=gfx950 -parallel-jobs=128 -DCK_TILE_USE_OCP_FP8 -fgpu-rdc -DTORCH_API_INCLUDE_EXTENSION_H -DTORCH_EXTENSION_NAME=libprimus_turbo_kernels
  [14/44] /opt/rocm-7.2.1/bin/hipcc  -I/perf_apps/xiaoming/MegaMoE/csrc -I/perf_apps/xiaoming/MegaMoE/csrc/include -I/perf_apps/xiaoming/MegaMoE/3rdparty/composable_kernel/include -I/opt/rocshmem/include -I/usr/lib/x86_64-linux-gnu/openmpi/include -I/opt/rocm/include -I/opt/venv/include -I/usr/include/python3.12 -c -c /perf_apps/xiaoming/MegaMoE/csrc/kernels/gemm/hipblaslt_gemm.hip -o /perf_apps/xiaoming/MegaMoE/build/temp/csrc/kernels/gemm/hipblaslt_gemm.o -D__HIP_PLATFORM_AMD__=1 -DUSE_ROCM=1 -DHIPBLAS_V2 -fPIC -DCUDA_HAS_FP16=1 -D__HIP_NO_HALF_OPERATORS__=1 -D__HIP_NO_HALF_CONVERSIONS__=1 -DHIP_ENABLE_WARP_SYNC_BUILTINS=1 -O3 -DHIP_ENABLE_WARP_SYNC_BUILTINS=1 -U__HIP_NO_HALF_OPERATORS__ -U__HIP_NO_HALF_CONVERSIONS__ -U__HIP_NO_BFLOAT16_OPERATORS__ -U__HIP_NO_BFLOAT16_CONVERSIONS__ -U__HIP_NO_BFLOAT162_OPERATORS__ -U__HIP_NO_BFLOAT162_CONVERSIONS__ -fno-offload-uniform-block -mllvm --lsr-drop-solution=1 -mllvm -enable-post-misched=0 -mllvm -amdgpu-early-inline-all=true -std=c++20 -fgpu-rdc -Wno-unknown-warning-option -DPRIMUS_TURBO_GFX950 --offload-arch=gfx950 -parallel-jobs=128 -DCK_TILE_USE_OCP_FP8 -fgpu-rdc -DTORCH_API_INCLUDE_EXTENSION_H -DTORCH_EXTENSION_NAME=libprimus_turbo_kernels
  [15/44] /opt/rocm-7.2.1/bin/hipcc  -I/perf_apps/xiaoming/MegaMoE/csrc -I/perf_apps/xiaoming/MegaMoE/csrc/include -I/perf_apps/xiaoming/MegaMoE/3rdparty/composable_kernel/include -I/opt/rocshmem/include -I/usr/lib/x86_64-linux-gnu/openmpi/include -I/opt/rocm/include -I/opt/venv/include -I/usr/include/python3.12 -c -c /perf_apps/xiaoming/MegaMoE/csrc/kernels/grouped_gemm/hipblaslt_grouped_gemm.hip -o /perf_apps/xiaoming/MegaMoE/build/temp/csrc/kernels/grouped_gemm/hipblaslt_grouped_gemm.o -D__HIP_PLATFORM_AMD__=1 -DUSE_ROCM=1 -DHIPBLAS_V2 -fPIC -DCUDA_HAS_FP16=1 -D__HIP_NO_HALF_OPERATORS__=1 -D__HIP_NO_HALF_CONVERSIONS__=1 -DHIP_ENABLE_WARP_SYNC_BUILTINS=1 -O3 -DHIP_ENABLE_WARP_SYNC_BUILTINS=1 -U__HIP_NO_HALF_OPERATORS__ -U__HIP_NO_HALF_CONVERSIONS__ -U__HIP_NO_BFLOAT16_OPERATORS__ -U__HIP_NO_BFLOAT16_CONVERSIONS__ -U__HIP_NO_BFLOAT162_OPERATORS__ -U__HIP_NO_BFLOAT162_CONVERSIONS__ -fno-offload-uniform-block -mllvm --lsr-drop-solution=1 -mllvm -enable-post-misched=0 -mllvm -amdgpu-early-inline-all=true -std=c++20 -fgpu-rdc -Wno-unknown-warning-option -DPRIMUS_TURBO_GFX950 --offload-arch=gfx950 -parallel-jobs=128 -DCK_TILE_USE_OCP_FP8 -fgpu-rdc -DTORCH_API_INCLUDE_EXTENSION_H -DTORCH_EXTENSION_NAME=libprimus_turbo_kernels
  [16/44] /opt/rocm-7.2.1/bin/hipcc  -I/perf_apps/xiaoming/MegaMoE/csrc -I/perf_apps/xiaoming/MegaMoE/csrc/include -I/perf_apps/xiaoming/MegaMoE/3rdparty/composable_kernel/include -I/opt/rocshmem/include -I/usr/lib/x86_64-linux-gnu/openmpi/include -I/opt/rocm/include -I/opt/venv/include -I/usr/include/python3.12 -c -c /perf_apps/xiaoming/MegaMoE/csrc/kernels/quantization/quantization_rowwise.hip -o /perf_apps/xiaoming/MegaMoE/build/temp/csrc/kernels/quantization/quantization_rowwise.o -D__HIP_PLATFORM_AMD__=1 -DUSE_ROCM=1 -DHIPBLAS_V2 -fPIC -DCUDA_HAS_FP16=1 -D__HIP_NO_HALF_OPERATORS__=1 -D__HIP_NO_HALF_CONVERSIONS__=1 -DHIP_ENABLE_WARP_SYNC_BUILTINS=1 -O3 -DHIP_ENABLE_WARP_SYNC_BUILTINS=1 -U__HIP_NO_HALF_OPERATORS__ -U__HIP_NO_HALF_CONVERSIONS__ -U__HIP_NO_BFLOAT16_OPERATORS__ -U__HIP_NO_BFLOAT16_CONVERSIONS__ -U__HIP_NO_BFLOAT162_OPERATORS__ -U__HIP_NO_BFLOAT162_CONVERSIONS__ -fno-offload-uniform-block -mllvm --lsr-drop-solution=1 -mllvm -enable-post-misched=0 -mllvm -amdgpu-early-inline-all=true -std=c++20 -fgpu-rdc -Wno-unknown-warning-option -DPRIMUS_TURBO_GFX950 --offload-arch=gfx950 -parallel-jobs=128 -DCK_TILE_USE_OCP_FP8 -fgpu-rdc -DTORCH_API_INCLUDE_EXTENSION_H -DTORCH_EXTENSION_NAME=libprimus_turbo_kernels
  [17/44] /opt/rocm-7.2.1/bin/hipcc  -I/perf_apps/xiaoming/MegaMoE/csrc -I/perf_apps/xiaoming/MegaMoE/csrc/include -I/perf_apps/xiaoming/MegaMoE/3rdparty/composable_kernel/include -I/opt/rocshmem/include -I/usr/lib/x86_64-linux-gnu/openmpi/include -I/opt/rocm/include -I/opt/venv/include -I/usr/include/python3.12 -c -c /perf_apps/xiaoming/MegaMoE/csrc/kernels/moe_permute/moe_permute.hip -o /perf_apps/xiaoming/MegaMoE/build/temp/csrc/kernels/moe_permute/moe_permute.o -D__HIP_PLATFORM_AMD__=1 -DUSE_ROCM=1 -DHIPBLAS_V2 -fPIC -DCUDA_HAS_FP16=1 -D__HIP_NO_HALF_OPERATORS__=1 -D__HIP_NO_HALF_CONVERSIONS__=1 -DHIP_ENABLE_WARP_SYNC_BUILTINS=1 -O3 -DHIP_ENABLE_WARP_SYNC_BUILTINS=1 -U__HIP_NO_HALF_OPERATORS__ -U__HIP_NO_HALF_CONVERSIONS__ -U__HIP_NO_BFLOAT16_OPERATORS__ -U__HIP_NO_BFLOAT16_CONVERSIONS__ -U__HIP_NO_BFLOAT162_OPERATORS__ -U__HIP_NO_BFLOAT162_CONVERSIONS__ -fno-offload-uniform-block -mllvm --lsr-drop-solution=1 -mllvm -enable-post-misched=0 -mllvm -amdgpu-early-inline-all=true -std=c++20 -fgpu-rdc -Wno-unknown-warning-option -DPRIMUS_TURBO_GFX950 --offload-arch=gfx950 -parallel-jobs=128 -DCK_TILE_USE_OCP_FP8 -fgpu-rdc -DTORCH_API_INCLUDE_EXTENSION_H -DTORCH_EXTENSION_NAME=libprimus_turbo_kernels
  /perf_apps/xiaoming/MegaMoE/csrc/kernels/moe_permute/moe_permute.hip:421:10: warning: loop not unrolled: the optimizer was unable to perform the requested transformation; the transformation might be disabled or specified as part of an unsupported transformation ordering [-Wpass-failed=transform-warning]
    421 |     void permute_kernel(const int4 *tokens, int4 *permuted_tokens, const scalar_t *scaling_factor,
        |          ^
  /perf_apps/xiaoming/MegaMoE/csrc/kernels/moe_permute/moe_permute.hip:421:10: warning: loop not unrolled: the optimizer was unable to perform the requested transformation; the transformation might be disabled or specified as part of an unsupported transformation ordering [-Wpass-failed=transform-warning]
  2 warnings generated when compiling for gfx950.
  [18/44] /opt/rocm-7.2.1/bin/hipcc  -I/perf_apps/xiaoming/MegaMoE/csrc -I/perf_apps/xiaoming/MegaMoE/csrc/include -I/perf_apps/xiaoming/MegaMoE/3rdparty/composable_kernel/include -I/opt/rocshmem/include -I/usr/lib/x86_64-linux-gnu/openmpi/include -I/opt/rocm/include -I/opt/venv/include -I/usr/include/python3.12 -c -c /perf_apps/xiaoming/MegaMoE/csrc/kernels/quantization/quantization_mxfp8.hip -o /perf_apps/xiaoming/MegaMoE/build/temp/csrc/kernels/quantization/quantization_mxfp8.o -D__HIP_PLATFORM_AMD__=1 -DUSE_ROCM=1 -DHIPBLAS_V2 -fPIC -DCUDA_HAS_FP16=1 -D__HIP_NO_HALF_OPERATORS__=1 -D__HIP_NO_HALF_CONVERSIONS__=1 -DHIP_ENABLE_WARP_SYNC_BUILTINS=1 -O3 -DHIP_ENABLE_WARP_SYNC_BUILTINS=1 -U__HIP_NO_HALF_OPERATORS__ -U__HIP_NO_HALF_CONVERSIONS__ -U__HIP_NO_BFLOAT16_OPERATORS__ -U__HIP_NO_BFLOAT16_CONVERSIONS__ -U__HIP_NO_BFLOAT162_OPERATORS__ -U__HIP_NO_BFLOAT162_CONVERSIONS__ -fno-offload-uniform-block -mllvm --lsr-drop-solution=1 -mllvm -enable-post-misched=0 -mllvm -amdgpu-early-inline-all=true -std=c++20 -fgpu-rdc -Wno-unknown-warning-option -DPRIMUS_TURBO_GFX950 --offload-arch=gfx950 -parallel-jobs=128 -DCK_TILE_USE_OCP_FP8 -fgpu-rdc -DTORCH_API_INCLUDE_EXTENSION_H -DTORCH_EXTENSION_NAME=libprimus_turbo_kernels
  [19/44] /opt/rocm-7.2.1/bin/hipcc  -I/perf_apps/xiaoming/MegaMoE/csrc -I/perf_apps/xiaoming/MegaMoE/csrc/include -I/perf_apps/xiaoming/MegaMoE/3rdparty/composable_kernel/include -I/opt/rocshmem/include -I/usr/lib/x86_64-linux-gnu/openmpi/include -I/opt/rocm/include -I/opt/venv/include -I/usr/include/python3.12 -c -c /perf_apps/xiaoming/MegaMoE/csrc/kernels/gemm/ck_gemm.hip -o /perf_apps/xiaoming/MegaMoE/build/temp/csrc/kernels/gemm/ck_gemm.o -D__HIP_PLATFORM_AMD__=1 -DUSE_ROCM=1 -DHIPBLAS_V2 -fPIC -DCUDA_HAS_FP16=1 -D__HIP_NO_HALF_OPERATORS__=1 -D__HIP_NO_HALF_CONVERSIONS__=1 -DHIP_ENABLE_WARP_SYNC_BUILTINS=1 -O3 -DHIP_ENABLE_WARP_SYNC_BUILTINS=1 -U__HIP_NO_HALF_OPERATORS__ -U__HIP_NO_HALF_CONVERSIONS__ -U__HIP_NO_BFLOAT16_OPERATORS__ -U__HIP_NO_BFLOAT16_CONVERSIONS__ -U__HIP_NO_BFLOAT162_OPERATORS__ -U__HIP_NO_BFLOAT162_CONVERSIONS__ -fno-offload-uniform-block -mllvm --lsr-drop-solution=1 -mllvm -enable-post-misched=0 -mllvm -amdgpu-early-inline-all=true -std=c++20 -fgpu-rdc -Wno-unknown-warning-option -DPRIMUS_TURBO_GFX950 --offload-arch=gfx950 -parallel-jobs=128 -DCK_TILE_USE_OCP_FP8 -fgpu-rdc -DTORCH_API_INCLUDE_EXTENSION_H -DTORCH_EXTENSION_NAME=libprimus_turbo_kernels
  [20/44] /opt/rocm-7.2.1/bin/hipcc  -I/perf_apps/xiaoming/MegaMoE/csrc -I/perf_apps/xiaoming/MegaMoE/csrc/include -I/perf_apps/xiaoming/MegaMoE/3rdparty/composable_kernel/include -I/opt/rocshmem/include -I/usr/lib/x86_64-linux-gnu/openmpi/include -I/opt/rocm/include -I/opt/venv/include -I/usr/include/python3.12 -c -c /perf_apps/xiaoming/MegaMoE/csrc/kernels/grouped_gemm/ck_grouped_gemm.hip -o /perf_apps/xiaoming/MegaMoE/build/temp/csrc/kernels/grouped_gemm/ck_grouped_gemm.o -D__HIP_PLATFORM_AMD__=1 -DUSE_ROCM=1 -DHIPBLAS_V2 -fPIC -DCUDA_HAS_FP16=1 -D__HIP_NO_HALF_OPERATORS__=1 -D__HIP_NO_HALF_CONVERSIONS__=1 -DHIP_ENABLE_WARP_SYNC_BUILTINS=1 -O3 -DHIP_ENABLE_WARP_SYNC_BUILTINS=1 -U__HIP_NO_HALF_OPERATORS__ -U__HIP_NO_HALF_CONVERSIONS__ -U__HIP_NO_BFLOAT16_OPERATORS__ -U__HIP_NO_BFLOAT16_CONVERSIONS__ -U__HIP_NO_BFLOAT162_OPERATORS__ -U__HIP_NO_BFLOAT162_CONVERSIONS__ -fno-offload-uniform-block -mllvm --lsr-drop-solution=1 -mllvm -enable-post-misched=0 -mllvm -amdgpu-early-inline-all=true -std=c++20 -fgpu-rdc -Wno-unknown-warning-option -DPRIMUS_TURBO_GFX950 --offload-arch=gfx950 -parallel-jobs=128 -DCK_TILE_USE_OCP_FP8 -fgpu-rdc -DTORCH_API_INCLUDE_EXTENSION_H -DTORCH_EXTENSION_NAME=libprimus_turbo_kernels
  [21/44] /opt/rocm-7.2.1/bin/hipcc  -I/perf_apps/xiaoming/MegaMoE/csrc -I/perf_apps/xiaoming/MegaMoE/csrc/include -I/perf_apps/xiaoming/MegaMoE/3rdparty/composable_kernel/include -I/opt/rocshmem/include -I/usr/lib/x86_64-linux-gnu/openmpi/include -I/opt/rocm/include -I/opt/venv/include -I/usr/include/python3.12 -c -c /perf_apps/xiaoming/MegaMoE/csrc/kernels/gemm/turbo_gemm.hip -o /perf_apps/xiaoming/MegaMoE/build/temp/csrc/kernels/gemm/turbo_gemm.o -D__HIP_PLATFORM_AMD__=1 -DUSE_ROCM=1 -DHIPBLAS_V2 -fPIC -DCUDA_HAS_FP16=1 -D__HIP_NO_HALF_OPERATORS__=1 -D__HIP_NO_HALF_CONVERSIONS__=1 -DHIP_ENABLE_WARP_SYNC_BUILTINS=1 -O3 -DHIP_ENABLE_WARP_SYNC_BUILTINS=1 -U__HIP_NO_HALF_OPERATORS__ -U__HIP_NO_HALF_CONVERSIONS__ -U__HIP_NO_BFLOAT16_OPERATORS__ -U__HIP_NO_BFLOAT16_CONVERSIONS__ -U__HIP_NO_BFLOAT162_OPERATORS__ -U__HIP_NO_BFLOAT162_CONVERSIONS__ -fno-offload-uniform-block -mllvm --lsr-drop-solution=1 -mllvm -enable-post-misched=0 -mllvm -amdgpu-early-inline-all=true -std=c++20 -fgpu-rdc -Wno-unknown-warning-option -DPRIMUS_TURBO_GFX950 --offload-arch=gfx950 -parallel-jobs=128 -DCK_TILE_USE_OCP_FP8 -fgpu-rdc -DTORCH_API_INCLUDE_EXTENSION_H -DTORCH_EXTENSION_NAME=libprimus_turbo_kernels
  [22/44] /opt/rocm-7.2.1/bin/hipcc  -I/perf_apps/xiaoming/MegaMoE/csrc -I/perf_apps/xiaoming/MegaMoE/csrc/include -I/perf_apps/xiaoming/MegaMoE/3rdparty/composable_kernel/include -I/opt/rocshmem/include -I/usr/lib/x86_64-linux-gnu/openmpi/include -I/opt/rocm/include -I/opt/venv/include -I/usr/include/python3.12 -c -c /perf_apps/xiaoming/MegaMoE/csrc/kernels/deep_ep/intranode.hip -o /perf_apps/xiaoming/MegaMoE/build/temp/csrc/kernels/deep_ep/intranode.o -D__HIP_PLATFORM_AMD__=1 -DUSE_ROCM=1 -DHIPBLAS_V2 -fPIC -DCUDA_HAS_FP16=1 -D__HIP_NO_HALF_OPERATORS__=1 -D__HIP_NO_HALF_CONVERSIONS__=1 -DHIP_ENABLE_WARP_SYNC_BUILTINS=1 -O3 -DHIP_ENABLE_WARP_SYNC_BUILTINS=1 -U__HIP_NO_HALF_OPERATORS__ -U__HIP_NO_HALF_CONVERSIONS__ -U__HIP_NO_BFLOAT16_OPERATORS__ -U__HIP_NO_BFLOAT16_CONVERSIONS__ -U__HIP_NO_BFLOAT162_OPERATORS__ -U__HIP_NO_BFLOAT162_CONVERSIONS__ -fno-offload-uniform-block -mllvm --lsr-drop-solution=1 -mllvm -enable-post-misched=0 -mllvm -amdgpu-early-inline-all=true -std=c++20 -fgpu-rdc -Wno-unknown-warning-option -DPRIMUS_TURBO_GFX950 --offload-arch=gfx950 -parallel-jobs=128 -DCK_TILE_USE_OCP_FP8 -fgpu-rdc -DTORCH_API_INCLUDE_EXTENSION_H -DTORCH_EXTENSION_NAME=libprimus_turbo_kernels
  [23/44] /opt/rocm-7.2.1/bin/hipcc  -I/perf_apps/xiaoming/MegaMoE/csrc -I/perf_apps/xiaoming/MegaMoE/csrc/include -I/perf_apps/xiaoming/MegaMoE/3rdparty/composable_kernel/include -I/opt/rocshmem/include -I/usr/lib/x86_64-linux-gnu/openmpi/include -I/opt/rocm/include -I/opt/venv/include -I/usr/include/python3.12 -c -c /perf_apps/xiaoming/MegaMoE/csrc/kernels/grouped_gemm/ck/ck_grouped_gemm_kernel_instance_factory.hip -o /perf_apps/xiaoming/MegaMoE/build/temp/csrc/kernels/grouped_gemm/ck/ck_grouped_gemm_kernel_instance_factory.o -D__HIP_PLATFORM_AMD__=1 -DUSE_ROCM=1 -DHIPBLAS_V2 -fPIC -DCUDA_HAS_FP16=1 -D__HIP_NO_HALF_OPERATORS__=1 -D__HIP_NO_HALF_CONVERSIONS__=1 -DHIP_ENABLE_WARP_SYNC_BUILTINS=1 -O3 -DHIP_ENABLE_WARP_SYNC_BUILTINS=1 -U__HIP_NO_HALF_OPERATORS__ -U__HIP_NO_HALF_CONVERSIONS__ -U__HIP_NO_BFLOAT16_OPERATORS__ -U__HIP_NO_BFLOAT16_CONVERSIONS__ -U__HIP_NO_BFLOAT162_OPERATORS__ -U__HIP_NO_BFLOAT162_CONVERSIONS__ -fno-offload-uniform-block -mllvm --lsr-drop-solution=1 -mllvm -enable-post-misched=0 -mllvm -amdgpu-early-inline-all=true -std=c++20 -fgpu-rdc -Wno-unknown-warning-option -DPRIMUS_TURBO_GFX950 --offload-arch=gfx950 -parallel-jobs=128 -DCK_TILE_USE_OCP_FP8 -fgpu-rdc -DTORCH_API_INCLUDE_EXTENSION_H -DTORCH_EXTENSION_NAME=libprimus_turbo_kernels
  [24/44] /opt/rocm-7.2.1/bin/hipcc  -I/perf_apps/xiaoming/MegaMoE/csrc -I/perf_apps/xiaoming/MegaMoE/csrc/include -I/perf_apps/xiaoming/MegaMoE/3rdparty/composable_kernel/include -I/opt/rocshmem/include -I/usr/lib/x86_64-linux-gnu/openmpi/include -I/opt/rocm/include -I/opt/venv/include -I/usr/include/python3.12 -c -c /perf_apps/xiaoming/MegaMoE/csrc/kernels/gemm/ck/ck_gemm_kernel_instance_factory.hip -o /perf_apps/xiaoming/MegaMoE/build/temp/csrc/kernels/gemm/ck/ck_gemm_kernel_instance_factory.o -D__HIP_PLATFORM_AMD__=1 -DUSE_ROCM=1 -DHIPBLAS_V2 -fPIC -DCUDA_HAS_FP16=1 -D__HIP_NO_HALF_OPERATORS__=1 -D__HIP_NO_HALF_CONVERSIONS__=1 -DHIP_ENABLE_WARP_SYNC_BUILTINS=1 -O3 -DHIP_ENABLE_WARP_SYNC_BUILTINS=1 -U__HIP_NO_HALF_OPERATORS__ -U__HIP_NO_HALF_CONVERSIONS__ -U__HIP_NO_BFLOAT16_OPERATORS__ -U__HIP_NO_BFLOAT16_CONVERSIONS__ -U__HIP_NO_BFLOAT162_OPERATORS__ -U__HIP_NO_BFLOAT162_CONVERSIONS__ -fno-offload-uniform-block -mllvm --lsr-drop-solution=1 -mllvm -enable-post-misched=0 -mllvm -amdgpu-early-inline-all=true -std=c++20 -fgpu-rdc -Wno-unknown-warning-option -DPRIMUS_TURBO_GFX950 --offload-arch=gfx950 -parallel-jobs=128 -DCK_TILE_USE_OCP_FP8 -fgpu-rdc -DTORCH_API_INCLUDE_EXTENSION_H -DTORCH_EXTENSION_NAME=libprimus_turbo_kernels
  [25/44] /opt/rocm-7.2.1/bin/hipcc  -I/perf_apps/xiaoming/MegaMoE/csrc -I/perf_apps/xiaoming/MegaMoE/csrc/include -I/perf_apps/xiaoming/MegaMoE/3rdparty/composable_kernel/include -I/opt/rocshmem/include -I/usr/lib/x86_64-linux-gnu/openmpi/include -I/opt/rocm/include -I/opt/venv/include -I/usr/include/python3.12 -c -c /perf_apps/xiaoming/MegaMoE/csrc/kernels/quantization/quantization_mxfp4.hip -o /perf_apps/xiaoming/MegaMoE/build/temp/csrc/kernels/quantization/quantization_mxfp4.o -D__HIP_PLATFORM_AMD__=1 -DUSE_ROCM=1 -DHIPBLAS_V2 -fPIC -DCUDA_HAS_FP16=1 -D__HIP_NO_HALF_OPERATORS__=1 -D__HIP_NO_HALF_CONVERSIONS__=1 -DHIP_ENABLE_WARP_SYNC_BUILTINS=1 -O3 -DHIP_ENABLE_WARP_SYNC_BUILTINS=1 -U__HIP_NO_HALF_OPERATORS__ -U__HIP_NO_HALF_CONVERSIONS__ -U__HIP_NO_BFLOAT16_OPERATORS__ -U__HIP_NO_BFLOAT16_CONVERSIONS__ -U__HIP_NO_BFLOAT162_OPERATORS__ -U__HIP_NO_BFLOAT162_CONVERSIONS__ -fno-offload-uniform-block -mllvm --lsr-drop-solution=1 -mllvm -enable-post-misched=0 -mllvm -amdgpu-early-inline-all=true -std=c++20 -fgpu-rdc -Wno-unknown-warning-option -DPRIMUS_TURBO_GFX950 --offload-arch=gfx950 -parallel-jobs=128 -DCK_TILE_USE_OCP_FP8 -fgpu-rdc -DTORCH_API_INCLUDE_EXTENSION_H -DTORCH_EXTENSION_NAME=libprimus_turbo_kernels
  [26/44] /opt/rocm-7.2.1/bin/hipcc  -I/perf_apps/xiaoming/MegaMoE/csrc -I/perf_apps/xiaoming/MegaMoE/csrc/include -I/perf_apps/xiaoming/MegaMoE/3rdparty/composable_kernel/include -I/opt/rocshmem/include -I/usr/lib/x86_64-linux-gnu/openmpi/include -I/opt/rocm/include -I/opt/venv/include -I/usr/include/python3.12 -c -c /perf_apps/xiaoming/MegaMoE/csrc/kernels/deep_ep/internode.hip -o /perf_apps/xiaoming/MegaMoE/build/temp/csrc/kernels/deep_ep/internode.o -D__HIP_PLATFORM_AMD__=1 -DUSE_ROCM=1 -DHIPBLAS_V2 -fPIC -DCUDA_HAS_FP16=1 -D__HIP_NO_HALF_OPERATORS__=1 -D__HIP_NO_HALF_CONVERSIONS__=1 -DHIP_ENABLE_WARP_SYNC_BUILTINS=1 -O3 -DHIP_ENABLE_WARP_SYNC_BUILTINS=1 -U__HIP_NO_HALF_OPERATORS__ -U__HIP_NO_HALF_CONVERSIONS__ -U__HIP_NO_BFLOAT16_OPERATORS__ -U__HIP_NO_BFLOAT16_CONVERSIONS__ -U__HIP_NO_BFLOAT162_OPERATORS__ -U__HIP_NO_BFLOAT162_CONVERSIONS__ -fno-offload-uniform-block -mllvm --lsr-drop-solution=1 -mllvm -enable-post-misched=0 -mllvm -amdgpu-early-inline-all=true -std=c++20 -fgpu-rdc -Wno-unknown-warning-option -DPRIMUS_TURBO_GFX950 --offload-arch=gfx950 -parallel-jobs=128 -DCK_TILE_USE_OCP_FP8 -fgpu-rdc -DTORCH_API_INCLUDE_EXTENSION_H -DTORCH_EXTENSION_NAME=libprimus_turbo_kernels
  [27/44] /opt/rocm-7.2.1/bin/hipcc  -I/perf_apps/xiaoming/MegaMoE/csrc -I/perf_apps/xiaoming/MegaMoE/csrc/include -I/perf_apps/xiaoming/MegaMoE/3rdparty/composable_kernel/include -I/opt/rocshmem/include -I/usr/lib/x86_64-linux-gnu/openmpi/include -I/opt/rocm/include -I/opt/venv/include -I/usr/include/python3.12 -c -c /perf_apps/xiaoming/MegaMoE/csrc/kernels/grouped_gemm/ck/instantiations/ck_grouped_gemm_kernel_fp16.hip -o /perf_apps/xiaoming/MegaMoE/build/temp/csrc/kernels/grouped_gemm/ck/instantiations/ck_grouped_gemm_kernel_fp16.o -D__HIP_PLATFORM_AMD__=1 -DUSE_ROCM=1 -DHIPBLAS_V2 -fPIC -DCUDA_HAS_FP16=1 -D__HIP_NO_HALF_OPERATORS__=1 -D__HIP_NO_HALF_CONVERSIONS__=1 -DHIP_ENABLE_WARP_SYNC_BUILTINS=1 -O3 -DHIP_ENABLE_WARP_SYNC_BUILTINS=1 -U__HIP_NO_HALF_OPERATORS__ -U__HIP_NO_HALF_CONVERSIONS__ -U__HIP_NO_BFLOAT16_OPERATORS__ -U__HIP_NO_BFLOAT16_CONVERSIONS__ -U__HIP_NO_BFLOAT162_OPERATORS__ -U__HIP_NO_BFLOAT162_CONVERSIONS__ -fno-offload-uniform-block -mllvm --lsr-drop-solution=1 -mllvm -enable-post-misched=0 -mllvm -amdgpu-early-inline-all=true -std=c++20 -fgpu-rdc -Wno-unknown-warning-option -DPRIMUS_TURBO_GFX950 --offload-arch=gfx950 -parallel-jobs=128 -DCK_TILE_USE_OCP_FP8 -fgpu-rdc -DTORCH_API_INCLUDE_EXTENSION_H -DTORCH_EXTENSION_NAME=libprimus_turbo_kernels
  [28/44] /opt/rocm-7.2.1/bin/hipcc  -I/perf_apps/xiaoming/MegaMoE/csrc -I/perf_apps/xiaoming/MegaMoE/csrc/include -I/perf_apps/xiaoming/MegaMoE/3rdparty/composable_kernel/include -I/opt/rocshmem/include -I/usr/lib/x86_64-linux-gnu/openmpi/include -I/opt/rocm/include -I/opt/venv/include -I/usr/include/python3.12 -c -c /perf_apps/xiaoming/MegaMoE/csrc/kernels/grouped_gemm/ck/instantiations/ck_grouped_gemm_kernel_bf16.hip -o /perf_apps/xiaoming/MegaMoE/build/temp/csrc/kernels/grouped_gemm/ck/instantiations/ck_grouped_gemm_kernel_bf16.o -D__HIP_PLATFORM_AMD__=1 -DUSE_ROCM=1 -DHIPBLAS_V2 -fPIC -DCUDA_HAS_FP16=1 -D__HIP_NO_HALF_OPERATORS__=1 -D__HIP_NO_HALF_CONVERSIONS__=1 -DHIP_ENABLE_WARP_SYNC_BUILTINS=1 -O3 -DHIP_ENABLE_WARP_SYNC_BUILTINS=1 -U__HIP_NO_HALF_OPERATORS__ -U__HIP_NO_HALF_CONVERSIONS__ -U__HIP_NO_BFLOAT16_OPERATORS__ -U__HIP_NO_BFLOAT16_CONVERSIONS__ -U__HIP_NO_BFLOAT162_OPERATORS__ -U__HIP_NO_BFLOAT162_CONVERSIONS__ -fno-offload-uniform-block -mllvm --lsr-drop-solution=1 -mllvm -enable-post-misched=0 -mllvm -amdgpu-early-inline-all=true -std=c++20 -fgpu-rdc -Wno-unknown-warning-option -DPRIMUS_TURBO_GFX950 --offload-arch=gfx950 -parallel-jobs=128 -DCK_TILE_USE_OCP_FP8 -fgpu-rdc -DTORCH_API_INCLUDE_EXTENSION_H -DTORCH_EXTENSION_NAME=libprimus_turbo_kernels
  [29/44] /opt/rocm-7.2.1/bin/hipcc  -I/perf_apps/xiaoming/MegaMoE/csrc -I/perf_apps/xiaoming/MegaMoE/csrc/include -I/perf_apps/xiaoming/MegaMoE/3rdparty/composable_kernel/include -I/opt/rocshmem/include -I/usr/lib/x86_64-linux-gnu/openmpi/include -I/opt/rocm/include -I/opt/venv/include -I/usr/include/python3.12 -c -c /perf_apps/xiaoming/MegaMoE/csrc/kernels/grouped_gemm/ck/instantiations/ck_grouped_gemm_kernel_fp8_e4m3_bf16_gfx950.hip -o /perf_apps/xiaoming/MegaMoE/build/temp/csrc/kernels/grouped_gemm/ck/instantiations/ck_grouped_gemm_kernel_fp8_e4m3_bf16_gfx950.o -D__HIP_PLATFORM_AMD__=1 -DUSE_ROCM=1 -DHIPBLAS_V2 -fPIC -DCUDA_HAS_FP16=1 -D__HIP_NO_HALF_OPERATORS__=1 -D__HIP_NO_HALF_CONVERSIONS__=1 -DHIP_ENABLE_WARP_SYNC_BUILTINS=1 -O3 -DHIP_ENABLE_WARP_SYNC_BUILTINS=1 -U__HIP_NO_HALF_OPERATORS__ -U__HIP_NO_HALF_CONVERSIONS__ -U__HIP_NO_BFLOAT16_OPERATORS__ -U__HIP_NO_BFLOAT16_CONVERSIONS__ -U__HIP_NO_BFLOAT162_OPERATORS__ -U__HIP_NO_BFLOAT162_CONVERSIONS__ -fno-offload-uniform-block -mllvm --lsr-drop-solution=1 -mllvm -enable-post-misched=0 -mllvm -amdgpu-early-inline-all=true -std=c++20 -fgpu-rdc -Wno-unknown-warning-option -parallel-jobs=128 -DCK_TILE_USE_OCP_FP8 -fgpu-rdc -DTORCH_API_INCLUDE_EXTENSION_H -DTORCH_EXTENSION_NAME=libprimus_turbo_kernels --offload-arch=gfx950 -DPRIMUS_TURBO_GFX950
  [30/44] /opt/rocm-7.2.1/bin/hipcc  -I/perf_apps/xiaoming/MegaMoE/csrc -I/perf_apps/xiaoming/MegaMoE/csrc/include -I/perf_apps/xiaoming/MegaMoE/3rdparty/composable_kernel/include -I/opt/rocshmem/include -I/usr/lib/x86_64-linux-gnu/openmpi/include -I/opt/rocm/include -I/opt/venv/include -I/usr/include/python3.12 -c -c /perf_apps/xiaoming/MegaMoE/csrc/kernels/grouped_gemm/ck/instantiations/ck_grouped_gemm_kernel_fp8_e5m2_bf16_gfx950.hip -o /perf_apps/xiaoming/MegaMoE/build/temp/csrc/kernels/grouped_gemm/ck/instantiations/ck_grouped_gemm_kernel_fp8_e5m2_bf16_gfx950.o -D__HIP_PLATFORM_AMD__=1 -DUSE_ROCM=1 -DHIPBLAS_V2 -fPIC -DCUDA_HAS_FP16=1 -D__HIP_NO_HALF_OPERATORS__=1 -D__HIP_NO_HALF_CONVERSIONS__=1 -DHIP_ENABLE_WARP_SYNC_BUILTINS=1 -O3 -DHIP_ENABLE_WARP_SYNC_BUILTINS=1 -U__HIP_NO_HALF_OPERATORS__ -U__HIP_NO_HALF_CONVERSIONS__ -U__HIP_NO_BFLOAT16_OPERATORS__ -U__HIP_NO_BFLOAT16_CONVERSIONS__ -U__HIP_NO_BFLOAT162_OPERATORS__ -U__HIP_NO_BFLOAT162_CONVERSIONS__ -fno-offload-uniform-block -mllvm --lsr-drop-solution=1 -mllvm -enable-post-misched=0 -mllvm -amdgpu-early-inline-all=true -std=c++20 -fgpu-rdc -Wno-unknown-warning-option -parallel-jobs=128 -DCK_TILE_USE_OCP_FP8 -fgpu-rdc -DTORCH_API_INCLUDE_EXTENSION_H -DTORCH_EXTENSION_NAME=libprimus_turbo_kernels --offload-arch=gfx950 -DPRIMUS_TURBO_GFX950
  [31/44] /opt/rocm-7.2.1/bin/hipcc  -I/perf_apps/xiaoming/MegaMoE/csrc -I/perf_apps/xiaoming/MegaMoE/csrc/include -I/perf_apps/xiaoming/MegaMoE/3rdparty/composable_kernel/include -I/opt/rocshmem/include -I/usr/lib/x86_64-linux-gnu/openmpi/include -I/opt/rocm/include -I/opt/venv/include -I/usr/include/python3.12 -c -c /perf_apps/xiaoming/MegaMoE/csrc/kernels/grouped_gemm/ck/instantiations/ck_grouped_gemm_kernel_fp8_e5m2_fp16_gfx950.hip -o /perf_apps/xiaoming/MegaMoE/build/temp/csrc/kernels/grouped_gemm/ck/instantiations/ck_grouped_gemm_kernel_fp8_e5m2_fp16_gfx950.o -D__HIP_PLATFORM_AMD__=1 -DUSE_ROCM=1 -DHIPBLAS_V2 -fPIC -DCUDA_HAS_FP16=1 -D__HIP_NO_HALF_OPERATORS__=1 -D__HIP_NO_HALF_CONVERSIONS__=1 -DHIP_ENABLE_WARP_SYNC_BUILTINS=1 -O3 -DHIP_ENABLE_WARP_SYNC_BUILTINS=1 -U__HIP_NO_HALF_OPERATORS__ -U__HIP_NO_HALF_CONVERSIONS__ -U__HIP_NO_BFLOAT16_OPERATORS__ -U__HIP_NO_BFLOAT16_CONVERSIONS__ -U__HIP_NO_BFLOAT162_OPERATORS__ -U__HIP_NO_BFLOAT162_CONVERSIONS__ -fno-offload-uniform-block -mllvm --lsr-drop-solution=1 -mllvm -enable-post-misched=0 -mllvm -amdgpu-early-inline-all=true -std=c++20 -fgpu-rdc -Wno-unknown-warning-option -parallel-jobs=128 -DCK_TILE_USE_OCP_FP8 -fgpu-rdc -DTORCH_API_INCLUDE_EXTENSION_H -DTORCH_EXTENSION_NAME=libprimus_turbo_kernels --offload-arch=gfx950 -DPRIMUS_TURBO_GFX950
  [32/44] /opt/rocm-7.2.1/bin/hipcc  -I/perf_apps/xiaoming/MegaMoE/csrc -I/perf_apps/xiaoming/MegaMoE/csrc/include -I/perf_apps/xiaoming/MegaMoE/3rdparty/composable_kernel/include -I/opt/rocshmem/include -I/usr/lib/x86_64-linux-gnu/openmpi/include -I/opt/rocm/include -I/opt/venv/include -I/usr/include/python3.12 -c -c /perf_apps/xiaoming/MegaMoE/csrc/kernels/grouped_gemm/ck/instantiations/ck_grouped_gemm_kernel_fp8_e4m3_fp16_gfx950.hip -o /perf_apps/xiaoming/MegaMoE/build/temp/csrc/kernels/grouped_gemm/ck/instantiations/ck_grouped_gemm_kernel_fp8_e4m3_fp16_gfx950.o -D__HIP_PLATFORM_AMD__=1 -DUSE_ROCM=1 -DHIPBLAS_V2 -fPIC -DCUDA_HAS_FP16=1 -D__HIP_NO_HALF_OPERATORS__=1 -D__HIP_NO_HALF_CONVERSIONS__=1 -DHIP_ENABLE_WARP_SYNC_BUILTINS=1 -O3 -DHIP_ENABLE_WARP_SYNC_BUILTINS=1 -U__HIP_NO_HALF_OPERATORS__ -U__HIP_NO_HALF_CONVERSIONS__ -U__HIP_NO_BFLOAT16_OPERATORS__ -U__HIP_NO_BFLOAT16_CONVERSIONS__ -U__HIP_NO_BFLOAT162_OPERATORS__ -U__HIP_NO_BFLOAT162_CONVERSIONS__ -fno-offload-uniform-block -mllvm --lsr-drop-solution=1 -mllvm -enable-post-misched=0 -mllvm -amdgpu-early-inline-all=true -std=c++20 -fgpu-rdc -Wno-unknown-warning-option -parallel-jobs=128 -DCK_TILE_USE_OCP_FP8 -fgpu-rdc -DTORCH_API_INCLUDE_EXTENSION_H -DTORCH_EXTENSION_NAME=libprimus_turbo_kernels --offload-arch=gfx950 -DPRIMUS_TURBO_GFX950
  [33/44] /opt/rocm-7.2.1/bin/hipcc  -I/perf_apps/xiaoming/MegaMoE/csrc -I/perf_apps/xiaoming/MegaMoE/csrc/include -I/perf_apps/xiaoming/MegaMoE/3rdparty/composable_kernel/include -I/opt/rocshmem/include -I/usr/lib/x86_64-linux-gnu/openmpi/include -I/opt/rocm/include -I/opt/venv/include -I/usr/include/python3.12 -c -c /perf_apps/xiaoming/MegaMoE/csrc/kernels/grouped_gemm/ck/instantiations/ck_grouped_gemm_kernel_fp8_e5m2xe4m3_bf16_gfx950.hip -o /perf_apps/xiaoming/MegaMoE/build/temp/csrc/kernels/grouped_gemm/ck/instantiations/ck_grouped_gemm_kernel_fp8_e5m2xe4m3_bf16_gfx950.o -D__HIP_PLATFORM_AMD__=1 -DUSE_ROCM=1 -DHIPBLAS_V2 -fPIC -DCUDA_HAS_FP16=1 -D__HIP_NO_HALF_OPERATORS__=1 -D__HIP_NO_HALF_CONVERSIONS__=1 -DHIP_ENABLE_WARP_SYNC_BUILTINS=1 -O3 -DHIP_ENABLE_WARP_SYNC_BUILTINS=1 -U__HIP_NO_HALF_OPERATORS__ -U__HIP_NO_HALF_CONVERSIONS__ -U__HIP_NO_BFLOAT16_OPERATORS__ -U__HIP_NO_BFLOAT16_CONVERSIONS__ -U__HIP_NO_BFLOAT162_OPERATORS__ -U__HIP_NO_BFLOAT162_CONVERSIONS__ -fno-offload-uniform-block -mllvm --lsr-drop-solution=1 -mllvm -enable-post-misched=0 -mllvm -amdgpu-early-inline-all=true -std=c++20 -fgpu-rdc -Wno-unknown-warning-option -parallel-jobs=128 -DCK_TILE_USE_OCP_FP8 -fgpu-rdc -DTORCH_API_INCLUDE_EXTENSION_H -DTORCH_EXTENSION_NAME=libprimus_turbo_kernels --offload-arch=gfx950 -DPRIMUS_TURBO_GFX950
  [34/44] /opt/rocm-7.2.1/bin/hipcc  -I/perf_apps/xiaoming/MegaMoE/csrc -I/perf_apps/xiaoming/MegaMoE/csrc/include -I/perf_apps/xiaoming/MegaMoE/3rdparty/composable_kernel/include -I/opt/rocshmem/include -I/usr/lib/x86_64-linux-gnu/openmpi/include -I/opt/rocm/include -I/opt/venv/include -I/usr/include/python3.12 -c -c /perf_apps/xiaoming/MegaMoE/csrc/kernels/grouped_gemm/ck/instantiations/ck_grouped_gemm_kernel_fp8_e5m2xe4m3_fp16_gfx950.hip -o /perf_apps/xiaoming/MegaMoE/build/temp/csrc/kernels/grouped_gemm/ck/instantiations/ck_grouped_gemm_kernel_fp8_e5m2xe4m3_fp16_gfx950.o -D__HIP_PLATFORM_AMD__=1 -DUSE_ROCM=1 -DHIPBLAS_V2 -fPIC -DCUDA_HAS_FP16=1 -D__HIP_NO_HALF_OPERATORS__=1 -D__HIP_NO_HALF_CONVERSIONS__=1 -DHIP_ENABLE_WARP_SYNC_BUILTINS=1 -O3 -DHIP_ENABLE_WARP_SYNC_BUILTINS=1 -U__HIP_NO_HALF_OPERATORS__ -U__HIP_NO_HALF_CONVERSIONS__ -U__HIP_NO_BFLOAT16_OPERATORS__ -U__HIP_NO_BFLOAT16_CONVERSIONS__ -U__HIP_NO_BFLOAT162_OPERATORS__ -U__HIP_NO_BFLOAT162_CONVERSIONS__ -fno-offload-uniform-block -mllvm --lsr-drop-solution=1 -mllvm -enable-post-misched=0 -mllvm -amdgpu-early-inline-all=true -std=c++20 -fgpu-rdc -Wno-unknown-warning-option -parallel-jobs=128 -DCK_TILE_USE_OCP_FP8 -fgpu-rdc -DTORCH_API_INCLUDE_EXTENSION_H -DTORCH_EXTENSION_NAME=libprimus_turbo_kernels --offload-arch=gfx950 -DPRIMUS_TURBO_GFX950
  [35/44] /opt/rocm-7.2.1/bin/hipcc  -I/perf_apps/xiaoming/MegaMoE/csrc -I/perf_apps/xiaoming/MegaMoE/csrc/include -I/perf_apps/xiaoming/MegaMoE/3rdparty/composable_kernel/include -I/opt/rocshmem/include -I/usr/lib/x86_64-linux-gnu/openmpi/include -I/opt/rocm/include -I/opt/venv/include -I/usr/include/python3.12 -c -c /perf_apps/xiaoming/MegaMoE/csrc/kernels/grouped_gemm/ck/instantiations/ck_grouped_gemm_kernel_fp8_e4m3xe5m2_fp16_gfx950.hip -o /perf_apps/xiaoming/MegaMoE/build/temp/csrc/kernels/grouped_gemm/ck/instantiations/ck_grouped_gemm_kernel_fp8_e4m3xe5m2_fp16_gfx950.o -D__HIP_PLATFORM_AMD__=1 -DUSE_ROCM=1 -DHIPBLAS_V2 -fPIC -DCUDA_HAS_FP16=1 -D__HIP_NO_HALF_OPERATORS__=1 -D__HIP_NO_HALF_CONVERSIONS__=1 -DHIP_ENABLE_WARP_SYNC_BUILTINS=1 -O3 -DHIP_ENABLE_WARP_SYNC_BUILTINS=1 -U__HIP_NO_HALF_OPERATORS__ -U__HIP_NO_HALF_CONVERSIONS__ -U__HIP_NO_BFLOAT16_OPERATORS__ -U__HIP_NO_BFLOAT16_CONVERSIONS__ -U__HIP_NO_BFLOAT162_OPERATORS__ -U__HIP_NO_BFLOAT162_CONVERSIONS__ -fno-offload-uniform-block -mllvm --lsr-drop-solution=1 -mllvm -enable-post-misched=0 -mllvm -amdgpu-early-inline-all=true -std=c++20 -fgpu-rdc -Wno-unknown-warning-option -parallel-jobs=128 -DCK_TILE_USE_OCP_FP8 -fgpu-rdc -DTORCH_API_INCLUDE_EXTENSION_H -DTORCH_EXTENSION_NAME=libprimus_turbo_kernels --offload-arch=gfx950 -DPRIMUS_TURBO_GFX950
  [36/44] /opt/rocm-7.2.1/bin/hipcc  -I/perf_apps/xiaoming/MegaMoE/csrc -I/perf_apps/xiaoming/MegaMoE/csrc/include -I/perf_apps/xiaoming/MegaMoE/3rdparty/composable_kernel/include -I/opt/rocshmem/include -I/usr/lib/x86_64-linux-gnu/openmpi/include -I/opt/rocm/include -I/opt/venv/include -I/usr/include/python3.12 -c -c /perf_apps/xiaoming/MegaMoE/csrc/kernels/grouped_gemm/ck/instantiations/ck_grouped_gemm_kernel_fp8_e4m3xe5m2_bf16_gfx950.hip -o /perf_apps/xiaoming/MegaMoE/build/temp/csrc/kernels/grouped_gemm/ck/instantiations/ck_grouped_gemm_kernel_fp8_e4m3xe5m2_bf16_gfx950.o -D__HIP_PLATFORM_AMD__=1 -DUSE_ROCM=1 -DHIPBLAS_V2 -fPIC -DCUDA_HAS_FP16=1 -D__HIP_NO_HALF_OPERATORS__=1 -D__HIP_NO_HALF_CONVERSIONS__=1 -DHIP_ENABLE_WARP_SYNC_BUILTINS=1 -O3 -DHIP_ENABLE_WARP_SYNC_BUILTINS=1 -U__HIP_NO_HALF_OPERATORS__ -U__HIP_NO_HALF_CONVERSIONS__ -U__HIP_NO_BFLOAT16_OPERATORS__ -U__HIP_NO_BFLOAT16_CONVERSIONS__ -U__HIP_NO_BFLOAT162_OPERATORS__ -U__HIP_NO_BFLOAT162_CONVERSIONS__ -fno-offload-uniform-block -mllvm --lsr-drop-solution=1 -mllvm -enable-post-misched=0 -mllvm -amdgpu-early-inline-all=true -std=c++20 -fgpu-rdc -Wno-unknown-warning-option -parallel-jobs=128 -DCK_TILE_USE_OCP_FP8 -fgpu-rdc -DTORCH_API_INCLUDE_EXTENSION_H -DTORCH_EXTENSION_NAME=libprimus_turbo_kernels --offload-arch=gfx950 -DPRIMUS_TURBO_GFX950
  [37/44] /opt/rocm-7.2.1/bin/hipcc  -I/perf_apps/xiaoming/MegaMoE/csrc -I/perf_apps/xiaoming/MegaMoE/csrc/include -I/perf_apps/xiaoming/MegaMoE/3rdparty/composable_kernel/include -I/opt/rocshmem/include -I/usr/lib/x86_64-linux-gnu/openmpi/include -I/opt/rocm/include -I/opt/venv/include -I/usr/include/python3.12 -c -c /perf_apps/xiaoming/MegaMoE/csrc/kernels/gemm/ck/instantiations/ck_gemm_kernel_fp8_e4m3_fp16_gfx950.hip -o /perf_apps/xiaoming/MegaMoE/build/temp/csrc/kernels/gemm/ck/instantiations/ck_gemm_kernel_fp8_e4m3_fp16_gfx950.o -D__HIP_PLATFORM_AMD__=1 -DUSE_ROCM=1 -DHIPBLAS_V2 -fPIC -DCUDA_HAS_FP16=1 -D__HIP_NO_HALF_OPERATORS__=1 -D__HIP_NO_HALF_CONVERSIONS__=1 -DHIP_ENABLE_WARP_SYNC_BUILTINS=1 -O3 -DHIP_ENABLE_WARP_SYNC_BUILTINS=1 -U__HIP_NO_HALF_OPERATORS__ -U__HIP_NO_HALF_CONVERSIONS__ -U__HIP_NO_BFLOAT16_OPERATORS__ -U__HIP_NO_BFLOAT16_CONVERSIONS__ -U__HIP_NO_BFLOAT162_OPERATORS__ -U__HIP_NO_BFLOAT162_CONVERSIONS__ -fno-offload-uniform-block -mllvm --lsr-drop-solution=1 -mllvm -enable-post-misched=0 -mllvm -amdgpu-early-inline-all=true -std=c++20 -fgpu-rdc -Wno-unknown-warning-option -parallel-jobs=128 -DCK_TILE_USE_OCP_FP8 -fgpu-rdc -DTORCH_API_INCLUDE_EXTENSION_H -DTORCH_EXTENSION_NAME=libprimus_turbo_kernels --offload-arch=gfx950 -DPRIMUS_TURBO_GFX950
  [38/44] /opt/rocm-7.2.1/bin/hipcc  -I/perf_apps/xiaoming/MegaMoE/csrc -I/perf_apps/xiaoming/MegaMoE/csrc/include -I/perf_apps/xiaoming/MegaMoE/3rdparty/composable_kernel/include -I/opt/rocshmem/include -I/usr/lib/x86_64-linux-gnu/openmpi/include -I/opt/rocm/include -I/opt/venv/include -I/usr/include/python3.12 -c -c /perf_apps/xiaoming/MegaMoE/csrc/kernels/gemm/ck/instantiations/ck_gemm_kernel_fp8_e5m2_bf16_gfx950.hip -o /perf_apps/xiaoming/MegaMoE/build/temp/csrc/kernels/gemm/ck/instantiations/ck_gemm_kernel_fp8_e5m2_bf16_gfx950.o -D__HIP_PLATFORM_AMD__=1 -DUSE_ROCM=1 -DHIPBLAS_V2 -fPIC -DCUDA_HAS_FP16=1 -D__HIP_NO_HALF_OPERATORS__=1 -D__HIP_NO_HALF_CONVERSIONS__=1 -DHIP_ENABLE_WARP_SYNC_BUILTINS=1 -O3 -DHIP_ENABLE_WARP_SYNC_BUILTINS=1 -U__HIP_NO_HALF_OPERATORS__ -U__HIP_NO_HALF_CONVERSIONS__ -U__HIP_NO_BFLOAT16_OPERATORS__ -U__HIP_NO_BFLOAT16_CONVERSIONS__ -U__HIP_NO_BFLOAT162_OPERATORS__ -U__HIP_NO_BFLOAT162_CONVERSIONS__ -fno-offload-uniform-block -mllvm --lsr-drop-solution=1 -mllvm -enable-post-misched=0 -mllvm -amdgpu-early-inline-all=true -std=c++20 -fgpu-rdc -Wno-unknown-warning-option -parallel-jobs=128 -DCK_TILE_USE_OCP_FP8 -fgpu-rdc -DTORCH_API_INCLUDE_EXTENSION_H -DTORCH_EXTENSION_NAME=libprimus_turbo_kernels --offload-arch=gfx950 -DPRIMUS_TURBO_GFX950
  [39/44] /opt/rocm-7.2.1/bin/hipcc  -I/perf_apps/xiaoming/MegaMoE/csrc -I/perf_apps/xiaoming/MegaMoE/csrc/include -I/perf_apps/xiaoming/MegaMoE/3rdparty/composable_kernel/include -I/opt/rocshmem/include -I/usr/lib/x86_64-linux-gnu/openmpi/include -I/opt/rocm/include -I/opt/venv/include -I/usr/include/python3.12 -c -c /perf_apps/xiaoming/MegaMoE/csrc/kernels/gemm/ck/instantiations/ck_gemm_kernel_fp8_e4m3_bf16_gfx950.hip -o /perf_apps/xiaoming/MegaMoE/build/temp/csrc/kernels/gemm/ck/instantiations/ck_gemm_kernel_fp8_e4m3_bf16_gfx950.o -D__HIP_PLATFORM_AMD__=1 -DUSE_ROCM=1 -DHIPBLAS_V2 -fPIC -DCUDA_HAS_FP16=1 -D__HIP_NO_HALF_OPERATORS__=1 -D__HIP_NO_HALF_CONVERSIONS__=1 -DHIP_ENABLE_WARP_SYNC_BUILTINS=1 -O3 -DHIP_ENABLE_WARP_SYNC_BUILTINS=1 -U__HIP_NO_HALF_OPERATORS__ -U__HIP_NO_HALF_CONVERSIONS__ -U__HIP_NO_BFLOAT16_OPERATORS__ -U__HIP_NO_BFLOAT16_CONVERSIONS__ -U__HIP_NO_BFLOAT162_OPERATORS__ -U__HIP_NO_BFLOAT162_CONVERSIONS__ -fno-offload-uniform-block -mllvm --lsr-drop-solution=1 -mllvm -enable-post-misched=0 -mllvm -amdgpu-early-inline-all=true -std=c++20 -fgpu-rdc -Wno-unknown-warning-option -parallel-jobs=128 -DCK_TILE_USE_OCP_FP8 -fgpu-rdc -DTORCH_API_INCLUDE_EXTENSION_H -DTORCH_EXTENSION_NAME=libprimus_turbo_kernels --offload-arch=gfx950 -DPRIMUS_TURBO_GFX950
  [40/44] /opt/rocm-7.2.1/bin/hipcc  -I/perf_apps/xiaoming/MegaMoE/csrc -I/perf_apps/xiaoming/MegaMoE/csrc/include -I/perf_apps/xiaoming/MegaMoE/3rdparty/composable_kernel/include -I/opt/rocshmem/include -I/usr/lib/x86_64-linux-gnu/openmpi/include -I/opt/rocm/include -I/opt/venv/include -I/usr/include/python3.12 -c -c /perf_apps/xiaoming/MegaMoE/csrc/kernels/gemm/ck/instantiations/ck_gemm_kernel_fp8_e5m2_fp16_gfx950.hip -o /perf_apps/xiaoming/MegaMoE/build/temp/csrc/kernels/gemm/ck/instantiations/ck_gemm_kernel_fp8_e5m2_fp16_gfx950.o -D__HIP_PLATFORM_AMD__=1 -DUSE_ROCM=1 -DHIPBLAS_V2 -fPIC -DCUDA_HAS_FP16=1 -D__HIP_NO_HALF_OPERATORS__=1 -D__HIP_NO_HALF_CONVERSIONS__=1 -DHIP_ENABLE_WARP_SYNC_BUILTINS=1 -O3 -DHIP_ENABLE_WARP_SYNC_BUILTINS=1 -U__HIP_NO_HALF_OPERATORS__ -U__HIP_NO_HALF_CONVERSIONS__ -U__HIP_NO_BFLOAT16_OPERATORS__ -U__HIP_NO_BFLOAT16_CONVERSIONS__ -U__HIP_NO_BFLOAT162_OPERATORS__ -U__HIP_NO_BFLOAT162_CONVERSIONS__ -fno-offload-uniform-block -mllvm --lsr-drop-solution=1 -mllvm -enable-post-misched=0 -mllvm -amdgpu-early-inline-all=true -std=c++20 -fgpu-rdc -Wno-unknown-warning-option -parallel-jobs=128 -DCK_TILE_USE_OCP_FP8 -fgpu-rdc -DTORCH_API_INCLUDE_EXTENSION_H -DTORCH_EXTENSION_NAME=libprimus_turbo_kernels --offload-arch=gfx950 -DPRIMUS_TURBO_GFX950
  [41/44] /opt/rocm-7.2.1/bin/hipcc  -I/perf_apps/xiaoming/MegaMoE/csrc -I/perf_apps/xiaoming/MegaMoE/csrc/include -I/perf_apps/xiaoming/MegaMoE/3rdparty/composable_kernel/include -I/opt/rocshmem/include -I/usr/lib/x86_64-linux-gnu/openmpi/include -I/opt/rocm/include -I/opt/venv/include -I/usr/include/python3.12 -c -c /perf_apps/xiaoming/MegaMoE/csrc/kernels/gemm/ck/instantiations/ck_gemm_kernel_fp8_e4m3xe5m2_fp16_gfx950.hip -o /perf_apps/xiaoming/MegaMoE/build/temp/csrc/kernels/gemm/ck/instantiations/ck_gemm_kernel_fp8_e4m3xe5m2_fp16_gfx950.o -D__HIP_PLATFORM_AMD__=1 -DUSE_ROCM=1 -DHIPBLAS_V2 -fPIC -DCUDA_HAS_FP16=1 -D__HIP_NO_HALF_OPERATORS__=1 -D__HIP_NO_HALF_CONVERSIONS__=1 -DHIP_ENABLE_WARP_SYNC_BUILTINS=1 -O3 -DHIP_ENABLE_WARP_SYNC_BUILTINS=1 -U__HIP_NO_HALF_OPERATORS__ -U__HIP_NO_HALF_CONVERSIONS__ -U__HIP_NO_BFLOAT16_OPERATORS__ -U__HIP_NO_BFLOAT16_CONVERSIONS__ -U__HIP_NO_BFLOAT162_OPERATORS__ -U__HIP_NO_BFLOAT162_CONVERSIONS__ -fno-offload-uniform-block -mllvm --lsr-drop-solution=1 -mllvm -enable-post-misched=0 -mllvm -amdgpu-early-inline-all=true -std=c++20 -fgpu-rdc -Wno-unknown-warning-option -parallel-jobs=128 -DCK_TILE_USE_OCP_FP8 -fgpu-rdc -DTORCH_API_INCLUDE_EXTENSION_H -DTORCH_EXTENSION_NAME=libprimus_turbo_kernels --offload-arch=gfx950 -DPRIMUS_TURBO_GFX950
  [42/44] /opt/rocm-7.2.1/bin/hipcc  -I/perf_apps/xiaoming/MegaMoE/csrc -I/perf_apps/xiaoming/MegaMoE/csrc/include -I/perf_apps/xiaoming/MegaMoE/3rdparty/composable_kernel/include -I/opt/rocshmem/include -I/usr/lib/x86_64-linux-gnu/openmpi/include -I/opt/rocm/include -I/opt/venv/include -I/usr/include/python3.12 -c -c /perf_apps/xiaoming/MegaMoE/csrc/kernels/gemm/ck/instantiations/ck_gemm_kernel_fp8_e5m2xe4m3_bf16_gfx950.hip -o /perf_apps/xiaoming/MegaMoE/build/temp/csrc/kernels/gemm/ck/instantiations/ck_gemm_kernel_fp8_e5m2xe4m3_bf16_gfx950.o -D__HIP_PLATFORM_AMD__=1 -DUSE_ROCM=1 -DHIPBLAS_V2 -fPIC -DCUDA_HAS_FP16=1 -D__HIP_NO_HALF_OPERATORS__=1 -D__HIP_NO_HALF_CONVERSIONS__=1 -DHIP_ENABLE_WARP_SYNC_BUILTINS=1 -O3 -DHIP_ENABLE_WARP_SYNC_BUILTINS=1 -U__HIP_NO_HALF_OPERATORS__ -U__HIP_NO_HALF_CONVERSIONS__ -U__HIP_NO_BFLOAT16_OPERATORS__ -U__HIP_NO_BFLOAT16_CONVERSIONS__ -U__HIP_NO_BFLOAT162_OPERATORS__ -U__HIP_NO_BFLOAT162_CONVERSIONS__ -fno-offload-uniform-block -mllvm --lsr-drop-solution=1 -mllvm -enable-post-misched=0 -mllvm -amdgpu-early-inline-all=true -std=c++20 -fgpu-rdc -Wno-unknown-warning-option -parallel-jobs=128 -DCK_TILE_USE_OCP_FP8 -fgpu-rdc -DTORCH_API_INCLUDE_EXTENSION_H -DTORCH_EXTENSION_NAME=libprimus_turbo_kernels --offload-arch=gfx950 -DPRIMUS_TURBO_GFX950
  [43/44] /opt/rocm-7.2.1/bin/hipcc  -I/perf_apps/xiaoming/MegaMoE/csrc -I/perf_apps/xiaoming/MegaMoE/csrc/include -I/perf_apps/xiaoming/MegaMoE/3rdparty/composable_kernel/include -I/opt/rocshmem/include -I/usr/lib/x86_64-linux-gnu/openmpi/include -I/opt/rocm/include -I/opt/venv/include -I/usr/include/python3.12 -c -c /perf_apps/xiaoming/MegaMoE/csrc/kernels/gemm/ck/instantiations/ck_gemm_kernel_fp8_e5m2xe4m3_fp16_gfx950.hip -o /perf_apps/xiaoming/MegaMoE/build/temp/csrc/kernels/gemm/ck/instantiations/ck_gemm_kernel_fp8_e5m2xe4m3_fp16_gfx950.o -D__HIP_PLATFORM_AMD__=1 -DUSE_ROCM=1 -DHIPBLAS_V2 -fPIC -DCUDA_HAS_FP16=1 -D__HIP_NO_HALF_OPERATORS__=1 -D__HIP_NO_HALF_CONVERSIONS__=1 -DHIP_ENABLE_WARP_SYNC_BUILTINS=1 -O3 -DHIP_ENABLE_WARP_SYNC_BUILTINS=1 -U__HIP_NO_HALF_OPERATORS__ -U__HIP_NO_HALF_CONVERSIONS__ -U__HIP_NO_BFLOAT16_OPERATORS__ -U__HIP_NO_BFLOAT16_CONVERSIONS__ -U__HIP_NO_BFLOAT162_OPERATORS__ -U__HIP_NO_BFLOAT162_CONVERSIONS__ -fno-offload-uniform-block -mllvm --lsr-drop-solution=1 -mllvm -enable-post-misched=0 -mllvm -amdgpu-early-inline-all=true -std=c++20 -fgpu-rdc -Wno-unknown-warning-option -parallel-jobs=128 -DCK_TILE_USE_OCP_FP8 -fgpu-rdc -DTORCH_API_INCLUDE_EXTENSION_H -DTORCH_EXTENSION_NAME=libprimus_turbo_kernels --offload-arch=gfx950 -DPRIMUS_TURBO_GFX950
  [44/44] /opt/rocm-7.2.1/bin/hipcc  -I/perf_apps/xiaoming/MegaMoE/csrc -I/perf_apps/xiaoming/MegaMoE/csrc/include -I/perf_apps/xiaoming/MegaMoE/3rdparty/composable_kernel/include -I/opt/rocshmem/include -I/usr/lib/x86_64-linux-gnu/openmpi/include -I/opt/rocm/include -I/opt/venv/include -I/usr/include/python3.12 -c -c /perf_apps/xiaoming/MegaMoE/csrc/kernels/gemm/ck/instantiations/ck_gemm_kernel_fp8_e4m3xe5m2_bf16_gfx950.hip -o /perf_apps/xiaoming/MegaMoE/build/temp/csrc/kernels/gemm/ck/instantiations/ck_gemm_kernel_fp8_e4m3xe5m2_bf16_gfx950.o -D__HIP_PLATFORM_AMD__=1 -DUSE_ROCM=1 -DHIPBLAS_V2 -fPIC -DCUDA_HAS_FP16=1 -D__HIP_NO_HALF_OPERATORS__=1 -D__HIP_NO_HALF_CONVERSIONS__=1 -DHIP_ENABLE_WARP_SYNC_BUILTINS=1 -O3 -DHIP_ENABLE_WARP_SYNC_BUILTINS=1 -U__HIP_NO_HALF_OPERATORS__ -U__HIP_NO_HALF_CONVERSIONS__ -U__HIP_NO_BFLOAT16_OPERATORS__ -U__HIP_NO_BFLOAT16_CONVERSIONS__ -U__HIP_NO_BFLOAT162_OPERATORS__ -U__HIP_NO_BFLOAT162_CONVERSIONS__ -fno-offload-uniform-block -mllvm --lsr-drop-solution=1 -mllvm -enable-post-misched=0 -mllvm -amdgpu-early-inline-all=true -std=c++20 -fgpu-rdc -Wno-unknown-warning-option -parallel-jobs=128 -DCK_TILE_USE_OCP_FP8 -fgpu-rdc -DTORCH_API_INCLUDE_EXTENSION_H -DTORCH_EXTENSION_NAME=libprimus_turbo_kernels --offload-arch=gfx950 -DPRIMUS_TURBO_GFX950
  creating /perf_apps/xiaoming/MegaMoE/build/lib
  /opt/rocm-7.2.1/bin/hipcc -fno-strict-overflow -Wsign-compare -DNDEBUG -g -O2 -Wall -shared -Wl,-O1 -Wl,-Bsymbolic-functions /perf_apps/xiaoming/MegaMoE/build/temp/csrc/kernels/deep_ep/internode.o /perf_apps/xiaoming/MegaMoE/build/temp/csrc/kernels/deep_ep/intranode.o /perf_apps/xiaoming/MegaMoE/build/temp/csrc/kernels/deep_ep/layout.o /perf_apps/xiaoming/MegaMoE/build/temp/csrc/kernels/deep_ep/runtime.o /perf_apps/xiaoming/MegaMoE/build/temp/csrc/kernels/gemm/ck/ck_gemm_kernel_instance_factory.o /perf_apps/xiaoming/MegaMoE/build/temp/csrc/kernels/gemm/ck/instantiations/ck_gemm_kernel_fp8_e4m3_bf16_gfx950.o /perf_apps/xiaoming/MegaMoE/build/temp/csrc/kernels/gemm/ck/instantiations/ck_gemm_kernel_fp8_e4m3_fp16_gfx950.o /perf_apps/xiaoming/MegaMoE/build/temp/csrc/kernels/gemm/ck/instantiations/ck_gemm_kernel_fp8_e4m3xe5m2_bf16_gfx950.o /perf_apps/xiaoming/MegaMoE/build/temp/csrc/kernels/gemm/ck/instantiations/ck_gemm_kernel_fp8_e4m3xe5m2_fp16_gfx950.o /perf_apps/xiaoming/MegaMoE/build/temp/csrc/kernels/gemm/ck/instantiations/ck_gemm_kernel_fp8_e5m2_bf16_gfx950.o /perf_apps/xiaoming/MegaMoE/build/temp/csrc/kernels/gemm/ck/instantiations/ck_gemm_kernel_fp8_e5m2_fp16_gfx950.o /perf_apps/xiaoming/MegaMoE/build/temp/csrc/kernels/gemm/ck/instantiations/ck_gemm_kernel_fp8_e5m2xe4m3_bf16_gfx950.o /perf_apps/xiaoming/MegaMoE/build/temp/csrc/kernels/gemm/ck/instantiations/ck_gemm_kernel_fp8_e5m2xe4m3_fp16_gfx950.o /perf_apps/xiaoming/MegaMoE/build/temp/csrc/kernels/gemm/ck_gemm.o /perf_apps/xiaoming/MegaMoE/build/temp/csrc/kernels/gemm/hipblaslt_gemm.o /perf_apps/xiaoming/MegaMoE/build/temp/csrc/kernels/gemm/turbo_gemm.o /perf_apps/xiaoming/MegaMoE/build/temp/csrc/kernels/grouped_gemm/ck/ck_grouped_gemm_kernel_instance_factory.o /perf_apps/xiaoming/MegaMoE/build/temp/csrc/kernels/grouped_gemm/ck/instantiations/ck_grouped_gemm_kernel_bf16.o /perf_apps/xiaoming/MegaMoE/build/temp/csrc/kernels/grouped_gemm/ck/instantiations/ck_grouped_gemm_kernel_fp16.o /perf_apps/xiaoming/MegaMoE/build/temp/csrc/kernels/grouped_gemm/ck/instantiations/ck_grouped_gemm_kernel_fp8_e4m3_bf16_gfx950.o /perf_apps/xiaoming/MegaMoE/build/temp/csrc/kernels/grouped_gemm/ck/instantiations/ck_grouped_gemm_kernel_fp8_e4m3_fp16_gfx950.o /perf_apps/xiaoming/MegaMoE/build/temp/csrc/kernels/grouped_gemm/ck/instantiations/ck_grouped_gemm_kernel_fp8_e4m3xe5m2_bf16_gfx950.o /perf_apps/xiaoming/MegaMoE/build/temp/csrc/kernels/grouped_gemm/ck/instantiations/ck_grouped_gemm_kernel_fp8_e4m3xe5m2_fp16_gfx950.o /perf_apps/xiaoming/MegaMoE/build/temp/csrc/kernels/grouped_gemm/ck/instantiations/ck_grouped_gemm_kernel_fp8_e5m2_bf16_gfx950.o /perf_apps/xiaoming/MegaMoE/build/temp/csrc/kernels/grouped_gemm/ck/instantiations/ck_grouped_gemm_kernel_fp8_e5m2_fp16_gfx950.o /perf_apps/xiaoming/MegaMoE/build/temp/csrc/kernels/grouped_gemm/ck/instantiations/ck_grouped_gemm_kernel_fp8_e5m2xe4m3_bf16_gfx950.o /perf_apps/xiaoming/MegaMoE/build/temp/csrc/kernels/grouped_gemm/ck/instantiations/ck_grouped_gemm_kernel_fp8_e5m2xe4m3_fp16_gfx950.o /perf_apps/xiaoming/MegaMoE/build/temp/csrc/kernels/grouped_gemm/ck_grouped_gemm.o /perf_apps/xiaoming/MegaMoE/build/temp/csrc/kernels/grouped_gemm/hipblaslt_grouped_gemm.o /perf_apps/xiaoming/MegaMoE/build/temp/csrc/kernels/moe_permute/moe_permute.o /perf_apps/xiaoming/MegaMoE/build/temp/csrc/kernels/normalization/normalization_bwd.o /perf_apps/xiaoming/MegaMoE/build/temp/csrc/kernels/normalization/normalization_fwd.o /perf_apps/xiaoming/MegaMoE/build/temp/csrc/kernels/odc_rocshmem/odc_rocshmem_gda.o /perf_apps/xiaoming/MegaMoE/build/temp/csrc/kernels/odc_rocshmem/odc_rocshmem_host.o /perf_apps/xiaoming/MegaMoE/build/temp/csrc/kernels/quantization/dequantization_mxfp4.o /perf_apps/xiaoming/MegaMoE/build/temp/csrc/kernels/quantization/dequantization_mxfp8.o /perf_apps/xiaoming/MegaMoE/build/temp/csrc/kernels/quantization/quantization_blockwise.o /perf_apps/xiaoming/MegaMoE/build/temp/csrc/kernels/quantization/quantization_mxfp4.o /perf_apps/xiaoming/MegaMoE/build/temp/csrc/kernels/quantization/quantization_mxfp8.o /perf_apps/xiaoming/MegaMoE/build/temp/csrc/kernels/quantization/quantization_rowwise.o /perf_apps/xiaoming/MegaMoE/build/temp/csrc/kernels/quantization/quantization_tensorwise.o /perf_apps/xiaoming/MegaMoE/build/temp/csrc/kernels/reduce/reduce.o /perf_apps/xiaoming/MegaMoE/build/temp/csrc/kernels/shuffle/shuffle.o /perf_apps/xiaoming/MegaMoE/build/temp/csrc/kernels/transpose/transpose_2d.o -L/opt/rocshmem/lib -L/usr/lib/x86_64-linux-gnu/openmpi/lib -L/opt/rocm/lib -L/usr/lib/x86_64-linux-gnu -lhipblaslt -lhipblas -lamdhip64 -o /perf_apps/xiaoming/MegaMoE/build/lib/libprimus_turbo_kernels.so -Wl,-rpath,/opt/rocm/lib -L/usr/lib/x86_64-linux-gnu -fgpu-rdc --hip-link -Xoffload-linker --allow-multiple-definition -shared -Wl,-soname,libprimus_turbo_kernels.so -Xoffload-linker --lto-partitions=1 -Wl,-rpath,/opt/rocshmem/lib -l:librocshmem.a -fgpu-rdc --hip-link -lamdhip64 -lhsa-runtime64 -l:libmpi.so -Wl,-rpath,/usr/lib/x86_64-linux-gnu/openmpi/lib -libverbs -lmlx5 /usr/lib/x86_64-linux-gnu/libionic.so.1.1.54.0-187 -Wl,-rpath,/usr/lib/x86_64-linux-gnu
  lld: warning: <unknown>:0:0: loop not unrolled: the optimizer was unable to perform the requested transformation; the transformation might be disabled or specified as part of an unsupported transformation ordering
  lld: warning: <unknown>:0:0: loop not unrolled: the optimizer was unable to perform the requested transformation; the transformation might be disabled or specified as part of an unsupported transformation ordering
  lld: warning: <unknown>:0:0: loop not unrolled: the optimizer was unable to perform the requested transformation; the transformation might be disabled or specified as part of an unsupported transformation ordering
  lld: warning: <unknown>:0:0: loop not unrolled: the optimizer was unable to perform the requested transformation; the transformation might be disabled or specified as part of an unsupported transformation ordering
  lld: warning: <unknown>:0:0: loop not unrolled: the optimizer was unable to perform the requested transformation; the transformation might be disabled or specified as part of an unsupported transformation ordering
  lld: warning: <unknown>:0:0: loop not unrolled: the optimizer was unable to perform the requested transformation; the transformation might be disabled or specified as part of an unsupported transformation ordering
  lld: warning: <unknown>:0:0: loop not unrolled: the optimizer was unable to perform the requested transformation; the transformation might be disabled or specified as part of an unsupported transformation ordering
  lld: warning: <unknown>:0:0: loop not unrolled: the optimizer was unable to perform the requested transformation; the transformation might be disabled or specified as part of an unsupported transformation ordering
  lld: warning: <unknown>:0:0: loop not unrolled: the optimizer was unable to perform the requested transformation; the transformation might be disabled or specified as part of an unsupported transformation ordering
  lld: warning: <unknown>:0:0: loop not unrolled: the optimizer was unable to perform the requested transformation; the transformation might be disabled or specified as part of an unsupported transformation ordering
  lld: warning: <unknown>:0:0: loop not unrolled: the optimizer was unable to perform the requested transformation; the transformation might be disabled or specified as part of an unsupported transformation ordering
  lld: warning: <unknown>:0:0: loop not unrolled: the optimizer was unable to perform the requested transformation; the transformation might be disabled or specified as part of an unsupported transformation ordering
  lld: warning: <unknown>:0:0: loop not unrolled: the optimizer was unable to perform the requested transformation; the transformation might be disabled or specified as part of an unsupported transformation ordering
  lld: warning: <unknown>:0:0: loop not unrolled: the optimizer was unable to perform the requested transformation; the transformation might be disabled or specified as part of an unsupported transformation ordering
  lld: warning: <unknown>:0:0: loop not unrolled: the optimizer was unable to perform the requested transformation; the transformation might be disabled or specified as part of an unsupported transformation ordering
  lld: warning: <unknown>:0:0: loop not unrolled: the optimizer was unable to perform the requested transformation; the transformation might be disabled or specified as part of an unsupported transformation ordering
  lld: warning: <unknown>:0:0: loop not unrolled: the optimizer was unable to perform the requested transformation; the transformation might be disabled or specified as part of an unsupported transformation ordering
  lld: warning: <unknown>:0:0: loop not unrolled: the optimizer was unable to perform the requested transformation; the transformation might be disabled or specified as part of an unsupported transformation ordering
  lld: warning: <unknown>:0:0: loop not unrolled: the optimizer was unable to perform the requested transformation; the transformation might be disabled or specified as part of an unsupported transformation ordering
  lld: warning: <unknown>:0:0: loop not unrolled: the optimizer was unable to perform the requested transformation; the transformation might be disabled or specified as part of an unsupported transformation ordering
  lld: warning: <unknown>:0:0: loop not unrolled: the optimizer was unable to perform the requested transformation; the transformation might be disabled or specified as part of an unsupported transformation ordering
  lld: warning: <unknown>:0:0: loop not unrolled: the optimizer was unable to perform the requested transformation; the transformation might be disabled or specified as part of an unsupported transformation ordering
  lld: warning: <unknown>:0:0: loop not unrolled: the optimizer was unable to perform the requested transformation; the transformation might be disabled or specified as part of an unsupported transformation ordering
  lld: warning: <unknown>:0:0: loop not unrolled: the optimizer was unable to perform the requested transformation; the transformation might be disabled or specified as part of an unsupported transformation ordering
  lld: warning: <unknown>:0:0: loop not unrolled: the optimizer was unable to perform the requested transformation; the transformation might be disabled or specified as part of an unsupported transformation ordering
  lld: warning: <unknown>:0:0: loop not unrolled: the optimizer was unable to perform the requested transformation; the transformation might be disabled or specified as part of an unsupported transformation ordering
  lld: warning: <unknown>:0:0: loop not unrolled: the optimizer was unable to perform the requested transformation; the transformation might be disabled or specified as part of an unsupported transformation ordering
  lld: warning: <unknown>:0:0: loop not unrolled: the optimizer was unable to perform the requested transformation; the transformation might be disabled or specified as part of an unsupported transformation ordering
  lld: warning: <unknown>:0:0: loop not unrolled: the optimizer was unable to perform the requested transformation; the transformation might be disabled or specified as part of an unsupported transformation ordering
  lld: warning: <unknown>:0:0: loop not unrolled: the optimizer was unable to perform the requested transformation; the transformation might be disabled or specified as part of an unsupported transformation ordering
  lld: warning: <unknown>:0:0: loop not unrolled: the optimizer was unable to perform the requested transformation; the transformation might be disabled or specified as part of an unsupported transformation ordering
  lld: warning: <unknown>:0:0: loop not unrolled: the optimizer was unable to perform the requested transformation; the transformation might be disabled or specified as part of an unsupported transformation ordering
  lld: warning: <unknown>:0:0: loop not unrolled: the optimizer was unable to perform the requested transformation; the transformation might be disabled or specified as part of an unsupported transformation ordering
  lld: warning: <unknown>:0:0: loop not unrolled: the optimizer was unable to perform the requested transformation; the transformation might be disabled or specified as part of an unsupported transformation ordering
  lld: warning: <unknown>:0:0: loop not unrolled: the optimizer was unable to perform the requested transformation; the transformation might be disabled or specified as part of an unsupported transformation ordering
  lld: warning: <unknown>:0:0: loop not unrolled: the optimizer was unable to perform the requested transformation; the transformation might be disabled or specified as part of an unsupported transformation ordering
  lld: warning: <unknown>:0:0: loop not unrolled: the optimizer was unable to perform the requested transformation; the transformation might be disabled or specified as part of an unsupported transformation ordering
  lld: warning: <unknown>:0:0: loop not unrolled: the optimizer was unable to perform the requested transformation; the transformation might be disabled or specified as part of an unsupported transformation ordering
  lld: warning: <unknown>:0:0: loop not unrolled: the optimizer was unable to perform the requested transformation; the transformation might be disabled or specified as part of an unsupported transformation ordering
  lld: warning: <unknown>:0:0: loop not unrolled: the optimizer was unable to perform the requested transformation; the transformation might be disabled or specified as part of an unsupported transformation ordering
  lld: warning: <unknown>:0:0: loop not unrolled: the optimizer was unable to perform the requested transformation; the transformation might be disabled or specified as part of an unsupported transformation ordering
  lld: warning: <unknown>:0:0: loop not unrolled: the optimizer was unable to perform the requested transformation; the transformation might be disabled or specified as part of an unsupported transformation ordering
  lld: warning: <unknown>:0:0: loop not unrolled: the optimizer was unable to perform the requested transformation; the transformation might be disabled or specified as part of an unsupported transformation ordering
  lld: warning: <unknown>:0:0: loop not unrolled: the optimizer was unable to perform the requested transformation; the transformation might be disabled or specified as part of an unsupported transformation ordering
  lld: warning: <unknown>:0:0: loop not unrolled: the optimizer was unable to perform the requested transformation; the transformation might be disabled or specified as part of an unsupported transformation ordering
  lld: warning: <unknown>:0:0: loop not unrolled: the optimizer was unable to perform the requested transformation; the transformation might be disabled or specified as part of an unsupported transformation ordering
  lld: warning: <unknown>:0:0: loop not unrolled: the optimizer was unable to perform the requested transformation; the transformation might be disabled or specified as part of an unsupported transformation ordering
  lld: warning: <unknown>:0:0: loop not unrolled: the optimizer was unable to perform the requested transformation; the transformation might be disabled or specified as part of an unsupported transformation ordering
  lld: warning: <unknown>:0:0: loop not unrolled: the optimizer was unable to perform the requested transformation; the transformation might be disabled or specified as part of an unsupported transformation ordering
  lld: warning: <unknown>:0:0: loop not unrolled: the optimizer was unable to perform the requested transformation; the transformation might be disabled or specified as part of an unsupported transformation ordering
  lld: warning: <unknown>:0:0: loop not unrolled: the optimizer was unable to perform the requested transformation; the transformation might be disabled or specified as part of an unsupported transformation ordering
  lld: warning: <unknown>:0:0: loop not unrolled: the optimizer was unable to perform the requested transformation; the transformation might be disabled or specified as part of an unsupported transformation ordering
  lld: warning: <unknown>:0:0: loop not unrolled: the optimizer was unable to perform the requested transformation; the transformation might be disabled or specified as part of an unsupported transformation ordering
  lld: warning: <unknown>:0:0: loop not unrolled: the optimizer was unable to perform the requested transformation; the transformation might be disabled or specified as part of an unsupported transformation ordering
  lld: warning: <unknown>:0:0: loop not unrolled: the optimizer was unable to perform the requested transformation; the transformation might be disabled or specified as part of an unsupported transformation ordering
  lld: warning: <unknown>:0:0: loop not unrolled: the optimizer was unable to perform the requested transformation; the transformation might be disabled or specified as part of an unsupported transformation ordering
  lld: warning: <unknown>:0:0: loop not unrolled: the optimizer was unable to perform the requested transformation; the transformation might be disabled or specified as part of an unsupported transformation ordering
  lld: warning: <unknown>:0:0: loop not unrolled: the optimizer was unable to perform the requested transformation; the transformation might be disabled or specified as part of an unsupported transformation ordering
  [TurboBuildExt] Copied libprimus_turbo_kernels.so to:
    -  primus_turbo/lib
    -  /perf_apps/xiaoming/MegaMoE/build/lib/primus_turbo/lib
  building 'primus_turbo.pytorch._C' extension
  creating /perf_apps/xiaoming/MegaMoE/build/temp/csrc/pytorch
  creating /perf_apps/xiaoming/MegaMoE/build/temp/csrc/pytorch/deep_ep
  creating /perf_apps/xiaoming/MegaMoE/build/temp/csrc/pytorch/dist
  creating /perf_apps/xiaoming/MegaMoE/build/temp/csrc/pytorch/gemm
  creating /perf_apps/xiaoming/MegaMoE/build/temp/csrc/pytorch/grouped_gemm
  creating /perf_apps/xiaoming/MegaMoE/build/temp/csrc/pytorch/moe_permute
  creating /perf_apps/xiaoming/MegaMoE/build/temp/csrc/pytorch/quantization
  creating /perf_apps/xiaoming/MegaMoE/build/temp/csrc/pytorch/runtime
  creating /perf_apps/xiaoming/MegaMoE/build/temp/csrc/pytorch/shuffle
  creating /perf_apps/xiaoming/MegaMoE/build/temp/csrc/pytorch/transpose
  [1/20] /opt/rocm-7.2.1/bin/hipcc -MMD -MF /perf_apps/xiaoming/MegaMoE/build/temp/csrc/pytorch/deep_ep/deep_ep_hip.o.d -fno-strict-overflow -Wsign-compare -DNDEBUG -g -O2 -Wall -fPIC -I/perf_apps/xiaoming/MegaMoE/csrc -I/perf_apps/xiaoming/MegaMoE/csrc/include -I/perf_apps/xiaoming/MegaMoE/3rdparty/composable_kernel/include -I/opt/venv/lib/python3.12/site-packages/torch/include -I/opt/venv/lib/python3.12/site-packages/torch/include/torch/csrc/api/include -I/opt/venv/lib/python3.12/site-packages/torch/include/THH -I/opt/rocm-7.2.1/include -I/opt/venv/include -I/usr/include/python3.12 -c -c /perf_apps/xiaoming/MegaMoE/csrc/pytorch/deep_ep/deep_ep_hip.cpp -o /perf_apps/xiaoming/MegaMoE/build/temp/csrc/pytorch/deep_ep/deep_ep_hip.o -D__HIP_PLATFORM_AMD__=1 -DUSE_ROCM=1 -DHIPBLAS_V2 -fPIC -D__HIP_PLATFORM_AMD__=1 -DUSE_ROCM=1 -DHIPBLAS_V2 -fPIC -O3 -fvisibility=hidden -std=c++20 -fgpu-rdc -Wno-unknown-warning-option -DPRIMUS_TURBO_GFX950 --offload-arch=gfx950 -DCK_TILE_USE_OCP_FP8 -DTORCH_API_INCLUDE_EXTENSION_H -DTORCH_EXTENSION_NAME=_C
  /perf_apps/xiaoming/MegaMoE/csrc/pytorch/deep_ep/deep_ep_hip.cpp:963:33: warning: use of result of assignment to object of volatile-qualified type 'volatile int' is deprecated [-Wdeprecated-volatile]
    963 |         *moe_recv_counter = -1, *moe_recv_rdma_counter = -1;
        |                                 ^
  In file included from /perf_apps/xiaoming/MegaMoE/csrc/pytorch/deep_ep/deep_ep_hip.cpp:19:
  /perf_apps/xiaoming/MegaMoE/csrc/pytorch/deep_ep/deep_ep_hip.hpp:29:10: warning: private field 'low_latency_buffer_idx' is not used [-Wunused-private-field]
     29 |     int  low_latency_buffer_idx = 0;
        |          ^
  2 warnings generated when compiling for gfx950.
  /perf_apps/xiaoming/MegaMoE/csrc/pytorch/deep_ep/deep_ep_hip.cpp:963:33: warning: use of result of assignment to object of volatile-qualified type 'volatile int' is deprecated [-Wdeprecated-volatile]
    963 |         *moe_recv_counter = -1, *moe_recv_rdma_counter = -1;
        |                                 ^
  In file included from /perf_apps/xiaoming/MegaMoE/csrc/pytorch/deep_ep/deep_ep_hip.cpp:19:
  /perf_apps/xiaoming/MegaMoE/csrc/pytorch/deep_ep/deep_ep_hip.hpp:29:10: warning: private field 'low_latency_buffer_idx' is not used [-Wunused-private-field]
     29 |     int  low_latency_buffer_idx = 0;
        |          ^
  2 warnings generated when compiling for host.
  [2/20] /opt/rocm-7.2.1/bin/hipcc -MMD -MF /perf_apps/xiaoming/MegaMoE/build/temp/csrc/pytorch/moe_permute/moe_permute_meta.o.d -fno-strict-overflow -Wsign-compare -DNDEBUG -g -O2 -Wall -fPIC -I/perf_apps/xiaoming/MegaMoE/csrc -I/perf_apps/xiaoming/MegaMoE/csrc/include -I/perf_apps/xiaoming/MegaMoE/3rdparty/composable_kernel/include -I/opt/venv/lib/python3.12/site-packages/torch/include -I/opt/venv/lib/python3.12/site-packages/torch/include/torch/csrc/api/include -I/opt/venv/lib/python3.12/site-packages/torch/include/THH -I/opt/rocm-7.2.1/include -I/opt/venv/include -I/usr/include/python3.12 -c -c /perf_apps/xiaoming/MegaMoE/csrc/pytorch/moe_permute/moe_permute_meta.cpp -o /perf_apps/xiaoming/MegaMoE/build/temp/csrc/pytorch/moe_permute/moe_permute_meta.o -D__HIP_PLATFORM_AMD__=1 -DUSE_ROCM=1 -DHIPBLAS_V2 -fPIC -D__HIP_PLATFORM_AMD__=1 -DUSE_ROCM=1 -DHIPBLAS_V2 -fPIC -O3 -fvisibility=hidden -std=c++20 -fgpu-rdc -Wno-unknown-warning-option -DPRIMUS_TURBO_GFX950 --offload-arch=gfx950 -DCK_TILE_USE_OCP_FP8 -DTORCH_API_INCLUDE_EXTENSION_H -DTORCH_EXTENSION_NAME=_C
  [3/20] /opt/rocm-7.2.1/bin/hipcc -MMD -MF /perf_apps/xiaoming/MegaMoE/build/temp/csrc/pytorch/gemm/gemm_meta_hip.o.d -fno-strict-overflow -Wsign-compare -DNDEBUG -g -O2 -Wall -fPIC -I/perf_apps/xiaoming/MegaMoE/csrc -I/perf_apps/xiaoming/MegaMoE/csrc/include -I/perf_apps/xiaoming/MegaMoE/3rdparty/composable_kernel/include -I/opt/venv/lib/python3.12/site-packages/torch/include -I/opt/venv/lib/python3.12/site-packages/torch/include/torch/csrc/api/include -I/opt/venv/lib/python3.12/site-packages/torch/include/THH -I/opt/rocm-7.2.1/include -I/opt/venv/include -I/usr/include/python3.12 -c -c /perf_apps/xiaoming/MegaMoE/csrc/pytorch/gemm/gemm_meta_hip.cpp -o /perf_apps/xiaoming/MegaMoE/build/temp/csrc/pytorch/gemm/gemm_meta_hip.o -D__HIP_PLATFORM_AMD__=1 -DUSE_ROCM=1 -DHIPBLAS_V2 -fPIC -D__HIP_PLATFORM_AMD__=1 -DUSE_ROCM=1 -DHIPBLAS_V2 -fPIC -O3 -fvisibility=hidden -std=c++20 -fgpu-rdc -Wno-unknown-warning-option -DPRIMUS_TURBO_GFX950 --offload-arch=gfx950 -DCK_TILE_USE_OCP_FP8 -DTORCH_API_INCLUDE_EXTENSION_H -DTORCH_EXTENSION_NAME=_C
  [4/20] /opt/rocm-7.2.1/bin/hipcc -MMD -MF /perf_apps/xiaoming/MegaMoE/build/temp/csrc/pytorch/transpose/transpose_meta_hip.o.d -fno-strict-overflow -Wsign-compare -DNDEBUG -g -O2 -Wall -fPIC -I/perf_apps/xiaoming/MegaMoE/csrc -I/perf_apps/xiaoming/MegaMoE/csrc/include -I/perf_apps/xiaoming/MegaMoE/3rdparty/composable_kernel/include -I/opt/venv/lib/python3.12/site-packages/torch/include -I/opt/venv/lib/python3.12/site-packages/torch/include/torch/csrc/api/include -I/opt/venv/lib/python3.12/site-packages/torch/include/THH -I/opt/rocm-7.2.1/include -I/opt/venv/include -I/usr/include/python3.12 -c -c /perf_apps/xiaoming/MegaMoE/csrc/pytorch/transpose/transpose_meta_hip.cpp -o /perf_apps/xiaoming/MegaMoE/build/temp/csrc/pytorch/transpose/transpose_meta_hip.o -D__HIP_PLATFORM_AMD__=1 -DUSE_ROCM=1 -DHIPBLAS_V2 -fPIC -D__HIP_PLATFORM_AMD__=1 -DUSE_ROCM=1 -DHIPBLAS_V2 -fPIC -O3 -fvisibility=hidden -std=c++20 -fgpu-rdc -Wno-unknown-warning-option -DPRIMUS_TURBO_GFX950 --offload-arch=gfx950 -DCK_TILE_USE_OCP_FP8 -DTORCH_API_INCLUDE_EXTENSION_H -DTORCH_EXTENSION_NAME=_C
  [5/20] /opt/rocm-7.2.1/bin/hipcc -MMD -MF /perf_apps/xiaoming/MegaMoE/build/temp/csrc/pytorch/shuffle/shuffle_hip.o.d -fno-strict-overflow -Wsign-compare -DNDEBUG -g -O2 -Wall -fPIC -I/perf_apps/xiaoming/MegaMoE/csrc -I/perf_apps/xiaoming/MegaMoE/csrc/include -I/perf_apps/xiaoming/MegaMoE/3rdparty/composable_kernel/include -I/opt/venv/lib/python3.12/site-packages/torch/include -I/opt/venv/lib/python3.12/site-packages/torch/include/torch/csrc/api/include -I/opt/venv/lib/python3.12/site-packages/torch/include/THH -I/opt/rocm-7.2.1/include -I/opt/venv/include -I/usr/include/python3.12 -c -c /perf_apps/xiaoming/MegaMoE/csrc/pytorch/shuffle/shuffle_hip.cpp -o /perf_apps/xiaoming/MegaMoE/build/temp/csrc/pytorch/shuffle/shuffle_hip.o -D__HIP_PLATFORM_AMD__=1 -DUSE_ROCM=1 -DHIPBLAS_V2 -fPIC -D__HIP_PLATFORM_AMD__=1 -DUSE_ROCM=1 -DHIPBLAS_V2 -fPIC -O3 -fvisibility=hidden -std=c++20 -fgpu-rdc -Wno-unknown-warning-option -DPRIMUS_TURBO_GFX950 --offload-arch=gfx950 -DCK_TILE_USE_OCP_FP8 -DTORCH_API_INCLUDE_EXTENSION_H -DTORCH_EXTENSION_NAME=_C
  [6/20] /opt/rocm-7.2.1/bin/hipcc -MMD -MF /perf_apps/xiaoming/MegaMoE/build/temp/csrc/pytorch/grouped_gemm/grouped_gemm_meta_hip.o.d -fno-strict-overflow -Wsign-compare -DNDEBUG -g -O2 -Wall -fPIC -I/perf_apps/xiaoming/MegaMoE/csrc -I/perf_apps/xiaoming/MegaMoE/csrc/include -I/perf_apps/xiaoming/MegaMoE/3rdparty/composable_kernel/include -I/opt/venv/lib/python3.12/site-packages/torch/include -I/opt/venv/lib/python3.12/site-packages/torch/include/torch/csrc/api/include -I/opt/venv/lib/python3.12/site-packages/torch/include/THH -I/opt/rocm-7.2.1/include -I/opt/venv/include -I/usr/include/python3.12 -c -c /perf_apps/xiaoming/MegaMoE/csrc/pytorch/grouped_gemm/grouped_gemm_meta_hip.cpp -o /perf_apps/xiaoming/MegaMoE/build/temp/csrc/pytorch/grouped_gemm/grouped_gemm_meta_hip.o -D__HIP_PLATFORM_AMD__=1 -DUSE_ROCM=1 -DHIPBLAS_V2 -fPIC -D__HIP_PLATFORM_AMD__=1 -DUSE_ROCM=1 -DHIPBLAS_V2 -fPIC -O3 -fvisibility=hidden -std=c++20 -fgpu-rdc -Wno-unknown-warning-option -DPRIMUS_TURBO_GFX950 --offload-arch=gfx950 -DCK_TILE_USE_OCP_FP8 -DTORCH_API_INCLUDE_EXTENSION_H -DTORCH_EXTENSION_NAME=_C
  [7/20] /opt/rocm-7.2.1/bin/hipcc -MMD -MF /perf_apps/xiaoming/MegaMoE/build/temp/csrc/pytorch/runtime/stream_hip.o.d -fno-strict-overflow -Wsign-compare -DNDEBUG -g -O2 -Wall -fPIC -I/perf_apps/xiaoming/MegaMoE/csrc -I/perf_apps/xiaoming/MegaMoE/csrc/include -I/perf_apps/xiaoming/MegaMoE/3rdparty/composable_kernel/include -I/opt/venv/lib/python3.12/site-packages/torch/include -I/opt/venv/lib/python3.12/site-packages/torch/include/torch/csrc/api/include -I/opt/venv/lib/python3.12/site-packages/torch/include/THH -I/opt/rocm-7.2.1/include -I/opt/venv/include -I/usr/include/python3.12 -c -c /perf_apps/xiaoming/MegaMoE/csrc/pytorch/runtime/stream_hip.cpp -o /perf_apps/xiaoming/MegaMoE/build/temp/csrc/pytorch/runtime/stream_hip.o -D__HIP_PLATFORM_AMD__=1 -DUSE_ROCM=1 -DHIPBLAS_V2 -fPIC -D__HIP_PLATFORM_AMD__=1 -DUSE_ROCM=1 -DHIPBLAS_V2 -fPIC -O3 -fvisibility=hidden -std=c++20 -fgpu-rdc -Wno-unknown-warning-option -DPRIMUS_TURBO_GFX950 --offload-arch=gfx950 -DCK_TILE_USE_OCP_FP8 -DTORCH_API_INCLUDE_EXTENSION_H -DTORCH_EXTENSION_NAME=_C
  [8/20] /opt/rocm-7.2.1/bin/hipcc -MMD -MF /perf_apps/xiaoming/MegaMoE/build/temp/csrc/pytorch/moe_permute/moe_permute_hip.o.d -fno-strict-overflow -Wsign-compare -DNDEBUG -g -O2 -Wall -fPIC -I/perf_apps/xiaoming/MegaMoE/csrc -I/perf_apps/xiaoming/MegaMoE/csrc/include -I/perf_apps/xiaoming/MegaMoE/3rdparty/composable_kernel/include -I/opt/venv/lib/python3.12/site-packages/torch/include -I/opt/venv/lib/python3.12/site-packages/torch/include/torch/csrc/api/include -I/opt/venv/lib/python3.12/site-packages/torch/include/THH -I/opt/rocm-7.2.1/include -I/opt/venv/include -I/usr/include/python3.12 -c -c /perf_apps/xiaoming/MegaMoE/csrc/pytorch/moe_permute/moe_permute_hip.cpp -o /perf_apps/xiaoming/MegaMoE/build/temp/csrc/pytorch/moe_permute/moe_permute_hip.o -D__HIP_PLATFORM_AMD__=1 -DUSE_ROCM=1 -DHIPBLAS_V2 -fPIC -D__HIP_PLATFORM_AMD__=1 -DUSE_ROCM=1 -DHIPBLAS_V2 -fPIC -O3 -fvisibility=hidden -std=c++20 -fgpu-rdc -Wno-unknown-warning-option -DPRIMUS_TURBO_GFX950 --offload-arch=gfx950 -DCK_TILE_USE_OCP_FP8 -DTORCH_API_INCLUDE_EXTENSION_H -DTORCH_EXTENSION_NAME=_C
  [9/20] /opt/rocm-7.2.1/bin/hipcc -MMD -MF /perf_apps/xiaoming/MegaMoE/build/temp/csrc/pytorch/transpose/transpose_hip.o.d -fno-strict-overflow -Wsign-compare -DNDEBUG -g -O2 -Wall -fPIC -I/perf_apps/xiaoming/MegaMoE/csrc -I/perf_apps/xiaoming/MegaMoE/csrc/include -I/perf_apps/xiaoming/MegaMoE/3rdparty/composable_kernel/include -I/opt/venv/lib/python3.12/site-packages/torch/include -I/opt/venv/lib/python3.12/site-packages/torch/include/torch/csrc/api/include -I/opt/venv/lib/python3.12/site-packages/torch/include/THH -I/opt/rocm-7.2.1/include -I/opt/venv/include -I/usr/include/python3.12 -c -c /perf_apps/xiaoming/MegaMoE/csrc/pytorch/transpose/transpose_hip.cpp -o /perf_apps/xiaoming/MegaMoE/build/temp/csrc/pytorch/transpose/transpose_hip.o -D__HIP_PLATFORM_AMD__=1 -DUSE_ROCM=1 -DHIPBLAS_V2 -fPIC -D__HIP_PLATFORM_AMD__=1 -DUSE_ROCM=1 -DHIPBLAS_V2 -fPIC -O3 -fvisibility=hidden -std=c++20 -fgpu-rdc -Wno-unknown-warning-option -DPRIMUS_TURBO_GFX950 --offload-arch=gfx950 -DCK_TILE_USE_OCP_FP8 -DTORCH_API_INCLUDE_EXTENSION_H -DTORCH_EXTENSION_NAME=_C
  [10/20] /opt/rocm-7.2.1/bin/hipcc -MMD -MF /perf_apps/xiaoming/MegaMoE/build/temp/csrc/pytorch/shuffle/shuffle_meta_hip.o.d -fno-strict-overflow -Wsign-compare -DNDEBUG -g -O2 -Wall -fPIC -I/perf_apps/xiaoming/MegaMoE/csrc -I/perf_apps/xiaoming/MegaMoE/csrc/include -I/perf_apps/xiaoming/MegaMoE/3rdparty/composable_kernel/include -I/opt/venv/lib/python3.12/site-packages/torch/include -I/opt/venv/lib/python3.12/site-packages/torch/include/torch/csrc/api/include -I/opt/venv/lib/python3.12/site-packages/torch/include/THH -I/opt/rocm-7.2.1/include -I/opt/venv/include -I/usr/include/python3.12 -c -c /perf_apps/xiaoming/MegaMoE/csrc/pytorch/shuffle/shuffle_meta_hip.cpp -o /perf_apps/xiaoming/MegaMoE/build/temp/csrc/pytorch/shuffle/shuffle_meta_hip.o -D__HIP_PLATFORM_AMD__=1 -DUSE_ROCM=1 -DHIPBLAS_V2 -fPIC -D__HIP_PLATFORM_AMD__=1 -DUSE_ROCM=1 -DHIPBLAS_V2 -fPIC -O3 -fvisibility=hidden -std=c++20 -fgpu-rdc -Wno-unknown-warning-option -DPRIMUS_TURBO_GFX950 --offload-arch=gfx950 -DCK_TILE_USE_OCP_FP8 -DTORCH_API_INCLUDE_EXTENSION_H -DTORCH_EXTENSION_NAME=_C
  [11/20] /opt/rocm-7.2.1/bin/hipcc -MMD -MF /perf_apps/xiaoming/MegaMoE/build/temp/csrc/pytorch/gemm/turbo_gemm_hip.o.d -fno-strict-overflow -Wsign-compare -DNDEBUG -g -O2 -Wall -fPIC -I/perf_apps/xiaoming/MegaMoE/csrc -I/perf_apps/xiaoming/MegaMoE/csrc/include -I/perf_apps/xiaoming/MegaMoE/3rdparty/composable_kernel/include -I/opt/venv/lib/python3.12/site-packages/torch/include -I/opt/venv/lib/python3.12/site-packages/torch/include/torch/csrc/api/include -I/opt/venv/lib/python3.12/site-packages/torch/include/THH -I/opt/rocm-7.2.1/include -I/opt/venv/include -I/usr/include/python3.12 -c -c /perf_apps/xiaoming/MegaMoE/csrc/pytorch/gemm/turbo_gemm_hip.cpp -o /perf_apps/xiaoming/MegaMoE/build/temp/csrc/pytorch/gemm/turbo_gemm_hip.o -D__HIP_PLATFORM_AMD__=1 -DUSE_ROCM=1 -DHIPBLAS_V2 -fPIC -D__HIP_PLATFORM_AMD__=1 -DUSE_ROCM=1 -DHIPBLAS_V2 -fPIC -O3 -fvisibility=hidden -std=c++20 -fgpu-rdc -Wno-unknown-warning-option -DPRIMUS_TURBO_GFX950 --offload-arch=gfx950 -DCK_TILE_USE_OCP_FP8 -DTORCH_API_INCLUDE_EXTENSION_H -DTORCH_EXTENSION_NAME=_C
  [12/20] /opt/rocm-7.2.1/bin/hipcc -MMD -MF /perf_apps/xiaoming/MegaMoE/build/temp/csrc/pytorch/dist/odc_rocshmem_host_hip.o.d -fno-strict-overflow -Wsign-compare -DNDEBUG -g -O2 -Wall -fPIC -I/perf_apps/xiaoming/MegaMoE/csrc -I/perf_apps/xiaoming/MegaMoE/csrc/include -I/perf_apps/xiaoming/MegaMoE/3rdparty/composable_kernel/include -I/opt/venv/lib/python3.12/site-packages/torch/include -I/opt/venv/lib/python3.12/site-packages/torch/include/torch/csrc/api/include -I/opt/venv/lib/python3.12/site-packages/torch/include/THH -I/opt/rocm-7.2.1/include -I/opt/venv/include -I/usr/include/python3.12 -c -c /perf_apps/xiaoming/MegaMoE/csrc/pytorch/dist/odc_rocshmem_host_hip.cpp -o /perf_apps/xiaoming/MegaMoE/build/temp/csrc/pytorch/dist/odc_rocshmem_host_hip.o -D__HIP_PLATFORM_AMD__=1 -DUSE_ROCM=1 -DHIPBLAS_V2 -fPIC -D__HIP_PLATFORM_AMD__=1 -DUSE_ROCM=1 -DHIPBLAS_V2 -fPIC -O3 -fvisibility=hidden -std=c++20 -fgpu-rdc -Wno-unknown-warning-option -DPRIMUS_TURBO_GFX950 --offload-arch=gfx950 -DCK_TILE_USE_OCP_FP8 -DTORCH_API_INCLUDE_EXTENSION_H -DTORCH_EXTENSION_NAME=_C
  [13/20] /opt/rocm-7.2.1/bin/hipcc -MMD -MF /perf_apps/xiaoming/MegaMoE/build/temp/csrc/pytorch/gemm/ck_gemm_hip.o.d -fno-strict-overflow -Wsign-compare -DNDEBUG -g -O2 -Wall -fPIC -I/perf_apps/xiaoming/MegaMoE/csrc -I/perf_apps/xiaoming/MegaMoE/csrc/include -I/perf_apps/xiaoming/MegaMoE/3rdparty/composable_kernel/include -I/opt/venv/lib/python3.12/site-packages/torch/include -I/opt/venv/lib/python3.12/site-packages/torch/include/torch/csrc/api/include -I/opt/venv/lib/python3.12/site-packages/torch/include/THH -I/opt/rocm-7.2.1/include -I/opt/venv/include -I/usr/include/python3.12 -c -c /perf_apps/xiaoming/MegaMoE/csrc/pytorch/gemm/ck_gemm_hip.cpp -o /perf_apps/xiaoming/MegaMoE/build/temp/csrc/pytorch/gemm/ck_gemm_hip.o -D__HIP_PLATFORM_AMD__=1 -DUSE_ROCM=1 -DHIPBLAS_V2 -fPIC -D__HIP_PLATFORM_AMD__=1 -DUSE_ROCM=1 -DHIPBLAS_V2 -fPIC -O3 -fvisibility=hidden -std=c++20 -fgpu-rdc -Wno-unknown-warning-option -DPRIMUS_TURBO_GFX950 --offload-arch=gfx950 -DCK_TILE_USE_OCP_FP8 -DTORCH_API_INCLUDE_EXTENSION_H -DTORCH_EXTENSION_NAME=_C
  [14/20] /opt/rocm-7.2.1/bin/hipcc -MMD -MF /perf_apps/xiaoming/MegaMoE/build/temp/csrc/pytorch/grouped_gemm/hipblaslt_grouped_gemm_hip.o.d -fno-strict-overflow -Wsign-compare -DNDEBUG -g -O2 -Wall -fPIC -I/perf_apps/xiaoming/MegaMoE/csrc -I/perf_apps/xiaoming/MegaMoE/csrc/include -I/perf_apps/xiaoming/MegaMoE/3rdparty/composable_kernel/include -I/opt/venv/lib/python3.12/site-packages/torch/include -I/opt/venv/lib/python3.12/site-packages/torch/include/torch/csrc/api/include -I/opt/venv/lib/python3.12/site-packages/torch/include/THH -I/opt/rocm-7.2.1/include -I/opt/venv/include -I/usr/include/python3.12 -c -c /perf_apps/xiaoming/MegaMoE/csrc/pytorch/grouped_gemm/hipblaslt_grouped_gemm_hip.cpp -o /perf_apps/xiaoming/MegaMoE/build/temp/csrc/pytorch/grouped_gemm/hipblaslt_grouped_gemm_hip.o -D__HIP_PLATFORM_AMD__=1 -DUSE_ROCM=1 -DHIPBLAS_V2 -fPIC -D__HIP_PLATFORM_AMD__=1 -DUSE_ROCM=1 -DHIPBLAS_V2 -fPIC -O3 -fvisibility=hidden -std=c++20 -fgpu-rdc -Wno-unknown-warning-option -DPRIMUS_TURBO_GFX950 --offload-arch=gfx950 -DCK_TILE_USE_OCP_FP8 -DTORCH_API_INCLUDE_EXTENSION_H -DTORCH_EXTENSION_NAME=_C
  [15/20] /opt/rocm-7.2.1/bin/hipcc -MMD -MF /perf_apps/xiaoming/MegaMoE/build/temp/csrc/pytorch/quantization/quantization_meta_hip.o.d -fno-strict-overflow -Wsign-compare -DNDEBUG -g -O2 -Wall -fPIC -I/perf_apps/xiaoming/MegaMoE/csrc -I/perf_apps/xiaoming/MegaMoE/csrc/include -I/perf_apps/xiaoming/MegaMoE/3rdparty/composable_kernel/include -I/opt/venv/lib/python3.12/site-packages/torch/include -I/opt/venv/lib/python3.12/site-packages/torch/include/torch/csrc/api/include -I/opt/venv/lib/python3.12/site-packages/torch/include/THH -I/opt/rocm-7.2.1/include -I/opt/venv/include -I/usr/include/python3.12 -c -c /perf_apps/xiaoming/MegaMoE/csrc/pytorch/quantization/quantization_meta_hip.cpp -o /perf_apps/xiaoming/MegaMoE/build/temp/csrc/pytorch/quantization/quantization_meta_hip.o -D__HIP_PLATFORM_AMD__=1 -DUSE_ROCM=1 -DHIPBLAS_V2 -fPIC -D__HIP_PLATFORM_AMD__=1 -DUSE_ROCM=1 -DHIPBLAS_V2 -fPIC -O3 -fvisibility=hidden -std=c++20 -fgpu-rdc -Wno-unknown-warning-option -DPRIMUS_TURBO_GFX950 --offload-arch=gfx950 -DCK_TILE_USE_OCP_FP8 -DTORCH_API_INCLUDE_EXTENSION_H -DTORCH_EXTENSION_NAME=_C
  [16/20] /opt/rocm-7.2.1/bin/hipcc -MMD -MF /perf_apps/xiaoming/MegaMoE/build/temp/csrc/pytorch/gemm/hipblaslt_gemm_hip.o.d -fno-strict-overflow -Wsign-compare -DNDEBUG -g -O2 -Wall -fPIC -I/perf_apps/xiaoming/MegaMoE/csrc -I/perf_apps/xiaoming/MegaMoE/csrc/include -I/perf_apps/xiaoming/MegaMoE/3rdparty/composable_kernel/include -I/opt/venv/lib/python3.12/site-packages/torch/include -I/opt/venv/lib/python3.12/site-packages/torch/include/torch/csrc/api/include -I/opt/venv/lib/python3.12/site-packages/torch/include/THH -I/opt/rocm-7.2.1/include -I/opt/venv/include -I/usr/include/python3.12 -c -c /perf_apps/xiaoming/MegaMoE/csrc/pytorch/gemm/hipblaslt_gemm_hip.cpp -o /perf_apps/xiaoming/MegaMoE/build/temp/csrc/pytorch/gemm/hipblaslt_gemm_hip.o -D__HIP_PLATFORM_AMD__=1 -DUSE_ROCM=1 -DHIPBLAS_V2 -fPIC -D__HIP_PLATFORM_AMD__=1 -DUSE_ROCM=1 -DHIPBLAS_V2 -fPIC -O3 -fvisibility=hidden -std=c++20 -fgpu-rdc -Wno-unknown-warning-option -DPRIMUS_TURBO_GFX950 --offload-arch=gfx950 -DCK_TILE_USE_OCP_FP8 -DTORCH_API_INCLUDE_EXTENSION_H -DTORCH_EXTENSION_NAME=_C
  [17/20] /opt/rocm-7.2.1/bin/hipcc -MMD -MF /perf_apps/xiaoming/MegaMoE/build/temp/csrc/pytorch/dist/odc_rocshmem_gda_hip.o.d -fno-strict-overflow -Wsign-compare -DNDEBUG -g -O2 -Wall -fPIC -I/perf_apps/xiaoming/MegaMoE/csrc -I/perf_apps/xiaoming/MegaMoE/csrc/include -I/perf_apps/xiaoming/MegaMoE/3rdparty/composable_kernel/include -I/opt/venv/lib/python3.12/site-packages/torch/include -I/opt/venv/lib/python3.12/site-packages/torch/include/torch/csrc/api/include -I/opt/venv/lib/python3.12/site-packages/torch/include/THH -I/opt/rocm-7.2.1/include -I/opt/venv/include -I/usr/include/python3.12 -c -c /perf_apps/xiaoming/MegaMoE/csrc/pytorch/dist/odc_rocshmem_gda_hip.cpp -o /perf_apps/xiaoming/MegaMoE/build/temp/csrc/pytorch/dist/odc_rocshmem_gda_hip.o -D__HIP_PLATFORM_AMD__=1 -DUSE_ROCM=1 -DHIPBLAS_V2 -fPIC -D__HIP_PLATFORM_AMD__=1 -DUSE_ROCM=1 -DHIPBLAS_V2 -fPIC -O3 -fvisibility=hidden -std=c++20 -fgpu-rdc -Wno-unknown-warning-option -DPRIMUS_TURBO_GFX950 --offload-arch=gfx950 -DCK_TILE_USE_OCP_FP8 -DTORCH_API_INCLUDE_EXTENSION_H -DTORCH_EXTENSION_NAME=_C
  [18/20] /opt/rocm-7.2.1/bin/hipcc -MMD -MF /perf_apps/xiaoming/MegaMoE/build/temp/csrc/pytorch/grouped_gemm/ck_grouped_gemm_hip.o.d -fno-strict-overflow -Wsign-compare -DNDEBUG -g -O2 -Wall -fPIC -I/perf_apps/xiaoming/MegaMoE/csrc -I/perf_apps/xiaoming/MegaMoE/csrc/include -I/perf_apps/xiaoming/MegaMoE/3rdparty/composable_kernel/include -I/opt/venv/lib/python3.12/site-packages/torch/include -I/opt/venv/lib/python3.12/site-packages/torch/include/torch/csrc/api/include -I/opt/venv/lib/python3.12/site-packages/torch/include/THH -I/opt/rocm-7.2.1/include -I/opt/venv/include -I/usr/include/python3.12 -c -c /perf_apps/xiaoming/MegaMoE/csrc/pytorch/grouped_gemm/ck_grouped_gemm_hip.cpp -o /perf_apps/xiaoming/MegaMoE/build/temp/csrc/pytorch/grouped_gemm/ck_grouped_gemm_hip.o -D__HIP_PLATFORM_AMD__=1 -DUSE_ROCM=1 -DHIPBLAS_V2 -fPIC -D__HIP_PLATFORM_AMD__=1 -DUSE_ROCM=1 -DHIPBLAS_V2 -fPIC -O3 -fvisibility=hidden -std=c++20 -fgpu-rdc -Wno-unknown-warning-option -DPRIMUS_TURBO_GFX950 --offload-arch=gfx950 -DCK_TILE_USE_OCP_FP8 -DTORCH_API_INCLUDE_EXTENSION_H -DTORCH_EXTENSION_NAME=_C
  [19/20] /opt/rocm-7.2.1/bin/hipcc -MMD -MF /perf_apps/xiaoming/MegaMoE/build/temp/csrc/pytorch/quantization/quantization_hip.o.d -fno-strict-overflow -Wsign-compare -DNDEBUG -g -O2 -Wall -fPIC -I/perf_apps/xiaoming/MegaMoE/csrc -I/perf_apps/xiaoming/MegaMoE/csrc/include -I/perf_apps/xiaoming/MegaMoE/3rdparty/composable_kernel/include -I/opt/venv/lib/python3.12/site-packages/torch/include -I/opt/venv/lib/python3.12/site-packages/torch/include/torch/csrc/api/include -I/opt/venv/lib/python3.12/site-packages/torch/include/THH -I/opt/rocm-7.2.1/include -I/opt/venv/include -I/usr/include/python3.12 -c -c /perf_apps/xiaoming/MegaMoE/csrc/pytorch/quantization/quantization_hip.cpp -o /perf_apps/xiaoming/MegaMoE/build/temp/csrc/pytorch/quantization/quantization_hip.o -D__HIP_PLATFORM_AMD__=1 -DUSE_ROCM=1 -DHIPBLAS_V2 -fPIC -D__HIP_PLATFORM_AMD__=1 -DUSE_ROCM=1 -DHIPBLAS_V2 -fPIC -O3 -fvisibility=hidden -std=c++20 -fgpu-rdc -Wno-unknown-warning-option -DPRIMUS_TURBO_GFX950 --offload-arch=gfx950 -DCK_TILE_USE_OCP_FP8 -DTORCH_API_INCLUDE_EXTENSION_H -DTORCH_EXTENSION_NAME=_C
  [20/20] /opt/rocm-7.2.1/bin/hipcc -MMD -MF /perf_apps/xiaoming/MegaMoE/build/temp/csrc/pytorch/bindings_pytorch_hip.o.d -fno-strict-overflow -Wsign-compare -DNDEBUG -g -O2 -Wall -fPIC -I/perf_apps/xiaoming/MegaMoE/csrc -I/perf_apps/xiaoming/MegaMoE/csrc/include -I/perf_apps/xiaoming/MegaMoE/3rdparty/composable_kernel/include -I/opt/venv/lib/python3.12/site-packages/torch/include -I/opt/venv/lib/python3.12/site-packages/torch/include/torch/csrc/api/include -I/opt/venv/lib/python3.12/site-packages/torch/include/THH -I/opt/rocm-7.2.1/include -I/opt/venv/include -I/usr/include/python3.12 -c -c /perf_apps/xiaoming/MegaMoE/csrc/pytorch/bindings_pytorch_hip.cpp -o /perf_apps/xiaoming/MegaMoE/build/temp/csrc/pytorch/bindings_pytorch_hip.o -D__HIP_PLATFORM_AMD__=1 -DUSE_ROCM=1 -DHIPBLAS_V2 -fPIC -D__HIP_PLATFORM_AMD__=1 -DUSE_ROCM=1 -DHIPBLAS_V2 -fPIC -O3 -fvisibility=hidden -std=c++20 -fgpu-rdc -Wno-unknown-warning-option -DPRIMUS_TURBO_GFX950 --offload-arch=gfx950 -DCK_TILE_USE_OCP_FP8 -DTORCH_API_INCLUDE_EXTENSION_H -DTORCH_EXTENSION_NAME=_C
  creating /perf_apps/xiaoming/MegaMoE/build/lib/primus_turbo/pytorch
  /opt/rocm-7.2.1/bin/hipcc -fno-strict-overflow -Wsign-compare -DNDEBUG -g -O2 -Wall -shared -Wl,-O1 -Wl,-Bsymbolic-functions /perf_apps/xiaoming/MegaMoE/build/temp/csrc/pytorch/bindings_pytorch_hip.o /perf_apps/xiaoming/MegaMoE/build/temp/csrc/pytorch/deep_ep/deep_ep_hip.o /perf_apps/xiaoming/MegaMoE/build/temp/csrc/pytorch/dist/odc_rocshmem_gda_hip.o /perf_apps/xiaoming/MegaMoE/build/temp/csrc/pytorch/dist/odc_rocshmem_host_hip.o /perf_apps/xiaoming/MegaMoE/build/temp/csrc/pytorch/gemm/ck_gemm_hip.o /perf_apps/xiaoming/MegaMoE/build/temp/csrc/pytorch/gemm/gemm_meta_hip.o /perf_apps/xiaoming/MegaMoE/build/temp/csrc/pytorch/gemm/hipblaslt_gemm_hip.o /perf_apps/xiaoming/MegaMoE/build/temp/csrc/pytorch/gemm/turbo_gemm_hip.o /perf_apps/xiaoming/MegaMoE/build/temp/csrc/pytorch/grouped_gemm/ck_grouped_gemm_hip.o /perf_apps/xiaoming/MegaMoE/build/temp/csrc/pytorch/grouped_gemm/grouped_gemm_meta_hip.o /perf_apps/xiaoming/MegaMoE/build/temp/csrc/pytorch/grouped_gemm/hipblaslt_grouped_gemm_hip.o /perf_apps/xiaoming/MegaMoE/build/temp/csrc/pytorch/moe_permute/moe_permute_hip.o /perf_apps/xiaoming/MegaMoE/build/temp/csrc/pytorch/moe_permute/moe_permute_meta.o /perf_apps/xiaoming/MegaMoE/build/temp/csrc/pytorch/quantization/quantization_hip.o /perf_apps/xiaoming/MegaMoE/build/temp/csrc/pytorch/quantization/quantization_meta_hip.o /perf_apps/xiaoming/MegaMoE/build/temp/csrc/pytorch/runtime/stream_hip.o /perf_apps/xiaoming/MegaMoE/build/temp/csrc/pytorch/shuffle/shuffle_hip.o /perf_apps/xiaoming/MegaMoE/build/temp/csrc/pytorch/shuffle/shuffle_meta_hip.o /perf_apps/xiaoming/MegaMoE/build/temp/csrc/pytorch/transpose/transpose_hip.o /perf_apps/xiaoming/MegaMoE/build/temp/csrc/pytorch/transpose/transpose_meta_hip.o -L/opt/venv/lib/python3.12/site-packages/torch/lib -L/opt/rocm-7.2.1/lib -L/opt/rocm-7.2.1/hip/lib -L/usr/lib/x86_64-linux-gnu -lc10 -ltorch -ltorch_cpu -ltorch_python -lamdhip64 -lc10_hip -ltorch_hip -o /perf_apps/xiaoming/MegaMoE/build/lib/primus_turbo/pytorch/_C.cpython-312-x86_64-linux-gnu.so -Wl,-rpath,$ORIGIN/../lib -L/perf_apps/xiaoming/MegaMoE/primus_turbo/lib -lprimus_turbo_kernels -Wl,-rpath,/opt/rocm/lib -L/usr/lib/x86_64-linux-gnu -fgpu-rdc --hip-link -Xoffload-linker --allow-multiple-definition
  copying /perf_apps/xiaoming/MegaMoE/build/lib/libprimus_turbo_kernels.so ->
  copying /perf_apps/xiaoming/MegaMoE/build/lib/primus_turbo/pytorch/_C.cpython-312-x86_64-linux-gnu.so -> primus_turbo/pytorch
  Editable install will be performed using a meta path finder.

  Options like `package-data`, `include/exclude-package-data` or
  `packages.find.exclude/include` may have no effect.

  adding '__editable___primus_turbo_0_0_0_finder.py'
  adding '__editable__.primus_turbo-0.0.0.pth'
  creating '/tmp/pip-ephem-wheel-cache-_rxb0_qg/wheels/71/25/82/05e3e11843d6e294e93cc290b85144a6a4a64939145af7b1db/tmpn7kahe3c/.tmp-7j5psygd/primus_turbo-0.0.0-0.editable-cp312-cp312-linux_x86_64.whl' and adding '/tmp/tmpt3jcce1wprimus_turbo-0.0.0-0.editable-cp312-cp312-linux_x86_64.whl' to it
  adding 'primus_turbo-0.0.0.dist-info/LICENSE'
  adding 'primus_turbo-0.0.0.dist-info/METADATA'
  adding 'primus_turbo-0.0.0.dist-info/WHEEL'
  adding 'primus_turbo-0.0.0.dist-info/top_level.txt'
  adding 'primus_turbo-0.0.0.dist-info/RECORD'
  /opt/venv/lib/python3.12/site-packages/setuptools/command/editable_wheel.py:343: InformationOnly: Editable installation.
  !!

          ********************************************************************************
          Please be careful with folders in your working directory with the same
          name as your package as they may take precedence during imports.
          ********************************************************************************

  !!
    with strategy, WheelFile(wheel_path, "w") as wheel_obj:
  Building editable for primus-turbo (pyproject.toml): finished with status 'done'
  Created wheel for primus-turbo: filename=primus_turbo-0.0.0-0.editable-cp312-cp312-linux_x86_64.whl size=7563 sha256=7ff8bc611571edddc90c4a8fb881b9ad721629468eb95f90dfa4f281fc72ced4
  Stored in directory: /tmp/pip-ephem-wheel-cache-_rxb0_qg/wheels/71/25/82/05e3e11843d6e294e93cc290b85144a6a4a64939145af7b1db
Successfully built primus-turbo
Installing collected packages: primus-turbo
Successfully installed primus-turbo-0.0.0

[notice] A new release of pip is available: 26.0.1 -> 26.1.2
[notice] To update, run: pip install --upgrade pip
pip rc=0  end: 05:53:08Z

===== built artifacts =====
-rwxr-xr-x 1 root root 53055216 Jul 17 05:52 primus_turbo/lib/libprimus_turbo_kernels.so
-rwxr-xr-x 1 root root 23735528 Jul 17 05:53 primus_turbo/pytorch/_C.cpython-312-x86_64-linux-gnu.so

===== import + ABI check =====
primus_turbo.__file__ -> /perf_apps/xiaoming/MegaMoE/primus_turbo/__init__.py
Traceback (most recent call last):
  File "<stdin>", line 5, in <module>
  File "<frozen importlib.util>", line 92, in find_spec
  File "/perf_apps/xiaoming/MegaMoE/primus_turbo/pytorch/__init__.py", line 5, in <module>
    import primus_turbo.pytorch.modules
  File "/perf_apps/xiaoming/MegaMoE/primus_turbo/pytorch/modules/__init__.py", line 1, in <module>
    from .attention import *
  File "/perf_apps/xiaoming/MegaMoE/primus_turbo/pytorch/modules/attention.py", line 12, in <module>
    from primus_turbo.pytorch.ops.attention import (
  File "/perf_apps/xiaoming/MegaMoE/primus_turbo/pytorch/ops/__init__.py", line 16, in <module>
    from .gemm_fp8 import *
  File "/perf_apps/xiaoming/MegaMoE/primus_turbo/pytorch/ops/gemm_fp8.py", line 29, in <module>
    from primus_turbo.pytorch.kernels.gemm.gemm_fp8_impl import gemm_fp8_impl
  File "/perf_apps/xiaoming/MegaMoE/primus_turbo/pytorch/kernels/gemm/gemm_fp8_impl.py", line 13, in <module>
    from primus_turbo.flydsl.gemm.gemm_fp8_kernel import gemm_fp8_tensorwise_flydsl_kernel
  File "/perf_apps/xiaoming/MegaMoE/primus_turbo/flydsl/gemm/gemm_fp8_kernel.py", line 20, in <module>
    from primus_turbo.flydsl.utils.gemm_helper import (
  File "/perf_apps/xiaoming/MegaMoE/primus_turbo/flydsl/utils/gemm_helper.py", line 13, in <module>
    from flydsl._mlir.dialects.fly_rocdl import TargetAddressSpace
ImportError: cannot import name 'TargetAddressSpace' from 'flydsl._mlir.dialects.fly_rocdl' (/opt/venv/lib/python3.12/site-packages/flydsl-0.1.1.dev409-py3.12-linux-x86_64.egg/flydsl/_mlir/dialects/fly_rocdl.py)
############ BUILD END 2026-07-17T05:53:10Z ############
